original_path,destination_path,category,bytes,sha256,status
INK_Core_Main_Program_v1.6.5_RC/ASSET_MANIFEST.json,product/source/ASSET_MANIFEST.json,PRODUCT,42295,336e8d97575fbdbd2b9681b34b44a3bea92bee7a41959eb898bb2f842be18946,BOUNDARY_PENDING
INK_Core_Main_Program_v1.6.5_RC/INK_v1.6.5_RC_MANIFEST_SHA256.txt,ARCHIVE/historical/INK_v1.6.5_RC_MANIFEST_SHA256.txt,ARCHIVE_CANDIDATE,216217,7a6ffaef76843e55ef19fa08b8481e588bb069d31e04e09e543ec66d57b675b1,ARCHIVED
INK_Core_Main_Program_v1.6.5_RC/INTELLIGENCE_CANDIDATES/Brush_Dependencies/Illustrator_Vector_Watercolor_Brush_Capability_Audit.json,research/source/INTELLIGENCE_CANDIDATES/Brush_Dependencies/Illustrator_Vector_Watercolor_Brush_Capability_Audit.json,RESEARCH,1050,1b9145e390d387cf48e5ca5d83fec1aa3a311ebfecfada4e325aebf669ce6ffd,COPIED
INK_Core_Main_Program_v1.6.5_RC/INTELLIGENCE_CANDIDATES/Dependency_Scope/INK_v1.6.5_Fourfold_Benefit_and_Learning_Delta.json,research/source/INTELLIGENCE_CANDIDATES/Dependency_Scope/INK_v1.6.5_Fourfold_Benefit_and_Learning_Delta.json,RESEARCH,2225,4b20126c175dd39fe22264195bb178a9e9af162781988f0fd5c6532946d67350,COPIED
INK_Core_Main_Program_v1.6.5_RC/INTELLIGENCE_CANDIDATES/Learning_Delta/INK_v1.6.4_Watercolor_Learning_Delta.md,research/source/INTELLIGENCE_CANDIDATES/Learning_Delta/INK_v1.6.4_Watercolor_Learning_Delta.md,RESEARCH,1112,ba903051d6761e77c062d6109396202c705e799c6ef896dc13f45fd6dcf92ca0,COPIED
INK_Core_Main_Program_v1.6.5_RC/INTELLIGENCE_CANDIDATES/Learning_Delta/Illustrator_Vector_Watercolor_Video_Learning_Delta.md,research/source/INTELLIGENCE_CANDIDATES/Learning_Delta/Illustrator_Vector_Watercolor_Video_Learning_Delta.md,RESEARCH,673,7e9ec0b2ef95ba9a550005a942aef3ab2170cc416737c60735263c0b21f00342,COPIED
INK_Core_Main_Program_v1.6.5_RC/INTELLIGENCE_CANDIDATES/Multi_JSX_Modules/Illustrator_Watercolor_JSX_Module_Index_v1.0.json,research/source/INTELLIGENCE_CANDIDATES/Multi_JSX_Modules/Illustrator_Watercolor_JSX_Module_Index_v1.0.json,RESEARCH,4617,0dc30dc6ebe794463008bd202c744cb8331e2206c8b700adc129f14786deffda,COPIED
INK_Core_Main_Program_v1.6.5_RC/INTELLIGENCE_CANDIDATES/Vector_Watercolor_Materials/Video_Vector_Watercolor_Material_Structure_Candidates.json,research/source/INTELLIGENCE_CANDIDATES/Vector_Watercolor_Materials/Video_Vector_Watercolor_Material_Structure_Candidates.json,RESEARCH,1301,0104e1ad09c4e220a4fb7fc6e6b86ced98c3e76218bcf55b08e0e5989c52923a,COPIED
INK_Core_Main_Program_v1.6.5_RC/INTELLIGENCE_CANDIDATES/Video_Derived_Recipes/Illustrator_Vector_Watercolor_Flower_Video_Derived_Recipe_v0.2.json,research/source/INTELLIGENCE_CANDIDATES/Video_Derived_Recipes/Illustrator_Vector_Watercolor_Flower_Video_Derived_Recipe_v0.2.json,RESEARCH,11626,cc45ea406448df4aab29f6ded2b8c8b2bd5245d0e1a2567f2f6ddb6be85e26b1,COPIED
INK_Core_Main_Program_v1.6.5_RC/INTELLIGENCE_CANDIDATES/Video_Observed_Behaviors/Illustrator_Vector_Watercolor_Video_Analysis_Summary.md,research/source/INTELLIGENCE_CANDIDATES/Video_Observed_Behaviors/Illustrator_Vector_Watercolor_Video_Analysis_Summary.md,RESEARCH,1020,97d2dce8eec99d1bc47b914531e70507f8ad7943c48bc51a573611213735f60b,COPIED
INK_Core_Main_Program_v1.6.5_RC/INTELLIGENCE_CANDIDATES/Video_Observed_Behaviors/Illustrator_Vector_Watercolor_Video_Timeline.json,research/source/INTELLIGENCE_CANDIDATES/Video_Observed_Behaviors/Illustrator_Vector_Watercolor_Video_Timeline.json,RESEARCH,28108,7940ac0f46e6b2f1b21461ed830c84ae163d94ef205b5b27eaadb9fc59912cfb,COPIED
INK_Core_Main_Program_v1.6.5_RC/INTELLIGENCE_CANDIDATES/Video_Observed_Behaviors/Video_Observed_Behavior_Candidates.json,research/source/INTELLIGENCE_CANDIDATES/Video_Observed_Behaviors/Video_Observed_Behavior_Candidates.json,RESEARCH,4343,45fd8e83a1c6ed15b4b4810a66791290244527f34bad90442ad4fec002058099,COPIED
INK_Core_Main_Program_v1.6.5_RC/INTELLIGENCE_CANDIDATES/Video_Observed_Behaviors/evidence/SEG-001.png,research/source/INTELLIGENCE_CANDIDATES/Video_Observed_Behaviors/evidence/SEG-001.png,RESEARCH,607574,47bef4f8f7d48a87c4d8bc96d3b48227c57a1f969cd639cb0c82ae2ff8b85edd,COPIED
INK_Core_Main_Program_v1.6.5_RC/INTELLIGENCE_CANDIDATES/Video_Observed_Behaviors/evidence/SEG-002.png,research/source/INTELLIGENCE_CANDIDATES/Video_Observed_Behaviors/evidence/SEG-002.png,RESEARCH,186701,e452eecb5a7e18a8c5ffc9e88accfe93269d0c08505248a5dc0a1c2590ae8f30,COPIED
INK_Core_Main_Program_v1.6.5_RC/INTELLIGENCE_CANDIDATES/Video_Observed_Behaviors/evidence/SEG-003.png,research/source/INTELLIGENCE_CANDIDATES/Video_Observed_Behaviors/evidence/SEG-003.png,RESEARCH,182563,38f17f4af3ca1898dd613295fe985445b7b4734fd15e9e9f1f6bfabe0a7f8e25,COPIED
INK_Core_Main_Program_v1.6.5_RC/INTELLIGENCE_CANDIDATES/Video_Observed_Behaviors/evidence/SEG-004.png,research/source/INTELLIGENCE_CANDIDATES/Video_Observed_Behaviors/evidence/SEG-004.png,RESEARCH,210183,aba940aea59f651b51ccd82c4779616af303fe69869d56b1b84badb2fe5c9c3b,COPIED
INK_Core_Main_Program_v1.6.5_RC/INTELLIGENCE_CANDIDATES/Video_Observed_Behaviors/evidence/SEG-005.png,research/source/INTELLIGENCE_CANDIDATES/Video_Observed_Behaviors/evidence/SEG-005.png,RESEARCH,213461,ad6e616f5b8017799a8a31cbc2612394b94bafcf5c6d9a4b4b8424cdf47c0e1d,COPIED
INK_Core_Main_Program_v1.6.5_RC/INTELLIGENCE_CANDIDATES/Video_Observed_Behaviors/evidence/SEG-006.png,research/source/INTELLIGENCE_CANDIDATES/Video_Observed_Behaviors/evidence/SEG-006.png,RESEARCH,248454,2855ccfa7a34524db88a578056faf0c6f4b74f86652efee98d073946299632db,COPIED
INK_Core_Main_Program_v1.6.5_RC/INTELLIGENCE_CANDIDATES/Video_Observed_Behaviors/evidence/SEG-007.png,research/source/INTELLIGENCE_CANDIDATES/Video_Observed_Behaviors/evidence/SEG-007.png,RESEARCH,254272,e1296b7e5135acd988e16701ca8358b20a081b0c2a6add04ec8b04c2541dc5fe,COPIED
INK_Core_Main_Program_v1.6.5_RC/INTELLIGENCE_CANDIDATES/Video_Observed_Behaviors/evidence/SEG-008.png,research/source/INTELLIGENCE_CANDIDATES/Video_Observed_Behaviors/evidence/SEG-008.png,RESEARCH,188976,a94b5e9f97aeb05cc780a31496e9b465a42ac6d720af4e2e5bbbfd1a93d7c5b9,COPIED
INK_Core_Main_Program_v1.6.5_RC/INTELLIGENCE_CANDIDATES/Video_Observed_Behaviors/evidence/SEG-009.png,research/source/INTELLIGENCE_CANDIDATES/Video_Observed_Behaviors/evidence/SEG-009.png,RESEARCH,246835,1359ec63fe579c99bf09a7f1a47801c6af9ca8e89fa09d1d62b6c6a5c35c381f,COPIED
INK_Core_Main_Program_v1.6.5_RC/INTELLIGENCE_CANDIDATES/Video_Observed_Behaviors/evidence/SEG-010.png,research/source/INTELLIGENCE_CANDIDATES/Video_Observed_Behaviors/evidence/SEG-010.png,RESEARCH,237494,93fd9522970c7208ef2779b965200d2d1a54158ca8ba5517371c769aecb233ef,COPIED
INK_Core_Main_Program_v1.6.5_RC/INTELLIGENCE_CANDIDATES/Video_Observed_Behaviors/evidence/SEG-011.png,research/source/INTELLIGENCE_CANDIDATES/Video_Observed_Behaviors/evidence/SEG-011.png,RESEARCH,246855,478f937b9e04fb2edba2cfdaf839fa2b8e16c6fbe1c8f4859674578c2c2e4c8a,COPIED
INK_Core_Main_Program_v1.6.5_RC/INTELLIGENCE_CANDIDATES/Video_Observed_Behaviors/evidence/SEG-012.png,research/source/INTELLIGENCE_CANDIDATES/Video_Observed_Behaviors/evidence/SEG-012.png,RESEARCH,271646,2a59b1682db8c0ddaf585628ef5381fa53e68cdfbe4aa3ca5ea590a66b25800c,COPIED
INK_Core_Main_Program_v1.6.5_RC/INTELLIGENCE_CANDIDATES/Video_Observed_Behaviors/evidence/SEG-013.png,research/source/INTELLIGENCE_CANDIDATES/Video_Observed_Behaviors/evidence/SEG-013.png,RESEARCH,286850,08e48a683c7d2e93846bdb8b593059a1ae58abd7263b52f81b9529dc14b2da7c,COPIED
INK_Core_Main_Program_v1.6.5_RC/INTELLIGENCE_CANDIDATES/Video_Observed_Behaviors/evidence/SEG-014.png,research/source/INTELLIGENCE_CANDIDATES/Video_Observed_Behaviors/evidence/SEG-014.png,RESEARCH,297820,6ec35b133319e18c3dfefb659606bd32564a035607f5e1d645954d690cabed3f,COPIED
INK_Core_Main_Program_v1.6.5_RC/INTELLIGENCE_CANDIDATES/Video_Observed_Behaviors/evidence/SEG-015.png,research/source/INTELLIGENCE_CANDIDATES/Video_Observed_Behaviors/evidence/SEG-015.png,RESEARCH,288618,00f176e661f44fd20c91c13f11cf1bf910008b2a60999bcf787eb9baded6e8c1,COPIED
INK_Core_Main_Program_v1.6.5_RC/INTELLIGENCE_CANDIDATES/Video_Observed_Behaviors/evidence/SEG-016.png,research/source/INTELLIGENCE_CANDIDATES/Video_Observed_Behaviors/evidence/SEG-016.png,RESEARCH,298359,4b1daefea2eeaae6bb4e9b27dab6cea7d1ce07d73f437babf8b7808de424b7f2,COPIED
INK_Core_Main_Program_v1.6.5_RC/INTELLIGENCE_CANDIDATES/Video_Observed_Behaviors/evidence/SEG-017.png,research/source/INTELLIGENCE_CANDIDATES/Video_Observed_Behaviors/evidence/SEG-017.png,RESEARCH,303824,7cad405c54a728d59d86838962df82421ac92ae3de1acad5f1ea3ea995bea029,COPIED
INK_Core_Main_Program_v1.6.5_RC/INTELLIGENCE_CANDIDATES/Video_Observed_Behaviors/evidence/SEG-018.png,research/source/INTELLIGENCE_CANDIDATES/Video_Observed_Behaviors/evidence/SEG-018.png,RESEARCH,309998,a73c716d246c62d4535ff1ae3717106cf70a1f74d0a419d8324da327f77b5152,COPIED
INK_Core_Main_Program_v1.6.5_RC/INTELLIGENCE_CANDIDATES/Video_Observed_Behaviors/evidence/SEG-019.png,research/source/INTELLIGENCE_CANDIDATES/Video_Observed_Behaviors/evidence/SEG-019.png,RESEARCH,335682,b3869ce6682982ea3dc8721579fbba9180bf0df0a321af64558a00be2424015c,COPIED
INK_Core_Main_Program_v1.6.5_RC/INTELLIGENCE_CANDIDATES/Video_Observed_Behaviors/evidence/SEG-020.png,research/source/INTELLIGENCE_CANDIDATES/Video_Observed_Behaviors/evidence/SEG-020.png,RESEARCH,296223,cb9216a998de9af38fb66ad747ad5939aa027e49643baf0bf5778e6c0153e146,COPIED
INK_Core_Main_Program_v1.6.5_RC/INTELLIGENCE_CANDIDATES/Video_Observed_Behaviors/evidence/SEG-021.png,research/source/INTELLIGENCE_CANDIDATES/Video_Observed_Behaviors/evidence/SEG-021.png,RESEARCH,294957,13315ccf96f24632037d661e6d0b49935adefaf10f4d37d66b8534b7bdcf8cf1,COPIED
INK_Core_Main_Program_v1.6.5_RC/INTELLIGENCE_CANDIDATES/Video_Observed_Behaviors/evidence/SEG-022.png,research/source/INTELLIGENCE_CANDIDATES/Video_Observed_Behaviors/evidence/SEG-022.png,RESEARCH,339515,4269ef12557499a1cb8a62290cdf9ae14bf5447915bc8dbbe49b349813ba9bcd,COPIED
INK_Core_Main_Program_v1.6.5_RC/INTELLIGENCE_CANDIDATES/Video_Observed_Behaviors/evidence/SEG-023.png,research/source/INTELLIGENCE_CANDIDATES/Video_Observed_Behaviors/evidence/SEG-023.png,RESEARCH,369815,870c8809a400c27fef21292f65d64ae0bcc5da3d0121b054c7a857610df1804f,COPIED
INK_Core_Main_Program_v1.6.5_RC/INTELLIGENCE_CANDIDATES/Video_Observed_Behaviors/evidence/SEG-024.png,research/source/INTELLIGENCE_CANDIDATES/Video_Observed_Behaviors/evidence/SEG-024.png,RESEARCH,351744,000ff7c87c4bbf00909572e755a48f916d6c0afcc0a498381a14249f933f0c8c,COPIED
INK_Core_Main_Program_v1.6.5_RC/INTELLIGENCE_CANDIDATES/Video_Observed_Behaviors/evidence/SEG-025.png,research/source/INTELLIGENCE_CANDIDATES/Video_Observed_Behaviors/evidence/SEG-025.png,RESEARCH,370859,ec763e319c38d157040b9c89e5b5420775b5445077d1650087e1b79511dd737c,COPIED
INK_Core_Main_Program_v1.6.5_RC/INTELLIGENCE_CANDIDATES/Video_Observed_Behaviors/evidence/SEG-026.png,research/source/INTELLIGENCE_CANDIDATES/Video_Observed_Behaviors/evidence/SEG-026.png,RESEARCH,388114,4f73cc6352a9df027004f7596b44e0637290c2095138f9ecbb58e07d7816b339,COPIED
INK_Core_Main_Program_v1.6.5_RC/INTELLIGENCE_CANDIDATES/Video_Observed_Behaviors/evidence/SEG-027.png,research/source/INTELLIGENCE_CANDIDATES/Video_Observed_Behaviors/evidence/SEG-027.png,RESEARCH,393774,b205f6f814204ca72d4ca17668c826fd8e97cbb3217471006f0545f69bc05e23,COPIED
INK_Core_Main_Program_v1.6.5_RC/INTELLIGENCE_CANDIDATES/Video_Observed_Behaviors/evidence/SEG-028.png,research/source/INTELLIGENCE_CANDIDATES/Video_Observed_Behaviors/evidence/SEG-028.png,RESEARCH,398835,1cd51b1e588c510e6de65a8996413de0cbaff205b6c24ac0dddc060de9ffec92,COPIED
INK_Core_Main_Program_v1.6.5_RC/INTELLIGENCE_CANDIDATES/Video_Observed_Behaviors/evidence/SEG-029.png,research/source/INTELLIGENCE_CANDIDATES/Video_Observed_Behaviors/evidence/SEG-029.png,RESEARCH,483252,0420b81c71709587eb76cd54f2fc44948f67759c6eeaa0993dc870fc93341d9d,COPIED
INK_Core_Main_Program_v1.6.5_RC/INTELLIGENCE_CANDIDATES/Video_Observed_Behaviors/evidence/SEG-030.png,research/source/INTELLIGENCE_CANDIDATES/Video_Observed_Behaviors/evidence/SEG-030.png,RESEARCH,709426,3be801a9124dc702f68d217e84b113ec1d208ab7039b97e826f23d7688cd09e5,COPIED
INK_Core_Main_Program_v1.6.5_RC/INTELLIGENCE_CANDIDATES/Watercolor_Behaviors/Watercolor_Behavior_Candidates_v1.6.4.json,research/source/INTELLIGENCE_CANDIDATES/Watercolor_Behaviors/Watercolor_Behavior_Candidates_v1.6.4.json,RESEARCH,4487,2f7471e8dc89830bb9c270c541589cf56d3a871eddbeae8efca44ab732ccadbc,COPIED
INK_Core_Main_Program_v1.6.5_RC/INTELLIGENCE_CANDIDATES/Watercolor_Brush/INK_Watercolor_Brush_Artwork_Profiles_v2.json,research/source/INTELLIGENCE_CANDIDATES/Watercolor_Brush/INK_Watercolor_Brush_Artwork_Profiles_v2.json,RESEARCH,1080,d083be10efec6bb13ee93383fc9343bb1341498958367c1d26c210432de958c8,COPIED
INK_Core_Main_Program_v1.6.5_RC/INTELLIGENCE_CANDIDATES/Watercolor_Materials/INK_Procedural_Paper_Overlay_v1.json,research/source/INTELLIGENCE_CANDIDATES/Watercolor_Materials/INK_Procedural_Paper_Overlay_v1.json,RESEARCH,645,3612f0b7a65f1c1986eb59edf4acc7c322fd45c0add99ad3ec89140ac0ae8e54,COPIED
INK_Core_Main_Program_v1.6.5_RC/INTELLIGENCE_CANDIDATES/Watercolor_Materials/Watercolor_Material_Candidates_v1.6.4.json,research/source/INTELLIGENCE_CANDIDATES/Watercolor_Materials/Watercolor_Material_Candidates_v1.6.4.json,RESEARCH,1472,9b22905ef07389694f8afd8f974ad698357de271f1386c65a5822f3094ec0af0,COPIED
INK_Core_Main_Program_v1.6.5_RC/INTELLIGENCE_CANDIDATES/Watercolor_Recipes/Watercolor_Benchmark_Batch_03_Recipe_Evidence.json,research/source/INTELLIGENCE_CANDIDATES/Watercolor_Recipes/Watercolor_Benchmark_Batch_03_Recipe_Evidence.json,RESEARCH,232512,4f5ecc7a19d8ecf58438e916dc8303cc40f1e1c178d8ef21cfdc88dacdcce990,COPIED
INK_Core_Main_Program_v1.6.5_RC/INTELLIGENCE_CANDIDATES/Watercolor_Structures/Watercolor_Structure_Candidates_v1.6.4.json,research/source/INTELLIGENCE_CANDIDATES/Watercolor_Structures/Watercolor_Structure_Candidates_v1.6.4.json,RESEARCH,434,4280ed1f2e8e016a4f16b8f51ed904d5a42d664f3958fdc31e762dfcca7c1c31,COPIED
INK_Core_Main_Program_v1.6.5_RC/REPLACEMENT_AND_VERSION_INFO_v1.6.3.md,ARCHIVE/historical/REPLACEMENT_AND_VERSION_INFO_v1.6.3.md,ARCHIVE_CANDIDATE,1193,aa1a5d1dd778789e890133d2b899792e27a3e29b47c070c7b7aa8ce448673ad4,ARCHIVED
INK_Core_Main_Program_v1.6.5_RC/REPLACEMENT_INSTRUCTIONS_v1.6.4.md,ARCHIVE/historical/REPLACEMENT_INSTRUCTIONS_v1.6.4.md,ARCHIVE_CANDIDATE,448,471dc5a5ad6cedab9ca7e059633c845d6d009e31371de440485db482a3dfa20f,ARCHIVED
INK_Core_Main_Program_v1.6.5_RC/REPLACEMENT_INSTRUCTIONS_v1.6.5.md,ARCHIVE/historical/REPLACEMENT_INSTRUCTIONS_v1.6.5.md,ARCHIVE_CANDIDATE,358,1b0ccf9ed2d9f68865da9a9ac627c2804029d232e5baa19629ba14a22eb317c2,ARCHIVED
INK_Core_Main_Program_v1.6.5_RC/SHA256SUMS_v1.6.3.txt,ARCHIVE/historical/SHA256SUMS_v1.6.3.txt,ARCHIVE_CANDIDATE,178300,1619232905baf96d2d11393b6319bb49a516b78e11bae9c53a8ed116a30852ff,ARCHIVED
INK_Core_Main_Program_v1.6.5_RC/Validation/v1.6.2/baseline-batch01/Case_01_Fleurify_Outline.png,qa/validation/Validation/v1.6.2/baseline-batch01/Case_01_Fleurify_Outline.png,QA,17655,e0acadcb79fc5bb23797c8a458c835c3eb1a0f4d66d16d18d58c32f8e33d1023,COPIED
INK_Core_Main_Program_v1.6.5_RC/Validation/v1.6.2/baseline-batch01/Case_02_Petal_Leaf_Templates.png,qa/validation/Validation/v1.6.2/baseline-batch01/Case_02_Petal_Leaf_Templates.png,QA,11386,244def4d7f9177f49499aaf4fa717d932dfc6602e0028889c36b08355188f3b2,COPIED
INK_Core_Main_Program_v1.6.5_RC/Validation/v1.6.2/baseline-batch01/Case_03_Radial_Petal_Assembly.png,qa/validation/Validation/v1.6.2/baseline-batch01/Case_03_Radial_Petal_Assembly.png,QA,19642,9556efb01b90cd9126415c5073a0c5f44cdec2d7c2e74040c980e1f5f5d0a61c,COPIED
INK_Core_Main_Program_v1.6.5_RC/Validation/v1.6.2/baseline-batch01/Case_04_Multilayer_Corolla.png,qa/validation/Validation/v1.6.2/baseline-batch01/Case_04_Multilayer_Corolla.png,QA,34462,de8d85631c7c03a4f470ba2dc6226f20d75e19d720bbbf118c44d09bd5edb601,COPIED
INK_Core_Main_Program_v1.6.5_RC/Validation/v1.6.2/baseline-batch01/Case_05_Stem_Leaf_Bud.png,qa/validation/Validation/v1.6.2/baseline-batch01/Case_05_Stem_Leaf_Bud.png,QA,20281,a4bbc6e90f8885ce6980fc8054bdb4da933a631cbb0c911e7b1669e7ff8845b3,COPIED
INK_Core_Main_Program_v1.6.5_RC/Validation/v1.6.2/baseline-batch01/Case_06_Watercolor_Vector_Approximation.png,qa/validation/Validation/v1.6.2/baseline-batch01/Case_06_Watercolor_Vector_Approximation.png,QA,23868,9b9332a4f8c094908e084a7e31dbbc455b26a42dd3a715e9dd664a47fcfe7589,COPIED
INK_Core_Main_Program_v1.6.5_RC/Validation/v1.6.2/flower-batch/FINAL_SUMMARY.txt,qa/validation/Validation/v1.6.2/flower-batch/FINAL_SUMMARY.txt,QA,414,7c88aabe9f47fc38f2b28d8f5e712f360e9b402ebb53194fb79d9c6abce7976b,COPIED
INK_Core_Main_Program_v1.6.5_RC/Validation/v1.6.2/flower-batch/FLOWER_BATCH_V1.6.2_REGRESSION_SUMMARY.json,qa/validation/Validation/v1.6.2/flower-batch/FLOWER_BATCH_V1.6.2_REGRESSION_SUMMARY.json,QA,3425,c9763fe2c78b6885af27638b5cb155a54af62182bec03a57b8bbbe38d5586524,COPIED
INK_Core_Main_Program_v1.6.5_RC/Validation/v1.6.2/flower-batch/case-01-outline-fleurify/comparisons/100-vs-70.difference.png,qa/validation/Validation/v1.6.2/flower-batch/case-01-outline-fleurify/comparisons/100-vs-70.difference.png,QA,18297,b58ecf8c64497529478bc4815d24fd0fa410fdd02ffd5fda3f08a051ade64f15,COPIED
INK_Core_Main_Program_v1.6.5_RC/Validation/v1.6.2/flower-batch/case-01-outline-fleurify/comparisons/100-vs-70.overlay.png,qa/validation/Validation/v1.6.2/flower-batch/case-01-outline-fleurify/comparisons/100-vs-70.overlay.png,QA,24949,8a856b76f339a21ba64194ac42210a852bf21201dfc317377d67f38d7a11c177,COPIED
INK_Core_Main_Program_v1.6.5_RC/Validation/v1.6.2/flower-batch/case-01-outline-fleurify/comparisons/100-vs-70.side-by-side.png,qa/validation/Validation/v1.6.2/flower-batch/case-01-outline-fleurify/comparisons/100-vs-70.side-by-side.png,QA,32623,3970f34325cf13ddced1bd82fd69b7939a481e04be7d3baa62fe50375240423e,COPIED
INK_Core_Main_Program_v1.6.5_RC/Validation/v1.6.2/flower-batch/case-01-outline-fleurify/comparisons/100-vs-rerun.difference.png,qa/validation/Validation/v1.6.2/flower-batch/case-01-outline-fleurify/comparisons/100-vs-rerun.difference.png,QA,3640,91f11d1c34d8ee77f7c3fd4c9a5a09bad6d8f78b62a6386692c2c4e635692a6e,COPIED
INK_Core_Main_Program_v1.6.5_RC/Validation/v1.6.2/flower-batch/case-01-outline-fleurify/comparisons/100-vs-rerun.overlay.png,qa/validation/Validation/v1.6.2/flower-batch/case-01-outline-fleurify/comparisons/100-vs-rerun.overlay.png,QA,17655,e0acadcb79fc5bb23797c8a458c835c3eb1a0f4d66d16d18d58c32f8e33d1023,COPIED
INK_Core_Main_Program_v1.6.5_RC/Validation/v1.6.2/flower-batch/case-01-outline-fleurify/comparisons/100-vs-rerun.side-by-side.png,qa/validation/Validation/v1.6.2/flower-batch/case-01-outline-fleurify/comparisons/100-vs-rerun.side-by-side.png,QA,22927,b3c790051e511447f9300a33cf381cc0bd7949682fadb997e8403e4a70b4e845,COPIED
INK_Core_Main_Program_v1.6.5_RC/Validation/v1.6.2/flower-batch/case-01-outline-fleurify/comparisons/batch01-vs-v162.difference.png,qa/validation/Validation/v1.6.2/flower-batch/case-01-outline-fleurify/comparisons/batch01-vs-v162.difference.png,QA,3640,91f11d1c34d8ee77f7c3fd4c9a5a09bad6d8f78b62a6386692c2c4e635692a6e,COPIED
INK_Core_Main_Program_v1.6.5_RC/Validation/v1.6.2/flower-batch/case-01-outline-fleurify/comparisons/batch01-vs-v162.overlay.png,qa/validation/Validation/v1.6.2/flower-batch/case-01-outline-fleurify/comparisons/batch01-vs-v162.overlay.png,QA,17655,e0acadcb79fc5bb23797c8a458c835c3eb1a0f4d66d16d18d58c32f8e33d1023,COPIED
INK_Core_Main_Program_v1.6.5_RC/Validation/v1.6.2/flower-batch/case-01-outline-fleurify/comparisons/batch01-vs-v162.side-by-side.png,qa/validation/Validation/v1.6.2/flower-batch/case-01-outline-fleurify/comparisons/batch01-vs-v162.side-by-side.png,QA,22927,b3c790051e511447f9300a33cf381cc0bd7949682fadb997e8403e4a70b4e845,COPIED
INK_Core_Main_Program_v1.6.5_RC/Validation/v1.6.2/flower-batch/case-01-outline-fleurify/outputs/fleurify-100/fleurify-100.headless.json,qa/validation/Validation/v1.6.2/flower-batch/case-01-outline-fleurify/outputs/fleurify-100/fleurify-100.headless.json,QA,6946,fe96432546331e24ea0a75e1982fb2a06e174710d6ab5e0e02e881422a9769ae,COPIED
INK_Core_Main_Program_v1.6.5_RC/Validation/v1.6.2/flower-batch/case-01-outline-fleurify/outputs/fleurify-100/fleurify-100.png,qa/validation/Validation/v1.6.2/flower-batch/case-01-outline-fleurify/outputs/fleurify-100/fleurify-100.png,QA,17655,e0acadcb79fc5bb23797c8a458c835c3eb1a0f4d66d16d18d58c32f8e33d1023,COPIED
INK_Core_Main_Program_v1.6.5_RC/Validation/v1.6.2/flower-batch/case-01-outline-fleurify/outputs/fleurify-100/fleurify-100.svg,qa/validation/Validation/v1.6.2/flower-batch/case-01-outline-fleurify/outputs/fleurify-100/fleurify-100.svg,QA,830,644d1de11e5ab2ab8fe70f0bdac4258f4ea86ddefea0b060431c4c2e347282d9,COPIED
INK_Core_Main_Program_v1.6.5_RC/Validation/v1.6.2/flower-batch/case-01-outline-fleurify/outputs/fleurify-100-rerun/fleurify-100-rerun.headless.json,qa/validation/Validation/v1.6.2/flower-batch/case-01-outline-fleurify/outputs/fleurify-100-rerun/fleurify-100-rerun.headless.json,QA,6958,f6fb91efffa9589902ef19450ee07096991d391caac90304660a5fb77573bc1c,COPIED
INK_Core_Main_Program_v1.6.5_RC/Validation/v1.6.2/flower-batch/case-01-outline-fleurify/outputs/fleurify-100-rerun/fleurify-100-rerun.png,qa/validation/Validation/v1.6.2/flower-batch/case-01-outline-fleurify/outputs/fleurify-100-rerun/fleurify-100-rerun.png,QA,17655,e0acadcb79fc5bb23797c8a458c835c3eb1a0f4d66d16d18d58c32f8e33d1023,COPIED
INK_Core_Main_Program_v1.6.5_RC/Validation/v1.6.2/flower-batch/case-01-outline-fleurify/outputs/fleurify-100-rerun/fleurify-100-rerun.svg,qa/validation/Validation/v1.6.2/flower-batch/case-01-outline-fleurify/outputs/fleurify-100-rerun/fleurify-100-rerun.svg,QA,830,644d1de11e5ab2ab8fe70f0bdac4258f4ea86ddefea0b060431c4c2e347282d9,COPIED
INK_Core_Main_Program_v1.6.5_RC/Validation/v1.6.2/flower-batch/case-01-outline-fleurify/outputs/fleurify-70/fleurify-70.headless.json,qa/validation/Validation/v1.6.2/flower-batch/case-01-outline-fleurify/outputs/fleurify-70/fleurify-70.headless.json,QA,6944,502930165b57c3e2d0fb164cdbe19c9d097fc9b9bcae4fb27310d341aa0ef127,COPIED
INK_Core_Main_Program_v1.6.5_RC/Validation/v1.6.2/flower-batch/case-01-outline-fleurify/outputs/fleurify-70/fleurify-70.png,qa/validation/Validation/v1.6.2/flower-batch/case-01-outline-fleurify/outputs/fleurify-70/fleurify-70.png,QA,15072,d16d19d80438932b6dd908731dce9ff2cb9bafcf0bee20005f355d02869149dc,COPIED
INK_Core_Main_Program_v1.6.5_RC/Validation/v1.6.2/flower-batch/case-01-outline-fleurify/outputs/fleurify-70/fleurify-70.svg,qa/validation/Validation/v1.6.2/flower-batch/case-01-outline-fleurify/outputs/fleurify-70/fleurify-70.svg,QA,878,3dd358a7704ef3dedd9a20f110b27b20cb93500a2a9e6cd0b93c95c973d26b34,COPIED
INK_Core_Main_Program_v1.6.5_RC/Validation/v1.6.2/flower-batch/case-01-outline-fleurify/result.json,qa/validation/Validation/v1.6.2/flower-batch/case-01-outline-fleurify/result.json,QA,8439,2e596f49e6914d06673628d3bffdde1921d4adf91b661eb23a49c2f405d46e1d,COPIED
INK_Core_Main_Program_v1.6.5_RC/Validation/v1.6.2/flower-batch/case-02-petal-leaf-templates/comparisons/after-vs-rerun.difference.png,qa/validation/Validation/v1.6.2/flower-batch/case-02-petal-leaf-templates/comparisons/after-vs-rerun.difference.png,QA,3640,91f11d1c34d8ee77f7c3fd4c9a5a09bad6d8f78b62a6386692c2c4e635692a6e,COPIED
INK_Core_Main_Program_v1.6.5_RC/Validation/v1.6.2/flower-batch/case-02-petal-leaf-templates/comparisons/after-vs-rerun.overlay.png,qa/validation/Validation/v1.6.2/flower-batch/case-02-petal-leaf-templates/comparisons/after-vs-rerun.overlay.png,QA,13645,e5ee04e661104461239c652b057e9d598a4dc37ba17a03396414701765df4984,COPIED
INK_Core_Main_Program_v1.6.5_RC/Validation/v1.6.2/flower-batch/case-02-petal-leaf-templates/comparisons/after-vs-rerun.side-by-side.png,qa/validation/Validation/v1.6.2/flower-batch/case-02-petal-leaf-templates/comparisons/after-vs-rerun.side-by-side.png,QA,18492,4c0c4df1932a357ab98b9158ce54d55cfe987d71259f711e9f41509d9a09015d,COPIED
INK_Core_Main_Program_v1.6.5_RC/Validation/v1.6.2/flower-batch/case-02-petal-leaf-templates/comparisons/batch01-vs-v162.difference.png,qa/validation/Validation/v1.6.2/flower-batch/case-02-petal-leaf-templates/comparisons/batch01-vs-v162.difference.png,QA,14470,bced577a238eccf603bbd88aa041f380188ffc1cff45aed926a4b024504155f9,COPIED
INK_Core_Main_Program_v1.6.5_RC/Validation/v1.6.2/flower-batch/case-02-petal-leaf-templates/comparisons/batch01-vs-v162.overlay.png,qa/validation/Validation/v1.6.2/flower-batch/case-02-petal-leaf-templates/comparisons/batch01-vs-v162.overlay.png,QA,19376,e87117f60e513df84a592fc93b65cbb9261be1288e1a17c3a3fb99a28ba8c048,COPIED
INK_Core_Main_Program_v1.6.5_RC/Validation/v1.6.2/flower-batch/case-02-petal-leaf-templates/comparisons/batch01-vs-v162.side-by-side.png,qa/validation/Validation/v1.6.2/flower-batch/case-02-petal-leaf-templates/comparisons/batch01-vs-v162.side-by-side.png,QA,25346,74e852cbe09884f102214262108a192e2ee740475bc251155bea90408081a0c8,COPIED
INK_Core_Main_Program_v1.6.5_RC/Validation/v1.6.2/flower-batch/case-02-petal-leaf-templates/comparisons/before-vs-after.difference.png,qa/validation/Validation/v1.6.2/flower-batch/case-02-petal-leaf-templates/comparisons/before-vs-after.difference.png,QA,9018,3634274a2d1c60dac43b6c165cd588d50753b7c1f04f6ba81ece5e885b18695b,COPIED
INK_Core_Main_Program_v1.6.5_RC/Validation/v1.6.2/flower-batch/case-02-petal-leaf-templates/comparisons/before-vs-after.overlay.png,qa/validation/Validation/v1.6.2/flower-batch/case-02-petal-leaf-templates/comparisons/before-vs-after.overlay.png,QA,16129,61290e17d75c4c88cecc53c58b98b92a19fe238425464e685561a55bb208be11,COPIED
INK_Core_Main_Program_v1.6.5_RC/Validation/v1.6.2/flower-batch/case-02-petal-leaf-templates/comparisons/before-vs-after.side-by-side.png,qa/validation/Validation/v1.6.2/flower-batch/case-02-petal-leaf-templates/comparisons/before-vs-after.side-by-side.png,QA,22290,5b0403bb9b994a6da1358d9ca2e15e3a31b8d1c01ab9cbb1e1db7546a5791292,COPIED
INK_Core_Main_Program_v1.6.5_RC/Validation/v1.6.2/flower-batch/case-02-petal-leaf-templates/comparisons/before-vs-rollback.difference.png,qa/validation/Validation/v1.6.2/flower-batch/case-02-petal-leaf-templates/comparisons/before-vs-rollback.difference.png,QA,3640,91f11d1c34d8ee77f7c3fd4c9a5a09bad6d8f78b62a6386692c2c4e635692a6e,COPIED
INK_Core_Main_Program_v1.6.5_RC/Validation/v1.6.2/flower-batch/case-02-petal-leaf-templates/comparisons/before-vs-rollback.overlay.png,qa/validation/Validation/v1.6.2/flower-batch/case-02-petal-leaf-templates/comparisons/before-vs-rollback.overlay.png,QA,12521,00e13f944e41bda440a1a34d8d03eae4443123dbdce375e31ced7a773fd95677,COPIED
INK_Core_Main_Program_v1.6.5_RC/Validation/v1.6.2/flower-batch/case-02-petal-leaf-templates/comparisons/before-vs-rollback.side-by-side.png,qa/validation/Validation/v1.6.2/flower-batch/case-02-petal-leaf-templates/comparisons/before-vs-rollback.side-by-side.png,QA,17269,109191c097d736813ddf38053365bc91fbe3a9cd2b41dba6955c0ee55bb32cc0,COPIED
INK_Core_Main_Program_v1.6.5_RC/Validation/v1.6.2/flower-batch/case-02-petal-leaf-templates/outputs/after/after.headless.json,qa/validation/Validation/v1.6.2/flower-batch/case-02-petal-leaf-templates/outputs/after/after.headless.json,QA,6936,e544d383ceb29515ac871cf064f01091832aa2ac6adcf1f3429e12f6b9ab02db,COPIED
INK_Core_Main_Program_v1.6.5_RC/Validation/v1.6.2/flower-batch/case-02-petal-leaf-templates/outputs/after/after.png,qa/validation/Validation/v1.6.2/flower-batch/case-02-petal-leaf-templates/outputs/after/after.png,QA,13645,e5ee04e661104461239c652b057e9d598a4dc37ba17a03396414701765df4984,COPIED
INK_Core_Main_Program_v1.6.5_RC/Validation/v1.6.2/flower-batch/case-02-petal-leaf-templates/outputs/after/after.svg,qa/validation/Validation/v1.6.2/flower-batch/case-02-petal-leaf-templates/outputs/after/after.svg,QA,2800,44e89e18ddc9351e162767d2696e70fddb7fa10eb9638776e9df6cf8f23bc37b,COPIED
INK_Core_Main_Program_v1.6.5_RC/Validation/v1.6.2/flower-batch/case-02-petal-leaf-templates/outputs/after-rerun/after-rerun.headless.json,qa/validation/Validation/v1.6.2/flower-batch/case-02-petal-leaf-templates/outputs/after-rerun/after-rerun.headless.json,QA,6948,0ab09f843a2a1ba15840d9734e32249d81bf1acc84efd8a18749c834098697c4,COPIED
INK_Core_Main_Program_v1.6.5_RC/Validation/v1.6.2/flower-batch/case-02-petal-leaf-templates/outputs/after-rerun/after-rerun.png,qa/validation/Validation/v1.6.2/flower-batch/case-02-petal-leaf-templates/outputs/after-rerun/after-rerun.png,QA,13645,e5ee04e661104461239c652b057e9d598a4dc37ba17a03396414701765df4984,COPIED
INK_Core_Main_Program_v1.6.5_RC/Validation/v1.6.2/flower-batch/case-02-petal-leaf-templates/outputs/after-rerun/after-rerun.svg,qa/validation/Validation/v1.6.2/flower-batch/case-02-petal-leaf-templates/outputs/after-rerun/after-rerun.svg,QA,2800,44e89e18ddc9351e162767d2696e70fddb7fa10eb9638776e9df6cf8f23bc37b,COPIED
INK_Core_Main_Program_v1.6.5_RC/Validation/v1.6.2/flower-batch/case-02-petal-leaf-templates/outputs/before/before.headless.json,qa/validation/Validation/v1.6.2/flower-batch/case-02-petal-leaf-templates/outputs/before/before.headless.json,QA,6938,1d90b63158af655c3760c7d9f14ab6fd3fcdb53b91d9706ed98d07982807af99,COPIED
INK_Core_Main_Program_v1.6.5_RC/Validation/v1.6.2/flower-batch/case-02-petal-leaf-templates/outputs/before/before.png,qa/validation/Validation/v1.6.2/flower-batch/case-02-petal-leaf-templates/outputs/before/before.png,QA,12521,00e13f944e41bda440a1a34d8d03eae4443123dbdce375e31ced7a773fd95677,COPIED
INK_Core_Main_Program_v1.6.5_RC/Validation/v1.6.2/flower-batch/case-02-petal-leaf-templates/outputs/before/before.svg,qa/validation/Validation/v1.6.2/flower-batch/case-02-petal-leaf-templates/outputs/before/before.svg,QA,2781,11c8d8ce722119f0922c4e7b6ed92cce428cff9c8ee8f26225509f2b5de7f9be,COPIED
INK_Core_Main_Program_v1.6.5_RC/Validation/v1.6.2/flower-batch/case-02-petal-leaf-templates/outputs/rollback/rollback.headless.json,qa/validation/Validation/v1.6.2/flower-batch/case-02-petal-leaf-templates/outputs/rollback/rollback.headless.json,QA,6942,c416223cd87d9aaff1d0150774f8e2fdd95696bb42170703c1472c52203c4797,COPIED
INK_Core_Main_Program_v1.6.5_RC/Validation/v1.6.2/flower-batch/case-02-petal-leaf-templates/outputs/rollback/rollback.png,qa/validation/Validation/v1.6.2/flower-batch/case-02-petal-leaf-templates/outputs/rollback/rollback.png,QA,12521,00e13f944e41bda440a1a34d8d03eae4443123dbdce375e31ced7a773fd95677,COPIED
INK_Core_Main_Program_v1.6.5_RC/Validation/v1.6.2/flower-batch/case-02-petal-leaf-templates/outputs/rollback/rollback.svg,qa/validation/Validation/v1.6.2/flower-batch/case-02-petal-leaf-templates/outputs/rollback/rollback.svg,QA,2781,11c8d8ce722119f0922c4e7b6ed92cce428cff9c8ee8f26225509f2b5de7f9be,COPIED
INK_Core_Main_Program_v1.6.5_RC/Validation/v1.6.2/flower-batch/case-02-petal-leaf-templates/result.json,qa/validation/Validation/v1.6.2/flower-batch/case-02-petal-leaf-templates/result.json,QA,16977,5d10fdc81467a1521c967ab68b5d1268505978567bd26008560f0bb01ad27f3b,COPIED
INK_Core_Main_Program_v1.6.5_RC/Validation/v1.6.2/flower-batch/case-03-radial-petal-assembly/comparisons/12-vs-16.difference.png,qa/validation/Validation/v1.6.2/flower-batch/case-03-radial-petal-assembly/comparisons/12-vs-16.difference.png,QA,21620,a60f68c1cd8670b042649ade9f7fa9c4aa3004ad549d4a032f2b5af5a27f9959,COPIED
INK_Core_Main_Program_v1.6.5_RC/Validation/v1.6.2/flower-batch/case-03-radial-petal-assembly/comparisons/12-vs-16.overlay.png,qa/validation/Validation/v1.6.2/flower-batch/case-03-radial-petal-assembly/comparisons/12-vs-16.overlay.png,QA,29622,f2033dd1b0c4e313b24f5039273874bc2239a91c71760cad500411af1bf3fa9a,COPIED
INK_Core_Main_Program_v1.6.5_RC/Validation/v1.6.2/flower-batch/case-03-radial-petal-assembly/comparisons/12-vs-16.side-by-side.png,qa/validation/Validation/v1.6.2/flower-batch/case-03-radial-petal-assembly/comparisons/12-vs-16.side-by-side.png,QA,37870,191f4bdedc489e4548bcffe4f4d07a4cee9700f8fa521c31ec5be87c13ea857b,COPIED
INK_Core_Main_Program_v1.6.5_RC/Validation/v1.6.2/flower-batch/case-03-radial-petal-assembly/comparisons/16-vs-rerun.difference.png,qa/validation/Validation/v1.6.2/flower-batch/case-03-radial-petal-assembly/comparisons/16-vs-rerun.difference.png,QA,3640,91f11d1c34d8ee77f7c3fd4c9a5a09bad6d8f78b62a6386692c2c4e635692a6e,COPIED
INK_Core_Main_Program_v1.6.5_RC/Validation/v1.6.2/flower-batch/case-03-radial-petal-assembly/comparisons/16-vs-rerun.overlay.png,qa/validation/Validation/v1.6.2/flower-batch/case-03-radial-petal-assembly/comparisons/16-vs-rerun.overlay.png,QA,22764,810544b724d616b0d20451b885942026e7c8b669798430aa614d38989a593adf,COPIED
INK_Core_Main_Program_v1.6.5_RC/Validation/v1.6.2/flower-batch/case-03-radial-petal-assembly/comparisons/16-vs-rerun.side-by-side.png,qa/validation/Validation/v1.6.2/flower-batch/case-03-radial-petal-assembly/comparisons/16-vs-rerun.side-by-side.png,QA,28952,99f5cb601a9415747cc94a6bb3b45d1b3ac26623d3a2ef9754af97b7c4136226,COPIED
INK_Core_Main_Program_v1.6.5_RC/Validation/v1.6.2/flower-batch/case-03-radial-petal-assembly/comparisons/batch01-vs-v162.difference.png,qa/validation/Validation/v1.6.2/flower-batch/case-03-radial-petal-assembly/comparisons/batch01-vs-v162.difference.png,QA,23916,751178ffeca06d5d7b15479d67a1efdffb098d34fcd58705c3fcc6274e3ddaed,COPIED
INK_Core_Main_Program_v1.6.5_RC/Validation/v1.6.2/flower-batch/case-03-radial-petal-assembly/comparisons/batch01-vs-v162.overlay.png,qa/validation/Validation/v1.6.2/flower-batch/case-03-radial-petal-assembly/comparisons/batch01-vs-v162.overlay.png,QA,35108,a5cccd3c6d0f362b12d901527dda93714c261ad0c83e53f5cb90909747f2ee38,COPIED
INK_Core_Main_Program_v1.6.5_RC/Validation/v1.6.2/flower-batch/case-03-radial-petal-assembly/comparisons/batch01-vs-v162.side-by-side.png,qa/validation/Validation/v1.6.2/flower-batch/case-03-radial-petal-assembly/comparisons/batch01-vs-v162.side-by-side.png,QA,43287,cdb4e60fb34906d8dc0d18ccee6d53a7b6246aef1b2f3ffbc14ea0383abea596,COPIED
INK_Core_Main_Program_v1.6.5_RC/Validation/v1.6.2/flower-batch/case-03-radial-petal-assembly/outputs/count-10/count-10.headless.json,qa/validation/Validation/v1.6.2/flower-batch/case-03-radial-petal-assembly/outputs/count-10/count-10.headless.json,QA,6944,cb206e268133101895b88b16688eb79526322a2ee2948abd8149667e37eedd9c,COPIED
INK_Core_Main_Program_v1.6.5_RC/Validation/v1.6.2/flower-batch/case-03-radial-petal-assembly/outputs/count-10/count-10.png,qa/validation/Validation/v1.6.2/flower-batch/case-03-radial-petal-assembly/outputs/count-10/count-10.png,QA,18768,7e949dd1eccb70eef49dcccae83086f70169a278a8eea24004c986ee3c8f677d,COPIED
INK_Core_Main_Program_v1.6.5_RC/Validation/v1.6.2/flower-batch/case-03-radial-petal-assembly/outputs/count-10/count-10.svg,qa/validation/Validation/v1.6.2/flower-batch/case-03-radial-petal-assembly/outputs/count-10/count-10.svg,QA,13110,17ad109c72ca34e4f826d13980a058a623c8b28be28e1de2bc88828fb0f1f9b7,COPIED
INK_Core_Main_Program_v1.6.5_RC/Validation/v1.6.2/flower-batch/case-03-radial-petal-assembly/outputs/count-12/count-12.headless.json,qa/validation/Validation/v1.6.2/flower-batch/case-03-radial-petal-assembly/outputs/count-12/count-12.headless.json,QA,6944,277fc1caa76b0ea3d914aebd745a402dc4d7e7245baf15a8b7515bf9e957b78a,COPIED
INK_Core_Main_Program_v1.6.5_RC/Validation/v1.6.2/flower-batch/case-03-radial-petal-assembly/outputs/count-12/count-12.png,qa/validation/Validation/v1.6.2/flower-batch/case-03-radial-petal-assembly/outputs/count-12/count-12.png,QA,16500,ba1cb05ece7ca66d28567b72c7e0b12ae4a5e22f59d5b57865b1c250914184a4,COPIED
INK_Core_Main_Program_v1.6.5_RC/Validation/v1.6.2/flower-batch/case-03-radial-petal-assembly/outputs/count-12/count-12.svg,qa/validation/Validation/v1.6.2/flower-batch/case-03-radial-petal-assembly/outputs/count-12/count-12.svg,QA,15404,7f4331f87718e18f906badf7e6c451b6e659b5b40d953340f6257ad156ecce6c,COPIED
INK_Core_Main_Program_v1.6.5_RC/Validation/v1.6.2/flower-batch/case-03-radial-petal-assembly/outputs/count-16-long/count-16-long.headless.json,qa/validation/Validation/v1.6.2/flower-batch/case-03-radial-petal-assembly/outputs/count-16-long/count-16-long.headless.json,QA,6954,06bfc316eedc4a2d67a6d28f591b10b0d36d1e55f7eaa4bf40c67210ae6b8081,COPIED
INK_Core_Main_Program_v1.6.5_RC/Validation/v1.6.2/flower-batch/case-03-radial-petal-assembly/outputs/count-16-long/count-16-long.png,qa/validation/Validation/v1.6.2/flower-batch/case-03-radial-petal-assembly/outputs/count-16-long/count-16-long.png,QA,22764,810544b724d616b0d20451b885942026e7c8b669798430aa614d38989a593adf,COPIED
INK_Core_Main_Program_v1.6.5_RC/Validation/v1.6.2/flower-batch/case-03-radial-petal-assembly/outputs/count-16-long/count-16-long.svg,qa/validation/Validation/v1.6.2/flower-batch/case-03-radial-petal-assembly/outputs/count-16-long/count-16-long.svg,QA,20242,26eae7eb68317758086e2ea56f4cb9b8d0f6c542f6062f83eb8ea35a8f233e4c,COPIED
INK_Core_Main_Program_v1.6.5_RC/Validation/v1.6.2/flower-batch/case-03-radial-petal-assembly/outputs/count-16-long-rerun/count-16-long-rerun.headless.json,qa/validation/Validation/v1.6.2/flower-batch/case-03-radial-petal-assembly/outputs/count-16-long-rerun/count-16-long-rerun.headless.json,QA,6966,9175ad29abbc6b76bb66fb13df067ec37ce4ea17a90ef09b39c20abaf91a285a,COPIED
INK_Core_Main_Program_v1.6.5_RC/Validation/v1.6.2/flower-batch/case-03-radial-petal-assembly/outputs/count-16-long-rerun/count-16-long-rerun.png,qa/validation/Validation/v1.6.2/flower-batch/case-03-radial-petal-assembly/outputs/count-16-long-rerun/count-16-long-rerun.png,QA,22764,810544b724d616b0d20451b885942026e7c8b669798430aa614d38989a593adf,COPIED
INK_Core_Main_Program_v1.6.5_RC/Validation/v1.6.2/flower-batch/case-03-radial-petal-assembly/outputs/count-16-long-rerun/count-16-long-rerun.svg,qa/validation/Validation/v1.6.2/flower-batch/case-03-radial-petal-assembly/outputs/count-16-long-rerun/count-16-long-rerun.svg,QA,20242,26eae7eb68317758086e2ea56f4cb9b8d0f6c542f6062f83eb8ea35a8f233e4c,COPIED
INK_Core_Main_Program_v1.6.5_RC/Validation/v1.6.2/flower-batch/case-03-radial-petal-assembly/result.json,qa/validation/Validation/v1.6.2/flower-batch/case-03-radial-petal-assembly/result.json,QA,665086,def38139bcbcfed4e9863f3cba7eedbc74211eac0873baa29cd979aa46e8fd87,COPIED
INK_Core_Main_Program_v1.6.5_RC/Validation/v1.6.2/flower-batch/case-04-multilayer-corolla/comparisons/after-vs-rerun.difference.png,qa/validation/Validation/v1.6.2/flower-batch/case-04-multilayer-corolla/comparisons/after-vs-rerun.difference.png,QA,3640,91f11d1c34d8ee77f7c3fd4c9a5a09bad6d8f78b62a6386692c2c4e635692a6e,COPIED
INK_Core_Main_Program_v1.6.5_RC/Validation/v1.6.2/flower-batch/case-04-multilayer-corolla/comparisons/after-vs-rerun.overlay.png,qa/validation/Validation/v1.6.2/flower-batch/case-04-multilayer-corolla/comparisons/after-vs-rerun.overlay.png,QA,24930,ac01837864a49398f8bf119070590feeca7f1e4fe94206901eeb3ab6b89deba9,COPIED
INK_Core_Main_Program_v1.6.5_RC/Validation/v1.6.2/flower-batch/case-04-multilayer-corolla/comparisons/after-vs-rerun.side-by-side.png,qa/validation/Validation/v1.6.2/flower-batch/case-04-multilayer-corolla/comparisons/after-vs-rerun.side-by-side.png,QA,31199,8c73449d8e61ffadcabb28612c52b71efb5f4c13ff98e07ccbed475d54f2b93a,COPIED
INK_Core_Main_Program_v1.6.5_RC/Validation/v1.6.2/flower-batch/case-04-multilayer-corolla/comparisons/batch01-vs-v162.difference.png,qa/validation/Validation/v1.6.2/flower-batch/case-04-multilayer-corolla/comparisons/batch01-vs-v162.difference.png,QA,31806,c228fef62ae4f11540095d1435af8e5aaff00e6a76d17e8daa6c5f335ad1957b,COPIED
INK_Core_Main_Program_v1.6.5_RC/Validation/v1.6.2/flower-batch/case-04-multilayer-corolla/comparisons/batch01-vs-v162.overlay.png,qa/validation/Validation/v1.6.2/flower-batch/case-04-multilayer-corolla/comparisons/batch01-vs-v162.overlay.png,QA,48133,494e944ac82338c8af73ecc093c2409663f4602d7fd41a0747a33b788fdb4016,COPIED
INK_Core_Main_Program_v1.6.5_RC/Validation/v1.6.2/flower-batch/case-04-multilayer-corolla/comparisons/batch01-vs-v162.side-by-side.png,qa/validation/Validation/v1.6.2/flower-batch/case-04-multilayer-corolla/comparisons/batch01-vs-v162.side-by-side.png,QA,60274,5a2e5760520ed8672b7d9c3daf06ce8bda91ee2d01b7054088f45469846fb534,COPIED
INK_Core_Main_Program_v1.6.5_RC/Validation/v1.6.2/flower-batch/case-04-multilayer-corolla/comparisons/before-vs-after.difference.png,qa/validation/Validation/v1.6.2/flower-batch/case-04-multilayer-corolla/comparisons/before-vs-after.difference.png,QA,24600,370d166e2a12d61f12df507a4df5a56775d7abf6db88928a34272cd79be2711d,COPIED
INK_Core_Main_Program_v1.6.5_RC/Validation/v1.6.2/flower-batch/case-04-multilayer-corolla/comparisons/before-vs-after.overlay.png,qa/validation/Validation/v1.6.2/flower-batch/case-04-multilayer-corolla/comparisons/before-vs-after.overlay.png,QA,35284,186f79597837e8c0b2e19f9a0a5aa7d5b136fbb02a1f1e778b62e2e279b8bc20,COPIED
INK_Core_Main_Program_v1.6.5_RC/Validation/v1.6.2/flower-batch/case-04-multilayer-corolla/comparisons/before-vs-after.side-by-side.png,qa/validation/Validation/v1.6.2/flower-batch/case-04-multilayer-corolla/comparisons/before-vs-after.side-by-side.png,QA,44163,0e8967e088a8ca53d31b41d0a142d19c37505874a96ccee04315ca188b278234,COPIED
INK_Core_Main_Program_v1.6.5_RC/Validation/v1.6.2/flower-batch/case-04-multilayer-corolla/comparisons/before-vs-rollback.difference.png,qa/validation/Validation/v1.6.2/flower-batch/case-04-multilayer-corolla/comparisons/before-vs-rollback.difference.png,QA,3640,91f11d1c34d8ee77f7c3fd4c9a5a09bad6d8f78b62a6386692c2c4e635692a6e,COPIED
INK_Core_Main_Program_v1.6.5_RC/Validation/v1.6.2/flower-batch/case-04-multilayer-corolla/comparisons/before-vs-rollback.overlay.png,qa/validation/Validation/v1.6.2/flower-batch/case-04-multilayer-corolla/comparisons/before-vs-rollback.overlay.png,QA,20865,a4815b0e06a9d562451d483c9bfc5c8b2e561dde215bec03b6639269ccd998b2,COPIED
INK_Core_Main_Program_v1.6.5_RC/Validation/v1.6.2/flower-batch/case-04-multilayer-corolla/comparisons/before-vs-rollback.side-by-side.png,qa/validation/Validation/v1.6.2/flower-batch/case-04-multilayer-corolla/comparisons/before-vs-rollback.side-by-side.png,QA,26635,2e4f50c629cbb968cd3e869117f6f9e4a987aba1f7c4979a685868e667e8634b,COPIED
INK_Core_Main_Program_v1.6.5_RC/Validation/v1.6.2/flower-batch/case-04-multilayer-corolla/outputs/after-rerun/after-rerun.headless.json,qa/validation/Validation/v1.6.2/flower-batch/case-04-multilayer-corolla/outputs/after-rerun/after-rerun.headless.json,QA,6947,628ae839217c592d708b71b1d59c127ab85083e0399a7a733217f6fa3bcff5b7,COPIED
INK_Core_Main_Program_v1.6.5_RC/Validation/v1.6.2/flower-batch/case-04-multilayer-corolla/outputs/after-rerun/after-rerun.png,qa/validation/Validation/v1.6.2/flower-batch/case-04-multilayer-corolla/outputs/after-rerun/after-rerun.png,QA,24930,ac01837864a49398f8bf119070590feeca7f1e4fe94206901eeb3ab6b89deba9,COPIED
INK_Core_Main_Program_v1.6.5_RC/Validation/v1.6.2/flower-batch/case-04-multilayer-corolla/outputs/after-rerun/after-rerun.svg,qa/validation/Validation/v1.6.2/flower-batch/case-04-multilayer-corolla/outputs/after-rerun/after-rerun.svg,QA,32096,2d6cb5d961e23598877989996ea548f60e97f9b0413bc99cb40a19e771ab7f92,COPIED
INK_Core_Main_Program_v1.6.5_RC/Validation/v1.6.2/flower-batch/case-04-multilayer-corolla/outputs/after-ring-specific/after-ring-specific.headless.json,qa/validation/Validation/v1.6.2/flower-batch/case-04-multilayer-corolla/outputs/after-ring-specific/after-ring-specific.headless.json,QA,6963,82de59d9235e7c0a7df658dbe22f66c9405301ce2d8d679cca3334344eb2cdff,COPIED
INK_Core_Main_Program_v1.6.5_RC/Validation/v1.6.2/flower-batch/case-04-multilayer-corolla/outputs/after-ring-specific/after-ring-specific.png,qa/validation/Validation/v1.6.2/flower-batch/case-04-multilayer-corolla/outputs/after-ring-specific/after-ring-specific.png,QA,24930,ac01837864a49398f8bf119070590feeca7f1e4fe94206901eeb3ab6b89deba9,COPIED
INK_Core_Main_Program_v1.6.5_RC/Validation/v1.6.2/flower-batch/case-04-multilayer-corolla/outputs/after-ring-specific/after-ring-specific.svg,qa/validation/Validation/v1.6.2/flower-batch/case-04-multilayer-corolla/outputs/after-ring-specific/after-ring-specific.svg,QA,32096,2d6cb5d961e23598877989996ea548f60e97f9b0413bc99cb40a19e771ab7f92,COPIED
INK_Core_Main_Program_v1.6.5_RC/Validation/v1.6.2/flower-batch/case-04-multilayer-corolla/outputs/before/before.headless.json,qa/validation/Validation/v1.6.2/flower-batch/case-04-multilayer-corolla/outputs/before/before.headless.json,QA,6937,c12017e70903152bcbf310c42e65ad5b783238a6ed1d0d8df1731c792b8b7c23,COPIED
INK_Core_Main_Program_v1.6.5_RC/Validation/v1.6.2/flower-batch/case-04-multilayer-corolla/outputs/before/before.png,qa/validation/Validation/v1.6.2/flower-batch/case-04-multilayer-corolla/outputs/before/before.png,QA,20865,a4815b0e06a9d562451d483c9bfc5c8b2e561dde215bec03b6639269ccd998b2,COPIED
INK_Core_Main_Program_v1.6.5_RC/Validation/v1.6.2/flower-batch/case-04-multilayer-corolla/outputs/before/before.svg,qa/validation/Validation/v1.6.2/flower-batch/case-04-multilayer-corolla/outputs/before/before.svg,QA,28483,ceb5a68fb7721b7c5674861da4da6d30de545d3f9b54975e3941270b30d9fed0,COPIED
INK_Core_Main_Program_v1.6.5_RC/Validation/v1.6.2/flower-batch/case-04-multilayer-corolla/outputs/rollback/rollback.headless.json,qa/validation/Validation/v1.6.2/flower-batch/case-04-multilayer-corolla/outputs/rollback/rollback.headless.json,QA,6941,19725f68339bb1c521b0993a8466150bc9abfe22fb2311a74b2468aa9487d50f,COPIED
INK_Core_Main_Program_v1.6.5_RC/Validation/v1.6.2/flower-batch/case-04-multilayer-corolla/outputs/rollback/rollback.png,qa/validation/Validation/v1.6.2/flower-batch/case-04-multilayer-corolla/outputs/rollback/rollback.png,QA,20865,a4815b0e06a9d562451d483c9bfc5c8b2e561dde215bec03b6639269ccd998b2,COPIED
INK_Core_Main_Program_v1.6.5_RC/Validation/v1.6.2/flower-batch/case-04-multilayer-corolla/outputs/rollback/rollback.svg,qa/validation/Validation/v1.6.2/flower-batch/case-04-multilayer-corolla/outputs/rollback/rollback.svg,QA,28483,ceb5a68fb7721b7c5674861da4da6d30de545d3f9b54975e3941270b30d9fed0,COPIED
INK_Core_Main_Program_v1.6.5_RC/Validation/v1.6.2/flower-batch/case-04-multilayer-corolla/result.json,qa/validation/Validation/v1.6.2/flower-batch/case-04-multilayer-corolla/result.json,QA,1386034,61b9fe844a46a1728a1a9860897de403bbeab342967df5adf681d35a76ebe338,COPIED
INK_Core_Main_Program_v1.6.5_RC/Validation/v1.6.2/flower-batch/case-05-stem-leaf-bud-assembly/comparisons/after-vs-rerun.difference.png,qa/validation/Validation/v1.6.2/flower-batch/case-05-stem-leaf-bud-assembly/comparisons/after-vs-rerun.difference.png,QA,3640,91f11d1c34d8ee77f7c3fd4c9a5a09bad6d8f78b62a6386692c2c4e635692a6e,COPIED
INK_Core_Main_Program_v1.6.5_RC/Validation/v1.6.2/flower-batch/case-05-stem-leaf-bud-assembly/comparisons/after-vs-rerun.overlay.png,qa/validation/Validation/v1.6.2/flower-batch/case-05-stem-leaf-bud-assembly/comparisons/after-vs-rerun.overlay.png,QA,24229,1be9a05dc7c0bfe74df694f1f84bfa60729ccdfe516742b7623e74d320fc0761,COPIED
INK_Core_Main_Program_v1.6.5_RC/Validation/v1.6.2/flower-batch/case-05-stem-leaf-bud-assembly/comparisons/after-vs-rerun.side-by-side.png,qa/validation/Validation/v1.6.2/flower-batch/case-05-stem-leaf-bud-assembly/comparisons/after-vs-rerun.side-by-side.png,QA,30254,c45a345835053877ae2793f7859e88de899b4dc9466c692912ad9c37bc8e3108,COPIED
INK_Core_Main_Program_v1.6.5_RC/Validation/v1.6.2/flower-batch/case-05-stem-leaf-bud-assembly/comparisons/batch01-vs-v162.difference.png,qa/validation/Validation/v1.6.2/flower-batch/case-05-stem-leaf-bud-assembly/comparisons/batch01-vs-v162.difference.png,QA,25465,7f388d2011c18ffd3c5f3b903173bc2d9259f8905b74aa19a1bfce43a5039432,COPIED
INK_Core_Main_Program_v1.6.5_RC/Validation/v1.6.2/flower-batch/case-05-stem-leaf-bud-assembly/comparisons/batch01-vs-v162.overlay.png,qa/validation/Validation/v1.6.2/flower-batch/case-05-stem-leaf-bud-assembly/comparisons/batch01-vs-v162.overlay.png,QA,36828,f572a999e1a7be0d2f3683d2b7cb4df8b1804093f87ca5349b285422d5f66d09,COPIED
INK_Core_Main_Program_v1.6.5_RC/Validation/v1.6.2/flower-batch/case-05-stem-leaf-bud-assembly/comparisons/batch01-vs-v162.side-by-side.png,qa/validation/Validation/v1.6.2/flower-batch/case-05-stem-leaf-bud-assembly/comparisons/batch01-vs-v162.side-by-side.png,QA,45326,857795627605a0d4304a464ec38c1d54e8e70a7d57a0d618b70ffa4097925e94,COPIED
INK_Core_Main_Program_v1.6.5_RC/Validation/v1.6.2/flower-batch/case-05-stem-leaf-bud-assembly/comparisons/before-vs-after.difference.png,qa/validation/Validation/v1.6.2/flower-batch/case-05-stem-leaf-bud-assembly/comparisons/before-vs-after.difference.png,QA,14544,32980b095562deb1a302622c7bbafec932d661f678698ee867b5f531ce60bd21,COPIED
INK_Core_Main_Program_v1.6.5_RC/Validation/v1.6.2/flower-batch/case-05-stem-leaf-bud-assembly/comparisons/before-vs-after.overlay.png,qa/validation/Validation/v1.6.2/flower-batch/case-05-stem-leaf-bud-assembly/comparisons/before-vs-after.overlay.png,QA,31125,fa5fca8f84a717e0f7ed4b951704da88b55769a81d102fda3eb2cd480e6bf1d5,COPIED
INK_Core_Main_Program_v1.6.5_RC/Validation/v1.6.2/flower-batch/case-05-stem-leaf-bud-assembly/comparisons/before-vs-after.side-by-side.png,qa/validation/Validation/v1.6.2/flower-batch/case-05-stem-leaf-bud-assembly/comparisons/before-vs-after.side-by-side.png,QA,37814,784e44983f62e815c23be94a15480d1f15f1c700c5708e6492574483d6ab5929,COPIED
INK_Core_Main_Program_v1.6.5_RC/Validation/v1.6.2/flower-batch/case-05-stem-leaf-bud-assembly/comparisons/before-vs-rollback.difference.png,qa/validation/Validation/v1.6.2/flower-batch/case-05-stem-leaf-bud-assembly/comparisons/before-vs-rollback.difference.png,QA,3640,91f11d1c34d8ee77f7c3fd4c9a5a09bad6d8f78b62a6386692c2c4e635692a6e,COPIED
INK_Core_Main_Program_v1.6.5_RC/Validation/v1.6.2/flower-batch/case-05-stem-leaf-bud-assembly/comparisons/before-vs-rollback.overlay.png,qa/validation/Validation/v1.6.2/flower-batch/case-05-stem-leaf-bud-assembly/comparisons/before-vs-rollback.overlay.png,QA,23552,e748a471d06c1c6c86c7140382785f59465d626f44c9d33f5545b2c0f34d70a8,COPIED
INK_Core_Main_Program_v1.6.5_RC/Validation/v1.6.2/flower-batch/case-05-stem-leaf-bud-assembly/comparisons/before-vs-rollback.side-by-side.png,qa/validation/Validation/v1.6.2/flower-batch/case-05-stem-leaf-bud-assembly/comparisons/before-vs-rollback.side-by-side.png,QA,29740,fe0750d34558ca8b8db6d4632aeff22a145c59d02ad258dacb5525a932e990f8,COPIED
INK_Core_Main_Program_v1.6.5_RC/Validation/v1.6.2/flower-batch/case-05-stem-leaf-bud-assembly/outputs/after-parent-and-leaf-update/after-parent-and-leaf-update.headless.json,qa/validation/Validation/v1.6.2/flower-batch/case-05-stem-leaf-bud-assembly/outputs/after-parent-and-leaf-update/after-parent-and-leaf-update.headless.json,QA,6985,3ccfa51ecc7b4e0ffac99d38ccb0eea30796b5f6293b7cffed8b6c20879b2d0b,COPIED
INK_Core_Main_Program_v1.6.5_RC/Validation/v1.6.2/flower-batch/case-05-stem-leaf-bud-assembly/outputs/after-parent-and-leaf-update/after-parent-and-leaf-update.png,qa/validation/Validation/v1.6.2/flower-batch/case-05-stem-leaf-bud-assembly/outputs/after-parent-and-leaf-update/after-parent-and-leaf-update.png,QA,24229,1be9a05dc7c0bfe74df694f1f84bfa60729ccdfe516742b7623e74d320fc0761,COPIED
INK_Core_Main_Program_v1.6.5_RC/Validation/v1.6.2/flower-batch/case-05-stem-leaf-bud-assembly/outputs/after-parent-and-leaf-update/after-parent-and-leaf-update.svg,qa/validation/Validation/v1.6.2/flower-batch/case-05-stem-leaf-bud-assembly/outputs/after-parent-and-leaf-update/after-parent-and-leaf-update.svg,QA,16136,e07df8bc51d5c4167603a13c2e7c3427dac16f4a5575095c4d2a8e9969d0c690,COPIED
INK_Core_Main_Program_v1.6.5_RC/Validation/v1.6.2/flower-batch/case-05-stem-leaf-bud-assembly/outputs/after-rerun/after-rerun.headless.json,qa/validation/Validation/v1.6.2/flower-batch/case-05-stem-leaf-bud-assembly/outputs/after-rerun/after-rerun.headless.json,QA,6951,9113a2ba812c8e44195954facefec9e6eb02db681a560c1cff8e1fae2f222b26,COPIED
INK_Core_Main_Program_v1.6.5_RC/Validation/v1.6.2/flower-batch/case-05-stem-leaf-bud-assembly/outputs/after-rerun/after-rerun.png,qa/validation/Validation/v1.6.2/flower-batch/case-05-stem-leaf-bud-assembly/outputs/after-rerun/after-rerun.png,QA,24229,1be9a05dc7c0bfe74df694f1f84bfa60729ccdfe516742b7623e74d320fc0761,COPIED
INK_Core_Main_Program_v1.6.5_RC/Validation/v1.6.2/flower-batch/case-05-stem-leaf-bud-assembly/outputs/after-rerun/after-rerun.svg,qa/validation/Validation/v1.6.2/flower-batch/case-05-stem-leaf-bud-assembly/outputs/after-rerun/after-rerun.svg,QA,16136,e07df8bc51d5c4167603a13c2e7c3427dac16f4a5575095c4d2a8e9969d0c690,COPIED
INK_Core_Main_Program_v1.6.5_RC/Validation/v1.6.2/flower-batch/case-05-stem-leaf-bud-assembly/outputs/before/before.headless.json,qa/validation/Validation/v1.6.2/flower-batch/case-05-stem-leaf-bud-assembly/outputs/before/before.headless.json,QA,6941,155f91f2b02b83019b9f80602d38dce0b9004aeebb3559fce685c97eb7b4fe9e,COPIED
INK_Core_Main_Program_v1.6.5_RC/Validation/v1.6.2/flower-batch/case-05-stem-leaf-bud-assembly/outputs/before/before.png,qa/validation/Validation/v1.6.2/flower-batch/case-05-stem-leaf-bud-assembly/outputs/before/before.png,QA,23552,e748a471d06c1c6c86c7140382785f59465d626f44c9d33f5545b2c0f34d70a8,COPIED
INK_Core_Main_Program_v1.6.5_RC/Validation/v1.6.2/flower-batch/case-05-stem-leaf-bud-assembly/outputs/before/before.svg,qa/validation/Validation/v1.6.2/flower-batch/case-05-stem-leaf-bud-assembly/outputs/before/before.svg,QA,16125,055c19f1aced8420e150ea36555879f7edf7b65464c49205324d6b5042b3e677,COPIED
INK_Core_Main_Program_v1.6.5_RC/Validation/v1.6.2/flower-batch/case-05-stem-leaf-bud-assembly/outputs/rollback/rollback.headless.json,qa/validation/Validation/v1.6.2/flower-batch/case-05-stem-leaf-bud-assembly/outputs/rollback/rollback.headless.json,QA,6945,ff8bc6c4a52997d492147b3cc66f93ed2ffda798b336367457fe2749c0ad20e7,COPIED
INK_Core_Main_Program_v1.6.5_RC/Validation/v1.6.2/flower-batch/case-05-stem-leaf-bud-assembly/outputs/rollback/rollback.png,qa/validation/Validation/v1.6.2/flower-batch/case-05-stem-leaf-bud-assembly/outputs/rollback/rollback.png,QA,23552,e748a471d06c1c6c86c7140382785f59465d626f44c9d33f5545b2c0f34d70a8,COPIED
INK_Core_Main_Program_v1.6.5_RC/Validation/v1.6.2/flower-batch/case-05-stem-leaf-bud-assembly/outputs/rollback/rollback.svg,qa/validation/Validation/v1.6.2/flower-batch/case-05-stem-leaf-bud-assembly/outputs/rollback/rollback.svg,QA,16125,055c19f1aced8420e150ea36555879f7edf7b65464c49205324d6b5042b3e677,COPIED
INK_Core_Main_Program_v1.6.5_RC/Validation/v1.6.2/flower-batch/case-05-stem-leaf-bud-assembly/result.json,qa/validation/Validation/v1.6.2/flower-batch/case-05-stem-leaf-bud-assembly/result.json,QA,855381,8a7bfb63519c881f1f2da2d27a64a2ae2f7ef652008efdd989470a2b3ee48e95,COPIED
INK_Core_Main_Program_v1.6.5_RC/Validation/v1.6.2/flower-batch/case-06-watercolor-vector-approximation/comparisons/after-vs-rerun.difference.png,qa/validation/Validation/v1.6.2/flower-batch/case-06-watercolor-vector-approximation/comparisons/after-vs-rerun.difference.png,QA,3640,91f11d1c34d8ee77f7c3fd4c9a5a09bad6d8f78b62a6386692c2c4e635692a6e,COPIED
INK_Core_Main_Program_v1.6.5_RC/Validation/v1.6.2/flower-batch/case-06-watercolor-vector-approximation/comparisons/after-vs-rerun.overlay.png,qa/validation/Validation/v1.6.2/flower-batch/case-06-watercolor-vector-approximation/comparisons/after-vs-rerun.overlay.png,QA,24707,1f3916997a2eb5eb94e88b18a43b9cb081324678cb13ae5e76d269a9f2a0dc0a,COPIED
INK_Core_Main_Program_v1.6.5_RC/Validation/v1.6.2/flower-batch/case-06-watercolor-vector-approximation/comparisons/after-vs-rerun.side-by-side.png,qa/validation/Validation/v1.6.2/flower-batch/case-06-watercolor-vector-approximation/comparisons/after-vs-rerun.side-by-side.png,QA,30615,154b2c44b57b03e743b860c05dcb0aa8bd732824eac1b3960589e02fef626634,COPIED
INK_Core_Main_Program_v1.6.5_RC/Validation/v1.6.2/flower-batch/case-06-watercolor-vector-approximation/comparisons/batch01-vs-v162.difference.png,qa/validation/Validation/v1.6.2/flower-batch/case-06-watercolor-vector-approximation/comparisons/batch01-vs-v162.difference.png,QA,24270,49da4e99032a4054c4381d0eaef424fa881f79ff01afe13a510d47ebc017fc1d,COPIED
INK_Core_Main_Program_v1.6.5_RC/Validation/v1.6.2/flower-batch/case-06-watercolor-vector-approximation/comparisons/batch01-vs-v162.overlay.png,qa/validation/Validation/v1.6.2/flower-batch/case-06-watercolor-vector-approximation/comparisons/batch01-vs-v162.overlay.png,QA,36326,3ea7ff4ce41ab27155df832fdd0ae7286404aa8a7db31a0853c3c76c0fe8ccab,COPIED
INK_Core_Main_Program_v1.6.5_RC/Validation/v1.6.2/flower-batch/case-06-watercolor-vector-approximation/comparisons/batch01-vs-v162.side-by-side.png,qa/validation/Validation/v1.6.2/flower-batch/case-06-watercolor-vector-approximation/comparisons/batch01-vs-v162.side-by-side.png,QA,49441,8b9f2758fb49d97c10f250c67386adc7b79e4a364234f53a9794ef79ca949bfe,COPIED
INK_Core_Main_Program_v1.6.5_RC/Validation/v1.6.2/flower-batch/case-06-watercolor-vector-approximation/comparisons/before-vs-rollback.difference.png,qa/validation/Validation/v1.6.2/flower-batch/case-06-watercolor-vector-approximation/comparisons/before-vs-rollback.difference.png,QA,3640,91f11d1c34d8ee77f7c3fd4c9a5a09bad6d8f78b62a6386692c2c4e635692a6e,COPIED
INK_Core_Main_Program_v1.6.5_RC/Validation/v1.6.2/flower-batch/case-06-watercolor-vector-approximation/comparisons/before-vs-rollback.overlay.png,qa/validation/Validation/v1.6.2/flower-batch/case-06-watercolor-vector-approximation/comparisons/before-vs-rollback.overlay.png,QA,14951,58315f3d05c9d1a80aa24f3184c18c1e38d2c91bfa935b0318b6a4f767913cd2,COPIED
INK_Core_Main_Program_v1.6.5_RC/Validation/v1.6.2/flower-batch/case-06-watercolor-vector-approximation/comparisons/before-vs-rollback.side-by-side.png,qa/validation/Validation/v1.6.2/flower-batch/case-06-watercolor-vector-approximation/comparisons/before-vs-rollback.side-by-side.png,QA,19623,f356e2b3740ef7629af05cfffcbdb51004611f83a5daaba7c5a147a4c3e66655,COPIED
INK_Core_Main_Program_v1.6.5_RC/Validation/v1.6.2/flower-batch/case-06-watercolor-vector-approximation/comparisons/flat-vs-approximation.difference.png,qa/validation/Validation/v1.6.2/flower-batch/case-06-watercolor-vector-approximation/comparisons/flat-vs-approximation.difference.png,QA,14275,6dbf4319e2bbaec42cd9378a20e95df4a2a620e2452be7a398b70509fce8756a,COPIED
INK_Core_Main_Program_v1.6.5_RC/Validation/v1.6.2/flower-batch/case-06-watercolor-vector-approximation/comparisons/flat-vs-approximation.overlay.png,qa/validation/Validation/v1.6.2/flower-batch/case-06-watercolor-vector-approximation/comparisons/flat-vs-approximation.overlay.png,QA,22351,bbb66ef524278ebead052aaa7fa666d38010a9d3fb5cbe04279a72a1a11de92d,COPIED
INK_Core_Main_Program_v1.6.5_RC/Validation/v1.6.2/flower-batch/case-06-watercolor-vector-approximation/comparisons/flat-vs-approximation.side-by-side.png,qa/validation/Validation/v1.6.2/flower-batch/case-06-watercolor-vector-approximation/comparisons/flat-vs-approximation.side-by-side.png,QA,39969,58af34e47d4c9a0acaef7391f8981b6720026978db3af30329ad326ad2d53239,COPIED
INK_Core_Main_Program_v1.6.5_RC/Validation/v1.6.2/flower-batch/case-06-watercolor-vector-approximation/outputs/after-rerun/after-rerun.headless.json,qa/validation/Validation/v1.6.2/flower-batch/case-06-watercolor-vector-approximation/outputs/after-rerun/after-rerun.headless.json,QA,6960,59309ce20c1e48dc8f6fc19a8a3780d247221ab54df919b5db3484062e7c7f5e,COPIED
INK_Core_Main_Program_v1.6.5_RC/Validation/v1.6.2/flower-batch/case-06-watercolor-vector-approximation/outputs/after-rerun/after-rerun.png,qa/validation/Validation/v1.6.2/flower-batch/case-06-watercolor-vector-approximation/outputs/after-rerun/after-rerun.png,QA,24707,1f3916997a2eb5eb94e88b18a43b9cb081324678cb13ae5e76d269a9f2a0dc0a,COPIED
INK_Core_Main_Program_v1.6.5_RC/Validation/v1.6.2/flower-batch/case-06-watercolor-vector-approximation/outputs/after-rerun/after-rerun.svg,qa/validation/Validation/v1.6.2/flower-batch/case-06-watercolor-vector-approximation/outputs/after-rerun/after-rerun.svg,QA,51440,40ddc23d368dc17ad77b4fc07d3191776d0adede0dd95caf00e2619786f5e7f1,COPIED
INK_Core_Main_Program_v1.6.5_RC/Validation/v1.6.2/flower-batch/case-06-watercolor-vector-approximation/outputs/after-vector-approximation/after-vector-approximation.headless.json,qa/validation/Validation/v1.6.2/flower-batch/case-06-watercolor-vector-approximation/outputs/after-vector-approximation/after-vector-approximation.headless.json,QA,6990,86b40edc93c9cd8eac783a6328e8a66fefdf41f274187164564571618dc4d486,COPIED
INK_Core_Main_Program_v1.6.5_RC/Validation/v1.6.2/flower-batch/case-06-watercolor-vector-approximation/outputs/after-vector-approximation/after-vector-approximation.png,qa/validation/Validation/v1.6.2/flower-batch/case-06-watercolor-vector-approximation/outputs/after-vector-approximation/after-vector-approximation.png,QA,24707,1f3916997a2eb5eb94e88b18a43b9cb081324678cb13ae5e76d269a9f2a0dc0a,COPIED
INK_Core_Main_Program_v1.6.5_RC/Validation/v1.6.2/flower-batch/case-06-watercolor-vector-approximation/outputs/after-vector-approximation/after-vector-approximation.svg,qa/validation/Validation/v1.6.2/flower-batch/case-06-watercolor-vector-approximation/outputs/after-vector-approximation/after-vector-approximation.svg,QA,51440,40ddc23d368dc17ad77b4fc07d3191776d0adede0dd95caf00e2619786f5e7f1,COPIED
INK_Core_Main_Program_v1.6.5_RC/Validation/v1.6.2/flower-batch/case-06-watercolor-vector-approximation/outputs/before-flat/before-flat.headless.json,qa/validation/Validation/v1.6.2/flower-batch/case-06-watercolor-vector-approximation/outputs/before-flat/before-flat.headless.json,QA,6960,6847c170f9773bf05f2169eaa85efe2891ba1bf67936abc229c9ba88b4342b70,COPIED
INK_Core_Main_Program_v1.6.5_RC/Validation/v1.6.2/flower-batch/case-06-watercolor-vector-approximation/outputs/before-flat/before-flat.png,qa/validation/Validation/v1.6.2/flower-batch/case-06-watercolor-vector-approximation/outputs/before-flat/before-flat.png,QA,14951,58315f3d05c9d1a80aa24f3184c18c1e38d2c91bfa935b0318b6a4f767913cd2,COPIED
INK_Core_Main_Program_v1.6.5_RC/Validation/v1.6.2/flower-batch/case-06-watercolor-vector-approximation/outputs/before-flat/before-flat.svg,qa/validation/Validation/v1.6.2/flower-batch/case-06-watercolor-vector-approximation/outputs/before-flat/before-flat.svg,QA,17477,b543c4320a326d9e259ef3cb9cdf65a061b488e7bf3a0bad33aac376ea6b1e75,COPIED
INK_Core_Main_Program_v1.6.5_RC/Validation/v1.6.2/flower-batch/case-06-watercolor-vector-approximation/outputs/rollback/rollback.headless.json,qa/validation/Validation/v1.6.2/flower-batch/case-06-watercolor-vector-approximation/outputs/rollback/rollback.headless.json,QA,6954,828da329f1727ea9834b5b96752be68d515a6a8d057e909312ef4259a0b1e682,COPIED
INK_Core_Main_Program_v1.6.5_RC/Validation/v1.6.2/flower-batch/case-06-watercolor-vector-approximation/outputs/rollback/rollback.png,qa/validation/Validation/v1.6.2/flower-batch/case-06-watercolor-vector-approximation/outputs/rollback/rollback.png,QA,14951,58315f3d05c9d1a80aa24f3184c18c1e38d2c91bfa935b0318b6a4f767913cd2,COPIED
INK_Core_Main_Program_v1.6.5_RC/Validation/v1.6.2/flower-batch/case-06-watercolor-vector-approximation/outputs/rollback/rollback.svg,qa/validation/Validation/v1.6.2/flower-batch/case-06-watercolor-vector-approximation/outputs/rollback/rollback.svg,QA,17477,b543c4320a326d9e259ef3cb9cdf65a061b488e7bf3a0bad33aac376ea6b1e75,COPIED
INK_Core_Main_Program_v1.6.5_RC/Validation/v1.6.2/flower-batch/case-06-watercolor-vector-approximation/result.json,qa/validation/Validation/v1.6.2/flower-batch/case-06-watercolor-vector-approximation/result.json,QA,10506,b02e3a963f5e3456d527501ff74268cc01bee5304b27f32ff0017255fe5f3921,COPIED
INK_Core_Main_Program_v1.6.5_RC/Validation/v1.6.2/main_outputs/Case_01_Fleurify_100_vs_70.png,qa/validation/Validation/v1.6.2/main_outputs/Case_01_Fleurify_100_vs_70.png,QA,32623,3970f34325cf13ddced1bd82fd69b7939a481e04be7d3baa62fe50375240423e,COPIED
INK_Core_Main_Program_v1.6.5_RC/Validation/v1.6.2/main_outputs/Case_02_Template_Instance.png,qa/validation/Validation/v1.6.2/main_outputs/Case_02_Template_Instance.png,QA,22290,5b0403bb9b994a6da1358d9ca2e15e3a31b8d1c01ab9cbb1e1db7546a5791292,COPIED
INK_Core_Main_Program_v1.6.5_RC/Validation/v1.6.2/main_outputs/Case_03_Repeat_12_vs_16.png,qa/validation/Validation/v1.6.2/main_outputs/Case_03_Repeat_12_vs_16.png,QA,37870,191f4bdedc489e4548bcffe4f4d07a4cee9700f8fa521c31ec5be87c13ea857b,COPIED
INK_Core_Main_Program_v1.6.5_RC/Validation/v1.6.2/main_outputs/Case_04_Ring_Specific_Recompute.png,qa/validation/Validation/v1.6.2/main_outputs/Case_04_Ring_Specific_Recompute.png,QA,44163,0e8967e088a8ca53d31b41d0a142d19c37505874a96ccee04315ca188b278234,COPIED
INK_Core_Main_Program_v1.6.5_RC/Validation/v1.6.2/main_outputs/Case_05_Hierarchy_Recompute.png,qa/validation/Validation/v1.6.2/main_outputs/Case_05_Hierarchy_Recompute.png,QA,37814,784e44983f62e815c23be94a15480d1f15f1c700c5708e6492574483d6ab5929,COPIED
INK_Core_Main_Program_v1.6.5_RC/Validation/v1.6.2/main_outputs/Case_06_Vector_Watercolor_Approximation.png,qa/validation/Validation/v1.6.2/main_outputs/Case_06_Vector_Watercolor_Approximation.png,QA,27480,b7443a297bb4e2ee2a34902fb86e1a9820a14e4469505dde9e680acafdc9d070,COPIED
INK_Core_Main_Program_v1.6.5_RC/Validation/v1.6.3/INK_v1.6.3_FINAL_TEST_SUMMARY.json,qa/validation/Validation/v1.6.3/INK_v1.6.3_FINAL_TEST_SUMMARY.json,QA,4169,6c43e8364c848beaef9da4005d4f1d88fb55ed645b79092f4d7d4342dfaf67ae,COPIED
INK_Core_Main_Program_v1.6.5_RC/Validation/v1.6.3/INK_v1.6.3_FINAL_TEST_SUMMARY.txt,qa/validation/Validation/v1.6.3/INK_v1.6.3_FINAL_TEST_SUMMARY.txt,QA,481,c1547da0bceeded9a180f72f3dcf98fdddb6f35eb9a31aaea090b31ec11dfa59,COPIED
INK_Core_Main_Program_v1.6.5_RC/Validation/v1.6.3/VW-VIDEO-01/VW-VIDEO-01-layer-object-summary.json,qa/validation/Validation/v1.6.3/VW-VIDEO-01/VW-VIDEO-01-layer-object-summary.json,QA,924,118bd9b761510ce868db7f74be8ea24a3251ec5bbe1023af6ec4a1c5b8b5b122,COPIED
INK_Core_Main_Program_v1.6.5_RC/Validation/v1.6.3/VW-VIDEO-01/VW-VIDEO-01-recipe.json,qa/validation/Validation/v1.6.3/VW-VIDEO-01/VW-VIDEO-01-recipe.json,QA,11626,cc45ea406448df4aab29f6ded2b8c8b2bd5245d0e1a2567f2f6ddb6be85e26b1,COPIED
INK_Core_Main_Program_v1.6.5_RC/Validation/v1.6.3/VW-VIDEO-01/VW-VIDEO-01-summary.json,qa/validation/Validation/v1.6.3/VW-VIDEO-01/VW-VIDEO-01-summary.json,QA,1209,4673eb97eedcdfba907664f671fdf81d090b98bff7ef904b1777e5b46518a5ea,COPIED
INK_Core_Main_Program_v1.6.5_RC/Validation/v1.6.3/VW-VIDEO-01/comparisons/result-vs-modified.difference.png,qa/validation/Validation/v1.6.3/VW-VIDEO-01/comparisons/result-vs-modified.difference.png,QA,11079,8125cf16ceee34561f806c31d0f92537734b1b9fd3721838b9531ea421a29828,COPIED
INK_Core_Main_Program_v1.6.5_RC/Validation/v1.6.3/VW-VIDEO-01/comparisons/result-vs-modified.metrics.json,qa/validation/Validation/v1.6.3/VW-VIDEO-01/comparisons/result-vs-modified.metrics.json,QA,145,3845a159b2786fa6608b5df528707caa1dd69f332aa7a6483056425f31cc723d,COPIED
INK_Core_Main_Program_v1.6.5_RC/Validation/v1.6.3/VW-VIDEO-01/comparisons/result-vs-modified.overlay.png,qa/validation/Validation/v1.6.3/VW-VIDEO-01/comparisons/result-vs-modified.overlay.png,QA,141108,030ac2b9d823ad4847070fec9e76fd5a02c7cdd84c572b087d5fda32782d5742,COPIED
INK_Core_Main_Program_v1.6.5_RC/Validation/v1.6.3/VW-VIDEO-01/comparisons/result-vs-modified.side-by-side.png,qa/validation/Validation/v1.6.3/VW-VIDEO-01/comparisons/result-vs-modified.side-by-side.png,QA,178557,8db264c5ce3645dde92fec7bef9619046afd251f33b8d60936ccab350bba8b97,COPIED
INK_Core_Main_Program_v1.6.5_RC/Validation/v1.6.3/VW-VIDEO-01/comparisons/result-vs-rerun.difference.png,qa/validation/Validation/v1.6.3/VW-VIDEO-01/comparisons/result-vs-rerun.difference.png,QA,5113,151a41ec768c16d1c5bb9b1e477f5641663ef67ebf26d9b1dfde0982292fdd94,COPIED
INK_Core_Main_Program_v1.6.5_RC/Validation/v1.6.3/VW-VIDEO-01/comparisons/result-vs-rerun.metrics.json,qa/validation/Validation/v1.6.3/VW-VIDEO-01/comparisons/result-vs-rerun.metrics.json,QA,122,f2de38266c1c9d0876c1619fcb13df49f9145fc7864c4e62b101c54093692da3,COPIED
INK_Core_Main_Program_v1.6.5_RC/Validation/v1.6.3/VW-VIDEO-01/comparisons/result-vs-rerun.overlay.png,qa/validation/Validation/v1.6.3/VW-VIDEO-01/comparisons/result-vs-rerun.overlay.png,QA,139586,ffbce8c0c86eaf9378daf74c00712ed2c7f7e1366d8c84676aa1a58142ec26a2,COPIED
INK_Core_Main_Program_v1.6.5_RC/Validation/v1.6.3/VW-VIDEO-01/comparisons/result-vs-rerun.side-by-side.png,qa/validation/Validation/v1.6.3/VW-VIDEO-01/comparisons/result-vs-rerun.side-by-side.png,QA,160388,0ed318f6b08514f1f17186f5e260143a4788d895950396f8ed87d2d1131c1378,COPIED
INK_Core_Main_Program_v1.6.5_RC/Validation/v1.6.3/VW-VIDEO-01/comparisons/result-vs-rollback.difference.png,qa/validation/Validation/v1.6.3/VW-VIDEO-01/comparisons/result-vs-rollback.difference.png,QA,5113,151a41ec768c16d1c5bb9b1e477f5641663ef67ebf26d9b1dfde0982292fdd94,COPIED
INK_Core_Main_Program_v1.6.5_RC/Validation/v1.6.3/VW-VIDEO-01/comparisons/result-vs-rollback.metrics.json,qa/validation/Validation/v1.6.3/VW-VIDEO-01/comparisons/result-vs-rollback.metrics.json,QA,122,f2de38266c1c9d0876c1619fcb13df49f9145fc7864c4e62b101c54093692da3,COPIED
INK_Core_Main_Program_v1.6.5_RC/Validation/v1.6.3/VW-VIDEO-01/comparisons/result-vs-rollback.overlay.png,qa/validation/Validation/v1.6.3/VW-VIDEO-01/comparisons/result-vs-rollback.overlay.png,QA,139586,ffbce8c0c86eaf9378daf74c00712ed2c7f7e1366d8c84676aa1a58142ec26a2,COPIED
INK_Core_Main_Program_v1.6.5_RC/Validation/v1.6.3/VW-VIDEO-01/comparisons/result-vs-rollback.side-by-side.png,qa/validation/Validation/v1.6.3/VW-VIDEO-01/comparisons/result-vs-rollback.side-by-side.png,QA,160388,0ed318f6b08514f1f17186f5e260143a4788d895950396f8ed87d2d1131c1378,COPIED
INK_Core_Main_Program_v1.6.5_RC/Validation/v1.6.3/VW-VIDEO-01/comparisons/video-reference-vs-ink-procedural.difference.png,qa/validation/Validation/v1.6.3/VW-VIDEO-01/comparisons/video-reference-vs-ink-procedural.difference.png,QA,279012,236ac21a5bd885d22786d3ef2efc68a4ee9f802241a7e156b8f3b885994c30f7,COPIED
INK_Core_Main_Program_v1.6.5_RC/Validation/v1.6.3/VW-VIDEO-01/comparisons/video-reference-vs-ink-procedural.metrics.json,qa/validation/Validation/v1.6.3/VW-VIDEO-01/comparisons/video-reference-vs-ink-procedural.metrics.json,QA,144,12051fa4fac2bf5e637d1a9fcae7d4f507a13f5c4c87a8a7e613a873e1567799,COPIED
INK_Core_Main_Program_v1.6.5_RC/Validation/v1.6.3/VW-VIDEO-01/comparisons/video-reference-vs-ink-procedural.overlay.png,qa/validation/Validation/v1.6.3/VW-VIDEO-01/comparisons/video-reference-vs-ink-procedural.overlay.png,QA,425665,a87d494843a161b88fb683afe4b0d2a097bb58aa78684103e84f6026ace85c44,COPIED
INK_Core_Main_Program_v1.6.5_RC/Validation/v1.6.3/VW-VIDEO-01/comparisons/video-reference-vs-ink-procedural.side-by-side.png,qa/validation/Validation/v1.6.3/VW-VIDEO-01/comparisons/video-reference-vs-ink-procedural.side-by-side.png,QA,577045,479954520c37351735cfcd3bb3c5fc0b71a66d592cfc2867455d3224e96a810f,COPIED
INK_Core_Main_Program_v1.6.5_RC/Validation/v1.6.3/VW-VIDEO-01/modified/VW-VIDEO-01-modified.headless.json,qa/validation/Validation/v1.6.3/VW-VIDEO-01/modified/VW-VIDEO-01-modified.headless.json,QA,6921,751f6e8faf1741fcbc6ee813682d234918776e2c254122c44d0230e94d1c24ba,COPIED
INK_Core_Main_Program_v1.6.5_RC/Validation/v1.6.3/VW-VIDEO-01/modified/VW-VIDEO-01-modified.png,qa/validation/Validation/v1.6.3/VW-VIDEO-01/modified/VW-VIDEO-01-modified.png,QA,141619,8619c1773fd74cbc9cdea74abbddbaaaf555e5e9b2d922a09221304e033775b7,COPIED
INK_Core_Main_Program_v1.6.5_RC/Validation/v1.6.3/VW-VIDEO-01/modified/VW-VIDEO-01-modified.svg,qa/validation/Validation/v1.6.3/VW-VIDEO-01/modified/VW-VIDEO-01-modified.svg,QA,155229,76249c7a0a07bd704f2a236384d71458eeea12c86fb9eeb8a8790969c5b19842,COPIED
INK_Core_Main_Program_v1.6.5_RC/Validation/v1.6.3/VW-VIDEO-01/rerun/VW-VIDEO-01-rerun.headless.json,qa/validation/Validation/v1.6.3/VW-VIDEO-01/rerun/VW-VIDEO-01-rerun.headless.json,QA,6915,fe79c1d9ba11bf5284a35762ffd4fff0acad7d861ae0e8fbe6b7e6e9a7a413fa,COPIED
INK_Core_Main_Program_v1.6.5_RC/Validation/v1.6.3/VW-VIDEO-01/rerun/VW-VIDEO-01-rerun.png,qa/validation/Validation/v1.6.3/VW-VIDEO-01/rerun/VW-VIDEO-01-rerun.png,QA,139586,ffbce8c0c86eaf9378daf74c00712ed2c7f7e1366d8c84676aa1a58142ec26a2,COPIED
INK_Core_Main_Program_v1.6.5_RC/Validation/v1.6.3/VW-VIDEO-01/rerun/VW-VIDEO-01-rerun.svg,qa/validation/Validation/v1.6.3/VW-VIDEO-01/rerun/VW-VIDEO-01-rerun.svg,QA,155229,6f7c844f06198bcbeca536ea59daec678290c7708e289f9c2ad5cb7140c4b6e3,COPIED
INK_Core_Main_Program_v1.6.5_RC/Validation/v1.6.3/VW-VIDEO-01/result/VW-VIDEO-01-result.headless.json,qa/validation/Validation/v1.6.3/VW-VIDEO-01/result/VW-VIDEO-01-result.headless.json,QA,6917,02586627e15e035d34adf76c3d5b20bea96658713fe3224d40fca70787dd8dd0,COPIED
INK_Core_Main_Program_v1.6.5_RC/Validation/v1.6.3/VW-VIDEO-01/result/VW-VIDEO-01-result.png,qa/validation/Validation/v1.6.3/VW-VIDEO-01/result/VW-VIDEO-01-result.png,QA,139586,ffbce8c0c86eaf9378daf74c00712ed2c7f7e1366d8c84676aa1a58142ec26a2,COPIED
INK_Core_Main_Program_v1.6.5_RC/Validation/v1.6.3/VW-VIDEO-01/result/VW-VIDEO-01-result.svg,qa/validation/Validation/v1.6.3/VW-VIDEO-01/result/VW-VIDEO-01-result.svg,QA,155229,6f7c844f06198bcbeca536ea59daec678290c7708e289f9c2ad5cb7140c4b6e3,COPIED
INK_Core_Main_Program_v1.6.5_RC/Validation/v1.6.3/VW-VIDEO-01/rollback/VW-VIDEO-01-rollback.headless.json,qa/validation/Validation/v1.6.3/VW-VIDEO-01/rollback/VW-VIDEO-01-rollback.headless.json,QA,6921,28635c396a7d6548ecd1edbeeba5800a298118b4024120f7ab182cc440a02e46,COPIED
INK_Core_Main_Program_v1.6.5_RC/Validation/v1.6.3/VW-VIDEO-01/rollback/VW-VIDEO-01-rollback.png,qa/validation/Validation/v1.6.3/VW-VIDEO-01/rollback/VW-VIDEO-01-rollback.png,QA,139586,ffbce8c0c86eaf9378daf74c00712ed2c7f7e1366d8c84676aa1a58142ec26a2,COPIED
INK_Core_Main_Program_v1.6.5_RC/Validation/v1.6.3/VW-VIDEO-01/rollback/VW-VIDEO-01-rollback.svg,qa/validation/Validation/v1.6.3/VW-VIDEO-01/rollback/VW-VIDEO-01-rollback.svg,QA,155229,6f7c844f06198bcbeca536ea59daec678290c7708e289f9c2ad5cb7140c4b6e3,COPIED
INK_Core_Main_Program_v1.6.5_RC/Validation/v1.6.3/VW-VIDEO-01/video-reference/video-reference.png,qa/validation/Validation/v1.6.3/VW-VIDEO-01/video-reference/video-reference.png,QA,302977,3288156cd9a7352ec1978e22d594cb9adf3078b396f21d8c3425170275dfcfc6,COPIED
INK_Core_Main_Program_v1.6.5_RC/Validation/v1.6.3/batch02-enhanced/case-01-dense-multilayer-peony/comparisons/enhanced-vs-rerun.difference.png,qa/validation/Validation/v1.6.3/batch02-enhanced/case-01-dense-multilayer-peony/comparisons/enhanced-vs-rerun.difference.png,QA,5113,151a41ec768c16d1c5bb9b1e477f5641663ef67ebf26d9b1dfde0982292fdd94,COPIED
INK_Core_Main_Program_v1.6.5_RC/Validation/v1.6.3/batch02-enhanced/case-01-dense-multilayer-peony/comparisons/enhanced-vs-rerun.metrics.json,qa/validation/Validation/v1.6.3/batch02-enhanced/case-01-dense-multilayer-peony/comparisons/enhanced-vs-rerun.metrics.json,QA,122,4fb83c1fc04eafeeeb81aafc2d4cff5ca4bd40964e5944803d8580565fc46275,COPIED
INK_Core_Main_Program_v1.6.5_RC/Validation/v1.6.3/batch02-enhanced/case-01-dense-multilayer-peony/comparisons/enhanced-vs-rerun.overlay.png,qa/validation/Validation/v1.6.3/batch02-enhanced/case-01-dense-multilayer-peony/comparisons/enhanced-vs-rerun.overlay.png,QA,41526,f8d74e82b983024bf8749d8e9059cd0315172c94bdf0db08a3334614e24067f4,COPIED
INK_Core_Main_Program_v1.6.5_RC/Validation/v1.6.3/batch02-enhanced/case-01-dense-multilayer-peony/comparisons/enhanced-vs-rerun.side-by-side.png,qa/validation/Validation/v1.6.3/batch02-enhanced/case-01-dense-multilayer-peony/comparisons/enhanced-vs-rerun.side-by-side.png,QA,50859,d0ddb4c6df1032a770d96540d4e4638828489fd330607a57d7893926c0b185c3,COPIED
INK_Core_Main_Program_v1.6.5_RC/Validation/v1.6.3/batch02-enhanced/case-01-dense-multilayer-peony/enhanced/enhanced.document.json,qa/validation/Validation/v1.6.3/batch02-enhanced/case-01-dense-multilayer-peony/enhanced/enhanced.document.json,QA,193203,57f0423a0c7f423392bc57b9eb3bb8eb63f881a480069ff8f3570a7cebf641fb,COPIED
INK_Core_Main_Program_v1.6.5_RC/Validation/v1.6.3/batch02-enhanced/case-01-dense-multilayer-peony/enhanced/enhanced.export.json,qa/validation/Validation/v1.6.3/batch02-enhanced/case-01-dense-multilayer-peony/enhanced/enhanced.export.json,QA,778,59eac5040fd1737a04bfe03e5febca9539e186f25f26d045584a4217a790dacd,COPIED
INK_Core_Main_Program_v1.6.5_RC/Validation/v1.6.3/batch02-enhanced/case-01-dense-multilayer-peony/enhanced/enhanced.headless.json,qa/validation/Validation/v1.6.3/batch02-enhanced/case-01-dense-multilayer-peony/enhanced/enhanced.headless.json,QA,6901,d4820de89e44c37a06f24d5b1e6e329367ae44b52039e358123eed1ab224187c,COPIED
INK_Core_Main_Program_v1.6.5_RC/Validation/v1.6.3/batch02-enhanced/case-01-dense-multilayer-peony/enhanced/enhanced.png,qa/validation/Validation/v1.6.3/batch02-enhanced/case-01-dense-multilayer-peony/enhanced/enhanced.png,QA,41526,f8d74e82b983024bf8749d8e9059cd0315172c94bdf0db08a3334614e24067f4,COPIED
INK_Core_Main_Program_v1.6.5_RC/Validation/v1.6.3/batch02-enhanced/case-01-dense-multilayer-peony/enhanced/enhanced.svg,qa/validation/Validation/v1.6.3/batch02-enhanced/case-01-dense-multilayer-peony/enhanced/enhanced.svg,QA,36092,bbb9c762fc96e5e8601b0f58104285b62b0c01a01dacb4edb5ef0e0ef9ce373f,COPIED
INK_Core_Main_Program_v1.6.5_RC/Validation/v1.6.3/batch02-enhanced/case-01-dense-multilayer-peony/rerun/rerun.document.json,qa/validation/Validation/v1.6.3/batch02-enhanced/case-01-dense-multilayer-peony/rerun/rerun.document.json,QA,193203,57f0423a0c7f423392bc57b9eb3bb8eb63f881a480069ff8f3570a7cebf641fb,COPIED
INK_Core_Main_Program_v1.6.5_RC/Validation/v1.6.3/batch02-enhanced/case-01-dense-multilayer-peony/rerun/rerun.export.json,qa/validation/Validation/v1.6.3/batch02-enhanced/case-01-dense-multilayer-peony/rerun/rerun.export.json,QA,766,b83e7de06d5c109853c3584f01f481bade7833150c138f211117e71916f123fb,COPIED
INK_Core_Main_Program_v1.6.5_RC/Validation/v1.6.3/batch02-enhanced/case-01-dense-multilayer-peony/rerun/rerun.headless.json,qa/validation/Validation/v1.6.3/batch02-enhanced/case-01-dense-multilayer-peony/rerun/rerun.headless.json,QA,6895,eb2a7f72d618ba335fa9c68f64c6f2a663ab5ff8966aba85de0d0dfbd587aef7,COPIED
INK_Core_Main_Program_v1.6.5_RC/Validation/v1.6.3/batch02-enhanced/case-01-dense-multilayer-peony/rerun/rerun.png,qa/validation/Validation/v1.6.3/batch02-enhanced/case-01-dense-multilayer-peony/rerun/rerun.png,QA,41526,f8d74e82b983024bf8749d8e9059cd0315172c94bdf0db08a3334614e24067f4,COPIED
INK_Core_Main_Program_v1.6.5_RC/Validation/v1.6.3/batch02-enhanced/case-01-dense-multilayer-peony/rerun/rerun.svg,qa/validation/Validation/v1.6.3/batch02-enhanced/case-01-dense-multilayer-peony/rerun/rerun.svg,QA,36092,bbb9c762fc96e5e8601b0f58104285b62b0c01a01dacb4edb5ef0e0ef9ce373f,COPIED
INK_Core_Main_Program_v1.6.5_RC/Validation/v1.6.3/batch02-enhanced/case-01-dense-multilayer-peony/result.json,qa/validation/Validation/v1.6.3/batch02-enhanced/case-01-dense-multilayer-peony/result.json,QA,467,fcdb4cda7571f0fb8e5a61cefa51eedcde30c0ba4d9ed9acc6dc9c86518b3981,COPIED
INK_Core_Main_Program_v1.6.5_RC/Validation/v1.6.3/batch02-enhanced/case-02-three-quarter-tulip/comparisons/enhanced-vs-rerun.difference.png,qa/validation/Validation/v1.6.3/batch02-enhanced/case-02-three-quarter-tulip/comparisons/enhanced-vs-rerun.difference.png,QA,5113,151a41ec768c16d1c5bb9b1e477f5641663ef67ebf26d9b1dfde0982292fdd94,COPIED
INK_Core_Main_Program_v1.6.5_RC/Validation/v1.6.3/batch02-enhanced/case-02-three-quarter-tulip/comparisons/enhanced-vs-rerun.metrics.json,qa/validation/Validation/v1.6.3/batch02-enhanced/case-02-three-quarter-tulip/comparisons/enhanced-vs-rerun.metrics.json,QA,122,4fb83c1fc04eafeeeb81aafc2d4cff5ca4bd40964e5944803d8580565fc46275,COPIED
INK_Core_Main_Program_v1.6.5_RC/Validation/v1.6.3/batch02-enhanced/case-02-three-quarter-tulip/comparisons/enhanced-vs-rerun.overlay.png,qa/validation/Validation/v1.6.3/batch02-enhanced/case-02-three-quarter-tulip/comparisons/enhanced-vs-rerun.overlay.png,QA,24297,dd21be7edca1a65ba8d6e38e5772d62fe5317faf51536b318c4dff09c51280d4,COPIED
INK_Core_Main_Program_v1.6.5_RC/Validation/v1.6.3/batch02-enhanced/case-02-three-quarter-tulip/comparisons/enhanced-vs-rerun.side-by-side.png,qa/validation/Validation/v1.6.3/batch02-enhanced/case-02-three-quarter-tulip/comparisons/enhanced-vs-rerun.side-by-side.png,QA,32004,e4e5a09f6bf2f9b6c122b7739a36e1dc93b99c2f003b2cf26b4f1c78241d4d3a,COPIED
INK_Core_Main_Program_v1.6.5_RC/Validation/v1.6.3/batch02-enhanced/case-02-three-quarter-tulip/enhanced/enhanced.document.json,qa/validation/Validation/v1.6.3/batch02-enhanced/case-02-three-quarter-tulip/enhanced/enhanced.document.json,QA,99739,8cc021ce7983538cb8a50fe90b4a6db61ce164b048c2a888f224f255669bb71f,COPIED
INK_Core_Main_Program_v1.6.5_RC/Validation/v1.6.3/batch02-enhanced/case-02-three-quarter-tulip/enhanced/enhanced.export.json,qa/validation/Validation/v1.6.3/batch02-enhanced/case-02-three-quarter-tulip/enhanced/enhanced.export.json,QA,772,2c7468551e0b6541f1698e64944a9db78ec239cc9ecd8aefed94d0436fabc085,COPIED
INK_Core_Main_Program_v1.6.5_RC/Validation/v1.6.3/batch02-enhanced/case-02-three-quarter-tulip/enhanced/enhanced.headless.json,qa/validation/Validation/v1.6.3/batch02-enhanced/case-02-three-quarter-tulip/enhanced/enhanced.headless.json,QA,6898,c216d59d5513f56806274c34b194fb3d87d3ba29739f7023a53ad5ee5f8f7451,COPIED
INK_Core_Main_Program_v1.6.5_RC/Validation/v1.6.3/batch02-enhanced/case-02-three-quarter-tulip/enhanced/enhanced.png,qa/validation/Validation/v1.6.3/batch02-enhanced/case-02-three-quarter-tulip/enhanced/enhanced.png,QA,24297,dd21be7edca1a65ba8d6e38e5772d62fe5317faf51536b318c4dff09c51280d4,COPIED
INK_Core_Main_Program_v1.6.5_RC/Validation/v1.6.3/batch02-enhanced/case-02-three-quarter-tulip/enhanced/enhanced.svg,qa/validation/Validation/v1.6.3/batch02-enhanced/case-02-three-quarter-tulip/enhanced/enhanced.svg,QA,17975,e79de6a59e3b6dad06f5450cd66cd45196eb29ebd561771076d5dd2865458db1,COPIED
INK_Core_Main_Program_v1.6.5_RC/Validation/v1.6.3/batch02-enhanced/case-02-three-quarter-tulip/rerun/rerun.document.json,qa/validation/Validation/v1.6.3/batch02-enhanced/case-02-three-quarter-tulip/rerun/rerun.document.json,QA,99739,8cc021ce7983538cb8a50fe90b4a6db61ce164b048c2a888f224f255669bb71f,COPIED
INK_Core_Main_Program_v1.6.5_RC/Validation/v1.6.3/batch02-enhanced/case-02-three-quarter-tulip/rerun/rerun.export.json,qa/validation/Validation/v1.6.3/batch02-enhanced/case-02-three-quarter-tulip/rerun/rerun.export.json,QA,760,f744d85cc28e4a88d46a0ea5935b1c0eed889b318128baba4ffc5b3f7dace2da,COPIED
INK_Core_Main_Program_v1.6.5_RC/Validation/v1.6.3/batch02-enhanced/case-02-three-quarter-tulip/rerun/rerun.headless.json,qa/validation/Validation/v1.6.3/batch02-enhanced/case-02-three-quarter-tulip/rerun/rerun.headless.json,QA,6892,913dffcfaeb430095c1800c93550e896d0889ab8068db975f5aceb947bbef8e8,COPIED
INK_Core_Main_Program_v1.6.5_RC/Validation/v1.6.3/batch02-enhanced/case-02-three-quarter-tulip/rerun/rerun.png,qa/validation/Validation/v1.6.3/batch02-enhanced/case-02-three-quarter-tulip/rerun/rerun.png,QA,24297,dd21be7edca1a65ba8d6e38e5772d62fe5317faf51536b318c4dff09c51280d4,COPIED
INK_Core_Main_Program_v1.6.5_RC/Validation/v1.6.3/batch02-enhanced/case-02-three-quarter-tulip/rerun/rerun.svg,qa/validation/Validation/v1.6.3/batch02-enhanced/case-02-three-quarter-tulip/rerun/rerun.svg,QA,17975,e79de6a59e3b6dad06f5450cd66cd45196eb29ebd561771076d5dd2865458db1,COPIED
INK_Core_Main_Program_v1.6.5_RC/Validation/v1.6.3/batch02-enhanced/case-02-three-quarter-tulip/result.json,qa/validation/Validation/v1.6.3/batch02-enhanced/case-02-three-quarter-tulip/result.json,QA,2760,8235549487e496b871b23c1b415304606db85570a25df8134d02788e9ddd1806,COPIED
INK_Core_Main_Program_v1.6.5_RC/Validation/v1.6.3/batch02-enhanced/case-03-branched-botanical-unit/comparisons/enhanced-vs-rerun.difference.png,qa/validation/Validation/v1.6.3/batch02-enhanced/case-03-branched-botanical-unit/comparisons/enhanced-vs-rerun.difference.png,QA,5113,151a41ec768c16d1c5bb9b1e477f5641663ef67ebf26d9b1dfde0982292fdd94,COPIED
INK_Core_Main_Program_v1.6.5_RC/Validation/v1.6.3/batch02-enhanced/case-03-branched-botanical-unit/comparisons/enhanced-vs-rerun.metrics.json,qa/validation/Validation/v1.6.3/batch02-enhanced/case-03-branched-botanical-unit/comparisons/enhanced-vs-rerun.metrics.json,QA,122,4fb83c1fc04eafeeeb81aafc2d4cff5ca4bd40964e5944803d8580565fc46275,COPIED
INK_Core_Main_Program_v1.6.5_RC/Validation/v1.6.3/batch02-enhanced/case-03-branched-botanical-unit/comparisons/enhanced-vs-rerun.overlay.png,qa/validation/Validation/v1.6.3/batch02-enhanced/case-03-branched-botanical-unit/comparisons/enhanced-vs-rerun.overlay.png,QA,47925,c0e7e3d1e1a271a8e1999d9198b5a7eddaabf3de33c6e1bfdc219885ca017bc3,COPIED
INK_Core_Main_Program_v1.6.5_RC/Validation/v1.6.3/batch02-enhanced/case-03-branched-botanical-unit/comparisons/enhanced-vs-rerun.side-by-side.png,qa/validation/Validation/v1.6.3/batch02-enhanced/case-03-branched-botanical-unit/comparisons/enhanced-vs-rerun.side-by-side.png,QA,58575,148555ea4f29c8e528b62868d572454dc5e86703cf3c2cd552aac8a039913147,COPIED
INK_Core_Main_Program_v1.6.5_RC/Validation/v1.6.3/batch02-enhanced/case-03-branched-botanical-unit/enhanced/enhanced.document.json,qa/validation/Validation/v1.6.3/batch02-enhanced/case-03-branched-botanical-unit/enhanced/enhanced.document.json,QA,215138,254b707dcd1df7131b16582015d982d8e567dc76bab3c951aae3cdef1f50e308,COPIED
INK_Core_Main_Program_v1.6.5_RC/Validation/v1.6.3/batch02-enhanced/case-03-branched-botanical-unit/enhanced/enhanced.export.json,qa/validation/Validation/v1.6.3/batch02-enhanced/case-03-branched-botanical-unit/enhanced/enhanced.export.json,QA,780,58529d7786d0ca0d62525d1c42e422236288917a69c9c10bf4f766684d637eeb,COPIED
INK_Core_Main_Program_v1.6.5_RC/Validation/v1.6.3/batch02-enhanced/case-03-branched-botanical-unit/enhanced/enhanced.headless.json,qa/validation/Validation/v1.6.3/batch02-enhanced/case-03-branched-botanical-unit/enhanced/enhanced.headless.json,QA,6902,e4abd86d1153e715a87d3b238f25e088e78c702faad888230865cc69760784ca,COPIED
INK_Core_Main_Program_v1.6.5_RC/Validation/v1.6.3/batch02-enhanced/case-03-branched-botanical-unit/enhanced/enhanced.png,qa/validation/Validation/v1.6.3/batch02-enhanced/case-03-branched-botanical-unit/enhanced/enhanced.png,QA,47925,c0e7e3d1e1a271a8e1999d9198b5a7eddaabf3de33c6e1bfdc219885ca017bc3,COPIED
INK_Core_Main_Program_v1.6.5_RC/Validation/v1.6.3/batch02-enhanced/case-03-branched-botanical-unit/enhanced/enhanced.svg,qa/validation/Validation/v1.6.3/batch02-enhanced/case-03-branched-botanical-unit/enhanced/enhanced.svg,QA,41404,72ca043bfd818b13e7c5349c6050b88d1d2440fadcd54dbbe9f004bcc13b9d70,COPIED
INK_Core_Main_Program_v1.6.5_RC/Validation/v1.6.3/batch02-enhanced/case-03-branched-botanical-unit/rerun/rerun.document.json,qa/validation/Validation/v1.6.3/batch02-enhanced/case-03-branched-botanical-unit/rerun/rerun.document.json,QA,215138,254b707dcd1df7131b16582015d982d8e567dc76bab3c951aae3cdef1f50e308,COPIED
INK_Core_Main_Program_v1.6.5_RC/Validation/v1.6.3/batch02-enhanced/case-03-branched-botanical-unit/rerun/rerun.export.json,qa/validation/Validation/v1.6.3/batch02-enhanced/case-03-branched-botanical-unit/rerun/rerun.export.json,QA,768,e5283a468e14fca7f15f28e851c13cf6c59ce6a43c98add0827c5ff5d909fe91,COPIED
INK_Core_Main_Program_v1.6.5_RC/Validation/v1.6.3/batch02-enhanced/case-03-branched-botanical-unit/rerun/rerun.headless.json,qa/validation/Validation/v1.6.3/batch02-enhanced/case-03-branched-botanical-unit/rerun/rerun.headless.json,QA,6896,0289b689199bb5f2375dc3e1573af506328cc46792fcafb6cdbb3291b1267067,COPIED
INK_Core_Main_Program_v1.6.5_RC/Validation/v1.6.3/batch02-enhanced/case-03-branched-botanical-unit/rerun/rerun.png,qa/validation/Validation/v1.6.3/batch02-enhanced/case-03-branched-botanical-unit/rerun/rerun.png,QA,47925,c0e7e3d1e1a271a8e1999d9198b5a7eddaabf3de33c6e1bfdc219885ca017bc3,COPIED
INK_Core_Main_Program_v1.6.5_RC/Validation/v1.6.3/batch02-enhanced/case-03-branched-botanical-unit/rerun/rerun.svg,qa/validation/Validation/v1.6.3/batch02-enhanced/case-03-branched-botanical-unit/rerun/rerun.svg,QA,41404,72ca043bfd818b13e7c5349c6050b88d1d2440fadcd54dbbe9f004bcc13b9d70,COPIED
INK_Core_Main_Program_v1.6.5_RC/Validation/v1.6.3/batch02-enhanced/case-03-branched-botanical-unit/result.json,qa/validation/Validation/v1.6.3/batch02-enhanced/case-03-branched-botanical-unit/result.json,QA,416,506e612be4df436e66be19ddcc283aad76c248e54eb297c95e351a70efbcbccc,COPIED
INK_Core_Main_Program_v1.6.5_RC/Validation/v1.6.3/batch02-enhanced/case-04-real-complex-illustrator-spirograph/comparisons/20-vs-24.difference.png,qa/validation/Validation/v1.6.3/batch02-enhanced/case-04-real-complex-illustrator-spirograph/comparisons/20-vs-24.difference.png,QA,24388,f112b3b4479431671748d8a39fc2c2462db6d4c15db7cede45141aed869e8536,COPIED
INK_Core_Main_Program_v1.6.5_RC/Validation/v1.6.3/batch02-enhanced/case-04-real-complex-illustrator-spirograph/comparisons/20-vs-24.metrics.json,qa/validation/Validation/v1.6.3/batch02-enhanced/case-04-real-complex-illustrator-spirograph/comparisons/20-vs-24.metrics.json,QA,144,c688be40a0995d199d313af59e671e48201a6f23f73a84532b7ac69d0dccee1d,COPIED
INK_Core_Main_Program_v1.6.5_RC/Validation/v1.6.3/batch02-enhanced/case-04-real-complex-illustrator-spirograph/comparisons/20-vs-24.overlay.png,qa/validation/Validation/v1.6.3/batch02-enhanced/case-04-real-complex-illustrator-spirograph/comparisons/20-vs-24.overlay.png,QA,31602,d31034b46d68c93574bd9d3c8cb03013a81724870671a1451e78b474c56b2771,COPIED
INK_Core_Main_Program_v1.6.5_RC/Validation/v1.6.3/batch02-enhanced/case-04-real-complex-illustrator-spirograph/comparisons/20-vs-24.side-by-side.png,qa/validation/Validation/v1.6.3/batch02-enhanced/case-04-real-complex-illustrator-spirograph/comparisons/20-vs-24.side-by-side.png,QA,43857,dffdad0c64f2c3b80e7a9334f560ceac10d5f41744250eabfb8af347e301be25,COPIED
INK_Core_Main_Program_v1.6.5_RC/Validation/v1.6.3/batch02-enhanced/case-04-real-complex-illustrator-spirograph/comparisons/20-vs-rerun.difference.png,qa/validation/Validation/v1.6.3/batch02-enhanced/case-04-real-complex-illustrator-spirograph/comparisons/20-vs-rerun.difference.png,QA,5113,151a41ec768c16d1c5bb9b1e477f5641663ef67ebf26d9b1dfde0982292fdd94,COPIED
INK_Core_Main_Program_v1.6.5_RC/Validation/v1.6.3/batch02-enhanced/case-04-real-complex-illustrator-spirograph/comparisons/20-vs-rerun.metrics.json,qa/validation/Validation/v1.6.3/batch02-enhanced/case-04-real-complex-illustrator-spirograph/comparisons/20-vs-rerun.metrics.json,QA,122,4fb83c1fc04eafeeeb81aafc2d4cff5ca4bd40964e5944803d8580565fc46275,COPIED
INK_Core_Main_Program_v1.6.5_RC/Validation/v1.6.3/batch02-enhanced/case-04-real-complex-illustrator-spirograph/comparisons/20-vs-rerun.overlay.png,qa/validation/Validation/v1.6.3/batch02-enhanced/case-04-real-complex-illustrator-spirograph/comparisons/20-vs-rerun.overlay.png,QA,20983,dcd891a0eaa860f4e26b12168f77d33bf4314a851d90c88cc60aeabce336f24c,COPIED
INK_Core_Main_Program_v1.6.5_RC/Validation/v1.6.3/batch02-enhanced/case-04-real-complex-illustrator-spirograph/comparisons/20-vs-rerun.side-by-side.png,qa/validation/Validation/v1.6.3/batch02-enhanced/case-04-real-complex-illustrator-spirograph/comparisons/20-vs-rerun.side-by-side.png,QA,28586,fcc5c004eaef1ecc0266c6ed6794ed1fbfa69b30840953104c095bb0f6b8e55a,COPIED
INK_Core_Main_Program_v1.6.5_RC/Validation/v1.6.3/batch02-enhanced/case-04-real-complex-illustrator-spirograph/enhanced-20/enhanced-20.document.json,qa/validation/Validation/v1.6.3/batch02-enhanced/case-04-real-complex-illustrator-spirograph/enhanced-20/enhanced-20.document.json,QA,65009,842e4ccbe1a88f7e6986213dab8347f9f12693acbf1fb503b4a0c508dcb060e6,COPIED
INK_Core_Main_Program_v1.6.5_RC/Validation/v1.6.3/batch02-enhanced/case-04-real-complex-illustrator-spirograph/enhanced-20/enhanced-20.export.json,qa/validation/Validation/v1.6.3/batch02-enhanced/case-04-real-complex-illustrator-spirograph/enhanced-20/enhanced-20.export.json,QA,816,24982af9d167115a0119d83deeb213527171783c18162bba902e5f5d84120089,COPIED
INK_Core_Main_Program_v1.6.5_RC/Validation/v1.6.3/batch02-enhanced/case-04-real-complex-illustrator-spirograph/enhanced-20/enhanced-20.headless.json,qa/validation/Validation/v1.6.3/batch02-enhanced/case-04-real-complex-illustrator-spirograph/enhanced-20/enhanced-20.headless.json,QA,6920,4f86cc28b4749f6530cc4f692e7a5006ce68c2d05e3671c609ce0a3e8c918e24,COPIED
INK_Core_Main_Program_v1.6.5_RC/Validation/v1.6.3/batch02-enhanced/case-04-real-complex-illustrator-spirograph/enhanced-20/enhanced-20.png,qa/validation/Validation/v1.6.3/batch02-enhanced/case-04-real-complex-illustrator-spirograph/enhanced-20/enhanced-20.png,QA,20983,dcd891a0eaa860f4e26b12168f77d33bf4314a851d90c88cc60aeabce336f24c,COPIED
INK_Core_Main_Program_v1.6.5_RC/Validation/v1.6.3/batch02-enhanced/case-04-real-complex-illustrator-spirograph/enhanced-20/enhanced-20.svg,qa/validation/Validation/v1.6.3/batch02-enhanced/case-04-real-complex-illustrator-spirograph/enhanced-20/enhanced-20.svg,QA,14950,1d03a972b77d68336b913b9570a9b29b3394ca24ea8c51eab2ab2f149e6c4483,COPIED
INK_Core_Main_Program_v1.6.5_RC/Validation/v1.6.3/batch02-enhanced/case-04-real-complex-illustrator-spirograph/import-report-v163.json,qa/validation/Validation/v1.6.3/batch02-enhanced/case-04-real-complex-illustrator-spirograph/import-report-v163.json,QA,39162,c31f20c3a01141ced0c49479d67f4377a419d7b56e057a1ebfaaa15206e212be,COPIED
INK_Core_Main_Program_v1.6.5_RC/Validation/v1.6.3/batch02-enhanced/case-04-real-complex-illustrator-spirograph/modified-24/modified-24.document.json,qa/validation/Validation/v1.6.3/batch02-enhanced/case-04-real-complex-illustrator-spirograph/modified-24/modified-24.document.json,QA,77171,a31f0d24a8b5709b1fd91c5913346e016ec379e634320d4493e862b23869158c,COPIED
INK_Core_Main_Program_v1.6.5_RC/Validation/v1.6.3/batch02-enhanced/case-04-real-complex-illustrator-spirograph/modified-24/modified-24.export.json,qa/validation/Validation/v1.6.3/batch02-enhanced/case-04-real-complex-illustrator-spirograph/modified-24/modified-24.export.json,QA,816,00bcc53468e44382dc74ef5c5f04e78fe9c045bcadc9388fc9898033fd7d1562,COPIED
INK_Core_Main_Program_v1.6.5_RC/Validation/v1.6.3/batch02-enhanced/case-04-real-complex-illustrator-spirograph/modified-24/modified-24.headless.json,qa/validation/Validation/v1.6.3/batch02-enhanced/case-04-real-complex-illustrator-spirograph/modified-24/modified-24.headless.json,QA,6920,f33235329e87b1fc3a7a85f6175c4ee791498b9ca4229e2d414fd32c22e80945,COPIED
INK_Core_Main_Program_v1.6.5_RC/Validation/v1.6.3/batch02-enhanced/case-04-real-complex-illustrator-spirograph/modified-24/modified-24.png,qa/validation/Validation/v1.6.3/batch02-enhanced/case-04-real-complex-illustrator-spirograph/modified-24/modified-24.png,QA,24668,d8af11eed9ba886f1f7cdc5edcee39837728201db9d743fa4b70f2bf9e1b0740,COPIED
INK_Core_Main_Program_v1.6.5_RC/Validation/v1.6.3/batch02-enhanced/case-04-real-complex-illustrator-spirograph/modified-24/modified-24.svg,qa/validation/Validation/v1.6.3/batch02-enhanced/case-04-real-complex-illustrator-spirograph/modified-24/modified-24.svg,QA,17482,9cc39bafc6de0c828b3b10c94822b4d1316ba9eebedc9d2197c2415e24918374,COPIED
INK_Core_Main_Program_v1.6.5_RC/Validation/v1.6.3/batch02-enhanced/case-04-real-complex-illustrator-spirograph/rerun-20/rerun-20.document.json,qa/validation/Validation/v1.6.3/batch02-enhanced/case-04-real-complex-illustrator-spirograph/rerun-20/rerun-20.document.json,QA,65009,f4ce98cc5450e1cc2fdba5103830a600bc72d3372e9e793f3973d221b525bef2,COPIED
INK_Core_Main_Program_v1.6.5_RC/Validation/v1.6.3/batch02-enhanced/case-04-real-complex-illustrator-spirograph/rerun-20/rerun-20.export.json,qa/validation/Validation/v1.6.3/batch02-enhanced/case-04-real-complex-illustrator-spirograph/rerun-20/rerun-20.export.json,QA,804,cce8860f7ca81d4a4cdc205ff1a98b0a97abb8ea49af428c9d9c6edde421a882,COPIED
INK_Core_Main_Program_v1.6.5_RC/Validation/v1.6.3/batch02-enhanced/case-04-real-complex-illustrator-spirograph/rerun-20/rerun-20.headless.json,qa/validation/Validation/v1.6.3/batch02-enhanced/case-04-real-complex-illustrator-spirograph/rerun-20/rerun-20.headless.json,QA,6914,5fd625e7a8a3cf7331a315b8e6f279e119cd950b072ee052cdd923f519b54e4b,COPIED
INK_Core_Main_Program_v1.6.5_RC/Validation/v1.6.3/batch02-enhanced/case-04-real-complex-illustrator-spirograph/rerun-20/rerun-20.png,qa/validation/Validation/v1.6.3/batch02-enhanced/case-04-real-complex-illustrator-spirograph/rerun-20/rerun-20.png,QA,20983,dcd891a0eaa860f4e26b12168f77d33bf4314a851d90c88cc60aeabce336f24c,COPIED
INK_Core_Main_Program_v1.6.5_RC/Validation/v1.6.3/batch02-enhanced/case-04-real-complex-illustrator-spirograph/rerun-20/rerun-20.svg,qa/validation/Validation/v1.6.3/batch02-enhanced/case-04-real-complex-illustrator-spirograph/rerun-20/rerun-20.svg,QA,14950,1d03a972b77d68336b913b9570a9b29b3394ca24ea8c51eab2ab2f149e6c4483,COPIED
INK_Core_Main_Program_v1.6.5_RC/Validation/v1.6.3/batch02-enhanced/case-04-real-complex-illustrator-spirograph/result.json,qa/validation/Validation/v1.6.3/batch02-enhanced/case-04-real-complex-illustrator-spirograph/result.json,QA,278,3b370a819e62c355ca37e7ccbfa23f0bc3398852742e398c4fcd54f6fe47c839,COPIED
INK_Core_Main_Program_v1.6.5_RC/Validation/v1.6.3/batch02-enhanced/case-06-real-watercolor-procedure-research/Case_06_Vector_Watercolor_Modified/Case_06_Vector_Watercolor_Modified.document.json,qa/validation/Validation/v1.6.3/batch02-enhanced/case-06-real-watercolor-procedure-research/Case_06_Vector_Watercolor_Modified/Case_06_Vector_Watercolor_Modified.document.json,QA,713315,ae9959003203b55dfc32a9900635788d1b44220e29591ac7ca31aefac29766db,COPIED
INK_Core_Main_Program_v1.6.5_RC/Validation/v1.6.3/batch02-enhanced/case-06-real-watercolor-procedure-research/Case_06_Vector_Watercolor_Modified/Case_06_Vector_Watercolor_Modified.export.json,qa/validation/Validation/v1.6.3/batch02-enhanced/case-06-real-watercolor-procedure-research/Case_06_Vector_Watercolor_Modified/Case_06_Vector_Watercolor_Modified.export.json,QA,908,f3f79417d89c118c4ec4ce97fc400a56a2e13162aac4958968f15feb3c3d59f5,COPIED
INK_Core_Main_Program_v1.6.5_RC/Validation/v1.6.3/batch02-enhanced/case-06-real-watercolor-procedure-research/Case_06_Vector_Watercolor_Modified/Case_06_Vector_Watercolor_Modified.headless.json,qa/validation/Validation/v1.6.3/batch02-enhanced/case-06-real-watercolor-procedure-research/Case_06_Vector_Watercolor_Modified/Case_06_Vector_Watercolor_Modified.headless.json,QA,6967,164a860ccf85ca7520014483443372748eae6eb86c68c224d0750cc74c74a6c9,COPIED
INK_Core_Main_Program_v1.6.5_RC/Validation/v1.6.3/batch02-enhanced/case-06-real-watercolor-procedure-research/Case_06_Vector_Watercolor_Modified/Case_06_Vector_Watercolor_Modified.png,qa/validation/Validation/v1.6.3/batch02-enhanced/case-06-real-watercolor-procedure-research/Case_06_Vector_Watercolor_Modified/Case_06_Vector_Watercolor_Modified.png,QA,100293,772291a8ea197b617a5e4344cfb38206c5cb3880eeed83fa5b291b5fd02f50ce,COPIED
INK_Core_Main_Program_v1.6.5_RC/Validation/v1.6.3/batch02-enhanced/case-06-real-watercolor-procedure-research/Case_06_Vector_Watercolor_Modified/Case_06_Vector_Watercolor_Modified.svg,qa/validation/Validation/v1.6.3/batch02-enhanced/case-06-real-watercolor-procedure-research/Case_06_Vector_Watercolor_Modified/Case_06_Vector_Watercolor_Modified.svg,QA,115204,83245adaebc6732e1d9989f27e41ebad02a6f552e302e1de4782fae3d0865a5e,COPIED
INK_Core_Main_Program_v1.6.5_RC/Validation/v1.6.3/batch02-enhanced/case-06-real-watercolor-procedure-research/Case_06_Vector_Watercolor_Rerun/Case_06_Vector_Watercolor_Rerun.document.json,qa/validation/Validation/v1.6.3/batch02-enhanced/case-06-real-watercolor-procedure-research/Case_06_Vector_Watercolor_Rerun/Case_06_Vector_Watercolor_Rerun.document.json,QA,713316,250a3102b665917da84c0ce3bd5e366d8e9fb06fa126b7edb2487efd4e128abb,COPIED
INK_Core_Main_Program_v1.6.5_RC/Validation/v1.6.3/batch02-enhanced/case-06-real-watercolor-procedure-research/Case_06_Vector_Watercolor_Rerun/Case_06_Vector_Watercolor_Rerun.export.json,qa/validation/Validation/v1.6.3/batch02-enhanced/case-06-real-watercolor-procedure-research/Case_06_Vector_Watercolor_Rerun/Case_06_Vector_Watercolor_Rerun.export.json,QA,895,bba03e00b252d6fc817aa1c86e2c6a3e956c5e63ce301e63a2c4d27b7224f1cc,COPIED
INK_Core_Main_Program_v1.6.5_RC/Validation/v1.6.3/batch02-enhanced/case-06-real-watercolor-procedure-research/Case_06_Vector_Watercolor_Rerun/Case_06_Vector_Watercolor_Rerun.headless.json,qa/validation/Validation/v1.6.3/batch02-enhanced/case-06-real-watercolor-procedure-research/Case_06_Vector_Watercolor_Rerun/Case_06_Vector_Watercolor_Rerun.headless.json,QA,6960,7fb85c11bac20e229aae32f67a4568425779f0b0cd58d703ff7ad62928ae4e01,COPIED
INK_Core_Main_Program_v1.6.5_RC/Validation/v1.6.3/batch02-enhanced/case-06-real-watercolor-procedure-research/Case_06_Vector_Watercolor_Rerun/Case_06_Vector_Watercolor_Rerun.png,qa/validation/Validation/v1.6.3/batch02-enhanced/case-06-real-watercolor-procedure-research/Case_06_Vector_Watercolor_Rerun/Case_06_Vector_Watercolor_Rerun.png,QA,96937,fa384a3df42e76f46e619fb8f4157bb5513bf3391ce74814353cdadfd12bcec0,COPIED
INK_Core_Main_Program_v1.6.5_RC/Validation/v1.6.3/batch02-enhanced/case-06-real-watercolor-procedure-research/Case_06_Vector_Watercolor_Rerun/Case_06_Vector_Watercolor_Rerun.svg,qa/validation/Validation/v1.6.3/batch02-enhanced/case-06-real-watercolor-procedure-research/Case_06_Vector_Watercolor_Rerun/Case_06_Vector_Watercolor_Rerun.svg,QA,115205,14138546b9e9a80527287ed70061e8f5ac55888e160a031a407e1660c3c2123b,COPIED
INK_Core_Main_Program_v1.6.5_RC/Validation/v1.6.3/batch02-enhanced/case-06-real-watercolor-procedure-research/Case_06_Vector_Watercolor_Result/Case_06_Vector_Watercolor_Result.document.json,qa/validation/Validation/v1.6.3/batch02-enhanced/case-06-real-watercolor-procedure-research/Case_06_Vector_Watercolor_Result/Case_06_Vector_Watercolor_Result.document.json,QA,713316,db29391cd96bb25a56a97a46d2dc4bbb7c8c662d78756b4e79f6e4cd29ce40ad,COPIED
INK_Core_Main_Program_v1.6.5_RC/Validation/v1.6.3/batch02-enhanced/case-06-real-watercolor-procedure-research/Case_06_Vector_Watercolor_Result/Case_06_Vector_Watercolor_Result.export.json,qa/validation/Validation/v1.6.3/batch02-enhanced/case-06-real-watercolor-procedure-research/Case_06_Vector_Watercolor_Result/Case_06_Vector_Watercolor_Result.export.json,QA,899,a493d6a80b435d4a2d4b4fc6c7d088b1313b6c69a140917789e2e5932c392f73,COPIED
INK_Core_Main_Program_v1.6.5_RC/Validation/v1.6.3/batch02-enhanced/case-06-real-watercolor-procedure-research/Case_06_Vector_Watercolor_Result/Case_06_Vector_Watercolor_Result.headless.json,qa/validation/Validation/v1.6.3/batch02-enhanced/case-06-real-watercolor-procedure-research/Case_06_Vector_Watercolor_Result/Case_06_Vector_Watercolor_Result.headless.json,QA,6962,461c8f0de43e2220a9d7bd9fe756ff2a78d48bc702c999b1b513fd94246bd3ee,COPIED
INK_Core_Main_Program_v1.6.5_RC/Validation/v1.6.3/batch02-enhanced/case-06-real-watercolor-procedure-research/Case_06_Vector_Watercolor_Result/Case_06_Vector_Watercolor_Result.png,qa/validation/Validation/v1.6.3/batch02-enhanced/case-06-real-watercolor-procedure-research/Case_06_Vector_Watercolor_Result/Case_06_Vector_Watercolor_Result.png,QA,96937,fa384a3df42e76f46e619fb8f4157bb5513bf3391ce74814353cdadfd12bcec0,COPIED
INK_Core_Main_Program_v1.6.5_RC/Validation/v1.6.3/batch02-enhanced/case-06-real-watercolor-procedure-research/Case_06_Vector_Watercolor_Result/Case_06_Vector_Watercolor_Result.svg,qa/validation/Validation/v1.6.3/batch02-enhanced/case-06-real-watercolor-procedure-research/Case_06_Vector_Watercolor_Result/Case_06_Vector_Watercolor_Result.svg,QA,115205,14138546b9e9a80527287ed70061e8f5ac55888e160a031a407e1660c3c2123b,COPIED
INK_Core_Main_Program_v1.6.5_RC/Validation/v1.6.3/batch02-enhanced/case-06-real-watercolor-procedure-research/comparisons/result-vs-modified.difference.png,qa/validation/Validation/v1.6.3/batch02-enhanced/case-06-real-watercolor-procedure-research/comparisons/result-vs-modified.difference.png,QA,43080,aaae49f25c6539681e988385b78a8548909f24d2ef21eb649a86afa396511717,COPIED
INK_Core_Main_Program_v1.6.5_RC/Validation/v1.6.3/batch02-enhanced/case-06-real-watercolor-procedure-research/comparisons/result-vs-modified.metrics.json,qa/validation/Validation/v1.6.3/batch02-enhanced/case-06-real-watercolor-procedure-research/comparisons/result-vs-modified.metrics.json,QA,144,50f71c901ffb99ff01ca27118092249a26519fa22c64d5f30bc5d70382e85d08,COPIED
INK_Core_Main_Program_v1.6.5_RC/Validation/v1.6.3/batch02-enhanced/case-06-real-watercolor-procedure-research/comparisons/result-vs-modified.overlay.png,qa/validation/Validation/v1.6.3/batch02-enhanced/case-06-real-watercolor-procedure-research/comparisons/result-vs-modified.overlay.png,QA,96117,74f45e8adf63da256ba726e7fd43d0fc21e5f410e79d884ac9c3e4b4abc19b0a,COPIED
INK_Core_Main_Program_v1.6.5_RC/Validation/v1.6.3/batch02-enhanced/case-06-real-watercolor-procedure-research/comparisons/result-vs-modified.side-by-side.png,qa/validation/Validation/v1.6.3/batch02-enhanced/case-06-real-watercolor-procedure-research/comparisons/result-vs-modified.side-by-side.png,QA,205047,0213ef047fbb4485dc143553a8da4132e89e80436290901e664fa8c5599a8bbd,COPIED
INK_Core_Main_Program_v1.6.5_RC/Validation/v1.6.3/batch02-enhanced/case-06-real-watercolor-procedure-research/comparisons/result-vs-rerun.difference.png,qa/validation/Validation/v1.6.3/batch02-enhanced/case-06-real-watercolor-procedure-research/comparisons/result-vs-rerun.difference.png,QA,5113,151a41ec768c16d1c5bb9b1e477f5641663ef67ebf26d9b1dfde0982292fdd94,COPIED
INK_Core_Main_Program_v1.6.5_RC/Validation/v1.6.3/batch02-enhanced/case-06-real-watercolor-procedure-research/comparisons/result-vs-rerun.metrics.json,qa/validation/Validation/v1.6.3/batch02-enhanced/case-06-real-watercolor-procedure-research/comparisons/result-vs-rerun.metrics.json,QA,122,4fb83c1fc04eafeeeb81aafc2d4cff5ca4bd40964e5944803d8580565fc46275,COPIED
INK_Core_Main_Program_v1.6.5_RC/Validation/v1.6.3/batch02-enhanced/case-06-real-watercolor-procedure-research/comparisons/result-vs-rerun.overlay.png,qa/validation/Validation/v1.6.3/batch02-enhanced/case-06-real-watercolor-procedure-research/comparisons/result-vs-rerun.overlay.png,QA,96937,fa384a3df42e76f46e619fb8f4157bb5513bf3391ce74814353cdadfd12bcec0,COPIED
INK_Core_Main_Program_v1.6.5_RC/Validation/v1.6.3/batch02-enhanced/case-06-real-watercolor-procedure-research/comparisons/result-vs-rerun.side-by-side.png,qa/validation/Validation/v1.6.3/batch02-enhanced/case-06-real-watercolor-procedure-research/comparisons/result-vs-rerun.side-by-side.png,QA,113342,7fc2b66fe4f0c34d2cc636e5dfdfd06428542b44cd93c66d26661d278d41040f,COPIED
INK_Core_Main_Program_v1.6.5_RC/Validation/v1.6.3/batch02-enhanced/case-06-real-watercolor-procedure-research/result.json,qa/validation/Validation/v1.6.3/batch02-enhanced/case-06-real-watercolor-procedure-research/result.json,QA,493,b7467329c052ff7da95ee449c5d4790adfc667c9d3b4512b5c79c66fc1c5f0d7,COPIED
INK_Core_Main_Program_v1.6.5_RC/Validation/v1.6.3/case-05-id-normalization/Case_5_ID_Normalization_Summary.json,qa/validation/Validation/v1.6.3/case-05-id-normalization/Case_5_ID_Normalization_Summary.json,QA,12587,32e780cd96ca0a524ad6366b8ee3a69ec2a7b2b236fdb0fb0aecc8068c8863c8,COPIED
INK_Core_Main_Program_v1.6.5_RC/Validation/v1.6.3/case-05-id-normalization/before-normalized/case-05-before-normalized.headless.json,qa/validation/Validation/v1.6.3/case-05-id-normalization/before-normalized/case-05-before-normalized.headless.json,QA,6946,61ab7a35c9f329dafe0ef64bb260f0c6d8f5970b2183adfa82d2e7afda30949a,COPIED
INK_Core_Main_Program_v1.6.5_RC/Validation/v1.6.3/case-05-id-normalization/before-normalized/case-05-before-normalized.png,qa/validation/Validation/v1.6.3/case-05-id-normalization/before-normalized/case-05-before-normalized.png,QA,83981,3f2f7862f5ba96a39b0eed83672e2aafd4fdf4b8ba586d245a35a85a0b651e5f,COPIED
INK_Core_Main_Program_v1.6.5_RC/Validation/v1.6.3/case-05-id-normalization/before-normalized/case-05-before-normalized.svg,qa/validation/Validation/v1.6.3/case-05-id-normalization/before-normalized/case-05-before-normalized.svg,QA,53362,c5e0d181069290e0c875c2652f369a27d9d25d758d5becdc06472af3d3f2bd3d,COPIED
INK_Core_Main_Program_v1.6.5_RC/Validation/v1.6.3/case-05-id-normalization/comparisons/before-vs-modified.difference.png,qa/validation/Validation/v1.6.3/case-05-id-normalization/comparisons/before-vs-modified.difference.png,QA,51579,173f4e181d05ba36b3e50552abcf9e41cd32104dd033cf79b6f36f94456e0509,COPIED
INK_Core_Main_Program_v1.6.5_RC/Validation/v1.6.3/case-05-id-normalization/comparisons/before-vs-modified.metrics.json,qa/validation/Validation/v1.6.3/case-05-id-normalization/comparisons/before-vs-modified.metrics.json,QA,144,b7dbdde5ef5810aeca18d603f93280cb32077a99576290f87863d2ffea79c5b0,COPIED
INK_Core_Main_Program_v1.6.5_RC/Validation/v1.6.3/case-05-id-normalization/comparisons/before-vs-modified.overlay.png,qa/validation/Validation/v1.6.3/case-05-id-normalization/comparisons/before-vs-modified.overlay.png,QA,113121,9414cb363bd80435ff67de7c5d2fa5da7202db9898fc8185f3b63f8b86f7b740,COPIED
INK_Core_Main_Program_v1.6.5_RC/Validation/v1.6.3/case-05-id-normalization/comparisons/before-vs-modified.side-by-side.png,qa/validation/Validation/v1.6.3/case-05-id-normalization/comparisons/before-vs-modified.side-by-side.png,QA,141827,a554d1bf87a850941648ddd4bfda6e5e914aefe5212bdcb72ccf3d3ca8677cca,COPIED
INK_Core_Main_Program_v1.6.5_RC/Validation/v1.6.3/case-05-id-normalization/comparisons/before-vs-rollback.difference.png,qa/validation/Validation/v1.6.3/case-05-id-normalization/comparisons/before-vs-rollback.difference.png,QA,5113,151a41ec768c16d1c5bb9b1e477f5641663ef67ebf26d9b1dfde0982292fdd94,COPIED
INK_Core_Main_Program_v1.6.5_RC/Validation/v1.6.3/case-05-id-normalization/comparisons/before-vs-rollback.metrics.json,qa/validation/Validation/v1.6.3/case-05-id-normalization/comparisons/before-vs-rollback.metrics.json,QA,122,f2de38266c1c9d0876c1619fcb13df49f9145fc7864c4e62b101c54093692da3,COPIED
INK_Core_Main_Program_v1.6.5_RC/Validation/v1.6.3/case-05-id-normalization/comparisons/before-vs-rollback.overlay.png,qa/validation/Validation/v1.6.3/case-05-id-normalization/comparisons/before-vs-rollback.overlay.png,QA,83981,3f2f7862f5ba96a39b0eed83672e2aafd4fdf4b8ba586d245a35a85a0b651e5f,COPIED
INK_Core_Main_Program_v1.6.5_RC/Validation/v1.6.3/case-05-id-normalization/comparisons/before-vs-rollback.side-by-side.png,qa/validation/Validation/v1.6.3/case-05-id-normalization/comparisons/before-vs-rollback.side-by-side.png,QA,101754,c0d15d96938221b0c1930ff47cb4abd2348a3d2391b1fd687bc6ba1249921b04,COPIED
INK_Core_Main_Program_v1.6.5_RC/Validation/v1.6.3/case-05-id-normalization/comparisons/modified-vs-rerun.difference.png,qa/validation/Validation/v1.6.3/case-05-id-normalization/comparisons/modified-vs-rerun.difference.png,QA,5113,151a41ec768c16d1c5bb9b1e477f5641663ef67ebf26d9b1dfde0982292fdd94,COPIED
INK_Core_Main_Program_v1.6.5_RC/Validation/v1.6.3/case-05-id-normalization/comparisons/modified-vs-rerun.metrics.json,qa/validation/Validation/v1.6.3/case-05-id-normalization/comparisons/modified-vs-rerun.metrics.json,QA,122,f2de38266c1c9d0876c1619fcb13df49f9145fc7864c4e62b101c54093692da3,COPIED
INK_Core_Main_Program_v1.6.5_RC/Validation/v1.6.3/case-05-id-normalization/comparisons/modified-vs-rerun.overlay.png,qa/validation/Validation/v1.6.3/case-05-id-normalization/comparisons/modified-vs-rerun.overlay.png,QA,88835,25152dce1075e197b851035330ca3e3a7ab13511e564d2eb6f393a7eba6c0c2a,COPIED
INK_Core_Main_Program_v1.6.5_RC/Validation/v1.6.3/case-05-id-normalization/comparisons/modified-vs-rerun.side-by-side.png,qa/validation/Validation/v1.6.3/case-05-id-normalization/comparisons/modified-vs-rerun.side-by-side.png,QA,107564,76d6355e4ba8fe4759126c511e81bbb268abf07690ea3668bdf67633b5e84172,COPIED
INK_Core_Main_Program_v1.6.5_RC/Validation/v1.6.3/case-05-id-normalization/modified/case-05-modified.headless.json,qa/validation/Validation/v1.6.3/case-05-id-normalization/modified/case-05-modified.headless.json,QA,6928,8fdc215e63080139c867543a16a05114b040991a496a0f8888d2489d66f9cdd2,COPIED
INK_Core_Main_Program_v1.6.5_RC/Validation/v1.6.3/case-05-id-normalization/modified/case-05-modified.png,qa/validation/Validation/v1.6.3/case-05-id-normalization/modified/case-05-modified.png,QA,88835,25152dce1075e197b851035330ca3e3a7ab13511e564d2eb6f393a7eba6c0c2a,COPIED
INK_Core_Main_Program_v1.6.5_RC/Validation/v1.6.3/case-05-id-normalization/modified/case-05-modified.svg,qa/validation/Validation/v1.6.3/case-05-id-normalization/modified/case-05-modified.svg,QA,55991,26bbe2bef3cbbaab57ce95f5b499731ba9c36332f9e95119745e3395fc2e50dd,COPIED
INK_Core_Main_Program_v1.6.5_RC/Validation/v1.6.3/case-05-id-normalization/modified-rerun/case-05-modified-rerun.headless.json,qa/validation/Validation/v1.6.3/case-05-id-normalization/modified-rerun/case-05-modified-rerun.headless.json,QA,6940,1306d47904ec6902591e259a8fd9d8ac917dcaf3a5bdc651e8842483d160618d,COPIED
INK_Core_Main_Program_v1.6.5_RC/Validation/v1.6.3/case-05-id-normalization/modified-rerun/case-05-modified-rerun.png,qa/validation/Validation/v1.6.3/case-05-id-normalization/modified-rerun/case-05-modified-rerun.png,QA,88835,25152dce1075e197b851035330ca3e3a7ab13511e564d2eb6f393a7eba6c0c2a,COPIED
INK_Core_Main_Program_v1.6.5_RC/Validation/v1.6.3/case-05-id-normalization/modified-rerun/case-05-modified-rerun.svg,qa/validation/Validation/v1.6.3/case-05-id-normalization/modified-rerun/case-05-modified-rerun.svg,QA,55991,26bbe2bef3cbbaab57ce95f5b499731ba9c36332f9e95119745e3395fc2e50dd,COPIED
INK_Core_Main_Program_v1.6.5_RC/Validation/v1.6.3/case-05-id-normalization/rollback/case-05-rollback.headless.json,qa/validation/Validation/v1.6.3/case-05-id-normalization/rollback/case-05-rollback.headless.json,QA,6928,f8bdf20153652334b16cbb0d4ba0e160488c8acb2de20278d36255b2f1845112,COPIED
INK_Core_Main_Program_v1.6.5_RC/Validation/v1.6.3/case-05-id-normalization/rollback/case-05-rollback.png,qa/validation/Validation/v1.6.3/case-05-id-normalization/rollback/case-05-rollback.png,QA,83981,3f2f7862f5ba96a39b0eed83672e2aafd4fdf4b8ba586d245a35a85a0b651e5f,COPIED
INK_Core_Main_Program_v1.6.5_RC/Validation/v1.6.3/case-05-id-normalization/rollback/case-05-rollback.svg,qa/validation/Validation/v1.6.3/case-05-id-normalization/rollback/case-05-rollback.svg,QA,53362,c5e0d181069290e0c875c2652f369a27d9d25d758d5becdc06472af3d3f2bd3d,COPIED
INK_Core_Main_Program_v1.6.5_RC/Validation/v1.6.3/immutable-baseline/BASELINE.json,qa/validation/Validation/v1.6.3/immutable-baseline/BASELINE.json,QA,171,ec00568ee5e89786430447a99f89868ed6e4fde60ec89a16c4e797861543b250,COPIED
INK_Core_Main_Program_v1.6.5_RC/Validation/v1.6.3/immutable-baseline/INK_Flower_Benchmark_Batch_02/ASSET_MANIFEST.json,qa/validation/Validation/v1.6.3/immutable-baseline/INK_Flower_Benchmark_Batch_02/ASSET_MANIFEST.json,QA,1946,a1e9b1017bf917e7345d7bb4fc091cb9965aa0300146b8fe288d8040b8143207,COPIED
INK_Core_Main_Program_v1.6.5_RC/Validation/v1.6.3/immutable-baseline/INK_Flower_Benchmark_Batch_02/BASELINE_MANIFEST.json,qa/validation/Validation/v1.6.3/immutable-baseline/INK_Flower_Benchmark_Batch_02/BASELINE_MANIFEST.json,QA,288,e18a4898cd6811ce6cd2ea2393db3a2d2196a034884d00a0498a3632c6d03da7,COPIED
INK_Core_Main_Program_v1.6.5_RC/Validation/v1.6.3/immutable-baseline/INK_Flower_Benchmark_Batch_02/BATCH_02_FINAL_SUMMARY.txt,qa/validation/Validation/v1.6.3/immutable-baseline/INK_Flower_Benchmark_Batch_02/BATCH_02_FINAL_SUMMARY.txt,QA,294,82b0abd4cd1f2ede2e0f60c499de52b9e4ad1b90a23bacb78b7d78f7d2dd7f41,COPIED
INK_Core_Main_Program_v1.6.5_RC/Validation/v1.6.3/immutable-baseline/INK_Flower_Benchmark_Batch_02/BATCH_02_OVERVIEW.json,qa/validation/Validation/v1.6.3/immutable-baseline/INK_Flower_Benchmark_Batch_02/BATCH_02_OVERVIEW.json,QA,4329,aad1184b412a46fd7f8faf46521ee6d29fcfa9b149998ffbd2b6ee54dc15f0e9,COPIED
INK_Core_Main_Program_v1.6.5_RC/Validation/v1.6.3/immutable-baseline/INK_Flower_Benchmark_Batch_02/BATCH_02_OVERVIEW.md,qa/validation/Validation/v1.6.3/immutable-baseline/INK_Flower_Benchmark_Batch_02/BATCH_02_OVERVIEW.md,QA,1230,eab9dbfc811eaf6b8bed38244db8d40b41c183f4013c50cd259426a5603cc6e9,COPIED
INK_Core_Main_Program_v1.6.5_RC/Validation/v1.6.3/immutable-baseline/INK_Flower_Benchmark_Batch_02/BEHAVIOR_LIBRARY_INCREMENT.json,qa/validation/Validation/v1.6.3/immutable-baseline/INK_Flower_Benchmark_Batch_02/BEHAVIOR_LIBRARY_INCREMENT.json,QA,1039,712c539d600f4ff9483f576f9924f75483fb526061a4e080841bce96c165da49,COPIED
INK_Core_Main_Program_v1.6.5_RC/Validation/v1.6.3/immutable-baseline/INK_Flower_Benchmark_Batch_02/CONSOLIDATED_GAP_MATRIX.json,qa/validation/Validation/v1.6.3/immutable-baseline/INK_Flower_Benchmark_Batch_02/CONSOLIDATED_GAP_MATRIX.json,QA,7856,74423738deb3d160c2954e79610a2091d5566307fbdb332a63ef900bd9566d55,COPIED
INK_Core_Main_Program_v1.6.5_RC/Validation/v1.6.3/immutable-baseline/INK_Flower_Benchmark_Batch_02/CONSOLIDATED_GAP_MATRIX.md,qa/validation/Validation/v1.6.3/immutable-baseline/INK_Flower_Benchmark_Batch_02/CONSOLIDATED_GAP_MATRIX.md,QA,1871,4a0da501098484f8392b5650ee5481f061d924a0a548878ed66f7deeba0c9ef7,COPIED
INK_Core_Main_Program_v1.6.5_RC/Validation/v1.6.3/immutable-baseline/INK_Flower_Benchmark_Batch_02/FINAL_QA_SUMMARY.json,qa/validation/Validation/v1.6.3/immutable-baseline/INK_Flower_Benchmark_Batch_02/FINAL_QA_SUMMARY.json,QA,639,1b053cd71bb504d356d206a84ee91e926fcbee46116c3ffd4fcddb3b847e7364,COPIED
INK_Core_Main_Program_v1.6.5_RC/Validation/v1.6.3/immutable-baseline/INK_Flower_Benchmark_Batch_02/FINAL_SUMMARY.json,qa/validation/Validation/v1.6.3/immutable-baseline/INK_Flower_Benchmark_Batch_02/FINAL_SUMMARY.json,QA,4329,aad1184b412a46fd7f8faf46521ee6d29fcfa9b149998ffbd2b6ee54dc15f0e9,COPIED
INK_Core_Main_Program_v1.6.5_RC/Validation/v1.6.3/immutable-baseline/INK_Flower_Benchmark_Batch_02/FOURFOLD_BENEFIT_SUMMARY.json,qa/validation/Validation/v1.6.3/immutable-baseline/INK_Flower_Benchmark_Batch_02/FOURFOLD_BENEFIT_SUMMARY.json,QA,8787,555c77e9eb33b9bfb5dedf9f2ca9b44241ac3746a2674c1e0c867e52cde6e268,COPIED
INK_Core_Main_Program_v1.6.5_RC/Validation/v1.6.3/immutable-baseline/INK_Flower_Benchmark_Batch_02/FOURFOLD_BENEFIT_SUMMARY.md,qa/validation/Validation/v1.6.3/immutable-baseline/INK_Flower_Benchmark_Batch_02/FOURFOLD_BENEFIT_SUMMARY.md,QA,4464,10dc9de383026bba20efe56a2a92c54c38cb747355792e75a2dd1d0d98066d4e,COPIED
INK_Core_Main_Program_v1.6.5_RC/Validation/v1.6.3/immutable-baseline/INK_Flower_Benchmark_Batch_02/LEARNING_DELTA.json,qa/validation/Validation/v1.6.3/immutable-baseline/INK_Flower_Benchmark_Batch_02/LEARNING_DELTA.json,QA,2095,3751ee540e6ff1beccd16d85cc060cd6f41f02fa199c8f1297c450a772e95426,COPIED
INK_Core_Main_Program_v1.6.5_RC/Validation/v1.6.3/immutable-baseline/INK_Flower_Benchmark_Batch_02/LEARNING_DELTA.md,qa/validation/Validation/v1.6.3/immutable-baseline/INK_Flower_Benchmark_Batch_02/LEARNING_DELTA.md,QA,1542,e6a50eb9d4b991697a221872887388a0603317a853e5bafdad12522f4aed6c3b,COPIED
INK_Core_Main_Program_v1.6.5_RC/Validation/v1.6.3/immutable-baseline/INK_Flower_Benchmark_Batch_02/MATERIAL_STRUCTURE_LIBRARY_INCREMENT.json,qa/validation/Validation/v1.6.3/immutable-baseline/INK_Flower_Benchmark_Batch_02/MATERIAL_STRUCTURE_LIBRARY_INCREMENT.json,QA,2757,321236f96104cb409030f5cec6bcdd5bb175b5ec8556179995e543ae3d985f40,COPIED
INK_Core_Main_Program_v1.6.5_RC/Validation/v1.6.3/immutable-baseline/INK_Flower_Benchmark_Batch_02/NEXT_VERSION_RECOMMENDATION.md,qa/validation/Validation/v1.6.3/immutable-baseline/INK_Flower_Benchmark_Batch_02/NEXT_VERSION_RECOMMENDATION.md,QA,582,4c0928030ade8149044265fb8a572cf7349d7f9f3bfeb6e8bc4d005c8d105936,COPIED
INK_Core_Main_Program_v1.6.5_RC/Validation/v1.6.3/immutable-baseline/INK_Flower_Benchmark_Batch_02/PACKAGE_PATH_INDEX.json,qa/validation/Validation/v1.6.3/immutable-baseline/INK_Flower_Benchmark_Batch_02/PACKAGE_PATH_INDEX.json,QA,1694,d41eaf24063f266b9681e9ded3daa868f20c6df997a12db6c9dec2317351cfe6,COPIED
INK_Core_Main_Program_v1.6.5_RC/Validation/v1.6.3/immutable-baseline/INK_Flower_Benchmark_Batch_02/SHA256_MANIFEST.txt,qa/validation/Validation/v1.6.3/immutable-baseline/INK_Flower_Benchmark_Batch_02/SHA256_MANIFEST.txt,QA,35611,54287cf1773688f959ec6ddc52abfe3bbf844e64082cf2e49b3ea5cafc59e067,COPIED
INK_Core_Main_Program_v1.6.5_RC/Validation/v1.6.3/immutable-baseline/INK_Flower_Benchmark_Batch_02/cases/case-01-dense-multilayer-peony/CASE_OVERVIEW.md,qa/validation/Validation/v1.6.3/immutable-baseline/INK_Flower_Benchmark_Batch_02/cases/case-01-dense-multilayer-peony/CASE_OVERVIEW.md,QA,949,149dc901478eeaedab954bc1255132a209ec6d41493f55cc2477894bbd46e7dd,COPIED
INK_Core_Main_Program_v1.6.5_RC/Validation/v1.6.3/immutable-baseline/INK_Flower_Benchmark_Batch_02/cases/case-01-dense-multilayer-peony/LEARNING_DELTA.md,qa/validation/Validation/v1.6.3/immutable-baseline/INK_Flower_Benchmark_Batch_02/cases/case-01-dense-multilayer-peony/LEARNING_DELTA.md,QA,454,20e5ec0686c1e196d568d6d6c19430e897bde184371008babb99abb4519facaa,COPIED
INK_Core_Main_Program_v1.6.5_RC/Validation/v1.6.3/immutable-baseline/INK_Flower_Benchmark_Batch_02/cases/case-01-dense-multilayer-peony/asset-manifest.json,qa/validation/Validation/v1.6.3/immutable-baseline/INK_Flower_Benchmark_Batch_02/cases/case-01-dense-multilayer-peony/asset-manifest.json,QA,953,439e028610f01fbd8ff29c409cead152af95f67d92e8808170769cf38647062d,COPIED
INK_Core_Main_Program_v1.6.5_RC/Validation/v1.6.3/immutable-baseline/INK_Flower_Benchmark_Batch_02/cases/case-01-dense-multilayer-peony/behavior-increment.json,qa/validation/Validation/v1.6.3/immutable-baseline/INK_Flower_Benchmark_Batch_02/cases/case-01-dense-multilayer-peony/behavior-increment.json,QA,231,19549496168831a597943fad2b2359574e31c09697fe44e55f444fe563a684af,COPIED
INK_Core_Main_Program_v1.6.5_RC/Validation/v1.6.3/immutable-baseline/INK_Flower_Benchmark_Batch_02/cases/case-01-dense-multilayer-peony/capability-gap.json,qa/validation/Validation/v1.6.3/immutable-baseline/INK_Flower_Benchmark_Batch_02/cases/case-01-dense-multilayer-peony/capability-gap.json,QA,330,b52cf2752d983de68ea34fbe0a4eab7cb9da0875556fb410599b009b4374980f,COPIED
INK_Core_Main_Program_v1.6.5_RC/Validation/v1.6.3/immutable-baseline/INK_Flower_Benchmark_Batch_02/cases/case-01-dense-multilayer-peony/comparisons/36-vs-39.difference.png,qa/validation/Validation/v1.6.3/immutable-baseline/INK_Flower_Benchmark_Batch_02/cases/case-01-dense-multilayer-peony/comparisons/36-vs-39.difference.png,QA,40914,15f86413a4eccff160116271b35033e6abd25fd9e6d37b3b1ae024ac8ab32874,COPIED
INK_Core_Main_Program_v1.6.5_RC/Validation/v1.6.3/immutable-baseline/INK_Flower_Benchmark_Batch_02/cases/case-01-dense-multilayer-peony/comparisons/36-vs-39.overlay.png,qa/validation/Validation/v1.6.3/immutable-baseline/INK_Flower_Benchmark_Batch_02/cases/case-01-dense-multilayer-peony/comparisons/36-vs-39.overlay.png,QA,64446,c066d6159fb640d9694eecd1f1947076213935cc7aafe3ec2dcf371d17e34a79,COPIED
INK_Core_Main_Program_v1.6.5_RC/Validation/v1.6.3/immutable-baseline/INK_Flower_Benchmark_Batch_02/cases/case-01-dense-multilayer-peony/comparisons/36-vs-39.side-by-side.png,qa/validation/Validation/v1.6.3/immutable-baseline/INK_Flower_Benchmark_Batch_02/cases/case-01-dense-multilayer-peony/comparisons/36-vs-39.side-by-side.png,QA,77813,e480d52205972547602e3aa808975549ed1aca3cf20c35b4145a29f3d1040074,COPIED
INK_Core_Main_Program_v1.6.5_RC/Validation/v1.6.3/immutable-baseline/INK_Flower_Benchmark_Batch_02/cases/case-01-dense-multilayer-peony/comparisons/after-vs-rerun.difference.png,qa/validation/Validation/v1.6.3/immutable-baseline/INK_Flower_Benchmark_Batch_02/cases/case-01-dense-multilayer-peony/comparisons/after-vs-rerun.difference.png,QA,5113,151a41ec768c16d1c5bb9b1e477f5641663ef67ebf26d9b1dfde0982292fdd94,COPIED
INK_Core_Main_Program_v1.6.5_RC/Validation/v1.6.3/immutable-baseline/INK_Flower_Benchmark_Batch_02/cases/case-01-dense-multilayer-peony/comparisons/after-vs-rerun.overlay.png,qa/validation/Validation/v1.6.3/immutable-baseline/INK_Flower_Benchmark_Batch_02/cases/case-01-dense-multilayer-peony/comparisons/after-vs-rerun.overlay.png,QA,43507,d593ed8bf0ffb5088a2313a858b73d15303685da9539a943666e3dd0ff15ddd4,COPIED
INK_Core_Main_Program_v1.6.5_RC/Validation/v1.6.3/immutable-baseline/INK_Flower_Benchmark_Batch_02/cases/case-01-dense-multilayer-peony/comparisons/after-vs-rerun.side-by-side.png,qa/validation/Validation/v1.6.3/immutable-baseline/INK_Flower_Benchmark_Batch_02/cases/case-01-dense-multilayer-peony/comparisons/after-vs-rerun.side-by-side.png,QA,51829,2ed6793290df96a01a32c846e7ba47e14d3d3767d075bb4421b04f8669ed77eb,COPIED
INK_Core_Main_Program_v1.6.5_RC/Validation/v1.6.3/immutable-baseline/INK_Flower_Benchmark_Batch_02/cases/case-01-dense-multilayer-peony/comparisons/before-vs-local-edit.difference.png,qa/validation/Validation/v1.6.3/immutable-baseline/INK_Flower_Benchmark_Batch_02/cases/case-01-dense-multilayer-peony/comparisons/before-vs-local-edit.difference.png,QA,10131,189e89afe2d931f954300688b2ab453926622cc58959c1248aca73b17743d88f,COPIED
INK_Core_Main_Program_v1.6.5_RC/Validation/v1.6.3/immutable-baseline/INK_Flower_Benchmark_Batch_02/cases/case-01-dense-multilayer-peony/comparisons/before-vs-local-edit.overlay.png,qa/validation/Validation/v1.6.3/immutable-baseline/INK_Flower_Benchmark_Batch_02/cases/case-01-dense-multilayer-peony/comparisons/before-vs-local-edit.overlay.png,QA,46582,28d0553c8ba6ffdad7f12a96ed6e73de5ec779afb6387649cca4379b10d9cba8,COPIED
INK_Core_Main_Program_v1.6.5_RC/Validation/v1.6.3/immutable-baseline/INK_Flower_Benchmark_Batch_02/cases/case-01-dense-multilayer-peony/comparisons/before-vs-local-edit.side-by-side.png,qa/validation/Validation/v1.6.3/immutable-baseline/INK_Flower_Benchmark_Batch_02/cases/case-01-dense-multilayer-peony/comparisons/before-vs-local-edit.side-by-side.png,QA,54587,3ad7529c1ca5a01ad82fb29d55dfa6774a7be5323c46438b6f16ec4fb6aeb079,COPIED
INK_Core_Main_Program_v1.6.5_RC/Validation/v1.6.3/immutable-baseline/INK_Flower_Benchmark_Batch_02/cases/case-01-dense-multilayer-peony/comparisons/before-vs-rollback.difference.png,qa/validation/Validation/v1.6.3/immutable-baseline/INK_Flower_Benchmark_Batch_02/cases/case-01-dense-multilayer-peony/comparisons/before-vs-rollback.difference.png,QA,5113,151a41ec768c16d1c5bb9b1e477f5641663ef67ebf26d9b1dfde0982292fdd94,COPIED
INK_Core_Main_Program_v1.6.5_RC/Validation/v1.6.3/immutable-baseline/INK_Flower_Benchmark_Batch_02/cases/case-01-dense-multilayer-peony/comparisons/before-vs-rollback.overlay.png,qa/validation/Validation/v1.6.3/immutable-baseline/INK_Flower_Benchmark_Batch_02/cases/case-01-dense-multilayer-peony/comparisons/before-vs-rollback.overlay.png,QA,42731,9413e890c3bae17811ac4123a8ddea3548618181151733dc8fb4d68ae7bf7160,COPIED
INK_Core_Main_Program_v1.6.5_RC/Validation/v1.6.3/immutable-baseline/INK_Flower_Benchmark_Batch_02/cases/case-01-dense-multilayer-peony/comparisons/before-vs-rollback.side-by-side.png,qa/validation/Validation/v1.6.3/immutable-baseline/INK_Flower_Benchmark_Batch_02/cases/case-01-dense-multilayer-peony/comparisons/before-vs-rollback.side-by-side.png,QA,50957,8e5616474e42efe77c88442de2a703066e0e0d5906056e54d848012e45cde2e9,COPIED
INK_Core_Main_Program_v1.6.5_RC/Validation/v1.6.3/immutable-baseline/INK_Flower_Benchmark_Batch_02/cases/case-01-dense-multilayer-peony/execution-log.json,qa/validation/Validation/v1.6.3/immutable-baseline/INK_Flower_Benchmark_Batch_02/cases/case-01-dense-multilayer-peony/execution-log.json,QA,14429,79e2ea234490abcea8553c364ee096471b833ac5028a6336bffaca6dd242a216,COPIED
INK_Core_Main_Program_v1.6.5_RC/Validation/v1.6.3/immutable-baseline/INK_Flower_Benchmark_Batch_02/cases/case-01-dense-multilayer-peony/material-structure-increment.json,qa/validation/Validation/v1.6.3/immutable-baseline/INK_Flower_Benchmark_Batch_02/cases/case-01-dense-multilayer-peony/material-structure-increment.json,QA,135,0da67017fa492b6c1b48485e00a0486deafff720bdb00e8be5f6d4c8d0d34b28,COPIED
INK_Core_Main_Program_v1.6.5_RC/Validation/v1.6.3/immutable-baseline/INK_Flower_Benchmark_Batch_02/cases/case-01-dense-multilayer-peony/outputs/after-local-outer-edit/after-local-outer-edit.headless.json,qa/validation/Validation/v1.6.3/immutable-baseline/INK_Flower_Benchmark_Batch_02/cases/case-01-dense-multilayer-peony/outputs/after-local-outer-edit/after-local-outer-edit.headless.json,QA,6957,9c33df033f6f5c34f259e8545c3db167b24f6142b9beba9a0ef3e22ea1b1c315,COPIED
INK_Core_Main_Program_v1.6.5_RC/Validation/v1.6.3/immutable-baseline/INK_Flower_Benchmark_Batch_02/cases/case-01-dense-multilayer-peony/outputs/after-local-outer-edit/after-local-outer-edit.png,qa/validation/Validation/v1.6.3/immutable-baseline/INK_Flower_Benchmark_Batch_02/cases/case-01-dense-multilayer-peony/outputs/after-local-outer-edit/after-local-outer-edit.png,QA,43507,d593ed8bf0ffb5088a2313a858b73d15303685da9539a943666e3dd0ff15ddd4,COPIED
INK_Core_Main_Program_v1.6.5_RC/Validation/v1.6.3/immutable-baseline/INK_Flower_Benchmark_Batch_02/cases/case-01-dense-multilayer-peony/outputs/after-local-outer-edit/after-local-outer-edit.svg,qa/validation/Validation/v1.6.3/immutable-baseline/INK_Flower_Benchmark_Batch_02/cases/case-01-dense-multilayer-peony/outputs/after-local-outer-edit/after-local-outer-edit.svg,QA,35730,bfea305ab11fa3a1aa9568b6609e7bdd43cf8d02fc5f6a2fb1b8a58512f40c18,COPIED
INK_Core_Main_Program_v1.6.5_RC/Validation/v1.6.3/immutable-baseline/INK_Flower_Benchmark_Batch_02/cases/case-01-dense-multilayer-peony/outputs/after-local-outer-edit-rerun/after-local-outer-edit-rerun.headless.json,qa/validation/Validation/v1.6.3/immutable-baseline/INK_Flower_Benchmark_Batch_02/cases/case-01-dense-multilayer-peony/outputs/after-local-outer-edit-rerun/after-local-outer-edit-rerun.headless.json,QA,6969,3b6207f6c7727eb0c2914df74e32778c18aa4cdb7f4f09173bfcc54a5d8cf0a5,COPIED
INK_Core_Main_Program_v1.6.5_RC/Validation/v1.6.3/immutable-baseline/INK_Flower_Benchmark_Batch_02/cases/case-01-dense-multilayer-peony/outputs/after-local-outer-edit-rerun/after-local-outer-edit-rerun.png,qa/validation/Validation/v1.6.3/immutable-baseline/INK_Flower_Benchmark_Batch_02/cases/case-01-dense-multilayer-peony/outputs/after-local-outer-edit-rerun/after-local-outer-edit-rerun.png,QA,43507,d593ed8bf0ffb5088a2313a858b73d15303685da9539a943666e3dd0ff15ddd4,COPIED
INK_Core_Main_Program_v1.6.5_RC/Validation/v1.6.3/immutable-baseline/INK_Flower_Benchmark_Batch_02/cases/case-01-dense-multilayer-peony/outputs/after-local-outer-edit-rerun/after-local-outer-edit-rerun.svg,qa/validation/Validation/v1.6.3/immutable-baseline/INK_Flower_Benchmark_Batch_02/cases/case-01-dense-multilayer-peony/outputs/after-local-outer-edit-rerun/after-local-outer-edit-rerun.svg,QA,35730,bfea305ab11fa3a1aa9568b6609e7bdd43cf8d02fc5f6a2fb1b8a58512f40c18,COPIED
INK_Core_Main_Program_v1.6.5_RC/Validation/v1.6.3/immutable-baseline/INK_Flower_Benchmark_Batch_02/cases/case-01-dense-multilayer-peony/outputs/before-36-petals/before-36-petals.headless.json,qa/validation/Validation/v1.6.3/immutable-baseline/INK_Flower_Benchmark_Batch_02/cases/case-01-dense-multilayer-peony/outputs/before-36-petals/before-36-petals.headless.json,QA,6945,679208c0d7bd304fc983be3f947d4497ae262a33e6b5de477869756d59072653,COPIED
INK_Core_Main_Program_v1.6.5_RC/Validation/v1.6.3/immutable-baseline/INK_Flower_Benchmark_Batch_02/cases/case-01-dense-multilayer-peony/outputs/before-36-petals/before-36-petals.png,qa/validation/Validation/v1.6.3/immutable-baseline/INK_Flower_Benchmark_Batch_02/cases/case-01-dense-multilayer-peony/outputs/before-36-petals/before-36-petals.png,QA,42731,9413e890c3bae17811ac4123a8ddea3548618181151733dc8fb4d68ae7bf7160,COPIED
INK_Core_Main_Program_v1.6.5_RC/Validation/v1.6.3/immutable-baseline/INK_Flower_Benchmark_Batch_02/cases/case-01-dense-multilayer-peony/outputs/before-36-petals/before-36-petals.svg,qa/validation/Validation/v1.6.3/immutable-baseline/INK_Flower_Benchmark_Batch_02/cases/case-01-dense-multilayer-peony/outputs/before-36-petals/before-36-petals.svg,QA,35961,4bf0016231131767cc1771c17d97cc490b2d51e349cd68be3859bfbd46b1e1b2,COPIED
INK_Core_Main_Program_v1.6.5_RC/Validation/v1.6.3/immutable-baseline/INK_Flower_Benchmark_Batch_02/cases/case-01-dense-multilayer-peony/outputs/count-change-39-petals/count-change-39-petals.headless.json,qa/validation/Validation/v1.6.3/immutable-baseline/INK_Flower_Benchmark_Batch_02/cases/case-01-dense-multilayer-peony/outputs/count-change-39-petals/count-change-39-petals.headless.json,QA,6957,51d3bb3ebb485167698497aed1f7c4dc93ea3f2902f9aa467d964c1a6b60dfb0,COPIED
INK_Core_Main_Program_v1.6.5_RC/Validation/v1.6.3/immutable-baseline/INK_Flower_Benchmark_Batch_02/cases/case-01-dense-multilayer-peony/outputs/count-change-39-petals/count-change-39-petals.png,qa/validation/Validation/v1.6.3/immutable-baseline/INK_Flower_Benchmark_Batch_02/cases/case-01-dense-multilayer-peony/outputs/count-change-39-petals/count-change-39-petals.png,QA,44620,ae12df020a4fdfda16f3e45d196ebe4973c4739e95ddca185a11babec9580ec7,COPIED
INK_Core_Main_Program_v1.6.5_RC/Validation/v1.6.3/immutable-baseline/INK_Flower_Benchmark_Batch_02/cases/case-01-dense-multilayer-peony/outputs/count-change-39-petals/count-change-39-petals.svg,qa/validation/Validation/v1.6.3/immutable-baseline/INK_Flower_Benchmark_Batch_02/cases/case-01-dense-multilayer-peony/outputs/count-change-39-petals/count-change-39-petals.svg,QA,38780,b00390efe449842961aaa1920485cd48add03c14299de82016539d4d4d868cea,COPIED
INK_Core_Main_Program_v1.6.5_RC/Validation/v1.6.3/immutable-baseline/INK_Flower_Benchmark_Batch_02/cases/case-01-dense-multilayer-peony/outputs/rollback/rollback.headless.json,qa/validation/Validation/v1.6.3/immutable-baseline/INK_Flower_Benchmark_Batch_02/cases/case-01-dense-multilayer-peony/outputs/rollback/rollback.headless.json,QA,6929,95e43b7b3775432905aed237dff2eccd431863b7447a380912b26e2e0a8d4d03,COPIED
INK_Core_Main_Program_v1.6.5_RC/Validation/v1.6.3/immutable-baseline/INK_Flower_Benchmark_Batch_02/cases/case-01-dense-multilayer-peony/outputs/rollback/rollback.png,qa/validation/Validation/v1.6.3/immutable-baseline/INK_Flower_Benchmark_Batch_02/cases/case-01-dense-multilayer-peony/outputs/rollback/rollback.png,QA,42731,9413e890c3bae17811ac4123a8ddea3548618181151733dc8fb4d68ae7bf7160,COPIED
INK_Core_Main_Program_v1.6.5_RC/Validation/v1.6.3/immutable-baseline/INK_Flower_Benchmark_Batch_02/cases/case-01-dense-multilayer-peony/outputs/rollback/rollback.svg,qa/validation/Validation/v1.6.3/immutable-baseline/INK_Flower_Benchmark_Batch_02/cases/case-01-dense-multilayer-peony/outputs/rollback/rollback.svg,QA,35961,4bf0016231131767cc1771c17d97cc490b2d51e349cd68be3859bfbd46b1e1b2,COPIED
INK_Core_Main_Program_v1.6.5_RC/Validation/v1.6.3/immutable-baseline/INK_Flower_Benchmark_Batch_02/cases/case-01-dense-multilayer-peony/outputs/structure-view/structure-view.headless.json,qa/validation/Validation/v1.6.3/immutable-baseline/INK_Flower_Benchmark_Batch_02/cases/case-01-dense-multilayer-peony/outputs/structure-view/structure-view.headless.json,QA,6941,29329d21413cc6f38ce0bd02352d20b9914e3dd2b32b51e6aa42443ac4d5f5b0,COPIED
INK_Core_Main_Program_v1.6.5_RC/Validation/v1.6.3/immutable-baseline/INK_Flower_Benchmark_Batch_02/cases/case-01-dense-multilayer-peony/outputs/structure-view/structure-view.png,qa/validation/Validation/v1.6.3/immutable-baseline/INK_Flower_Benchmark_Batch_02/cases/case-01-dense-multilayer-peony/outputs/structure-view/structure-view.png,QA,69302,72fbdeb5c93bc2935794b46ec77e59145bce1d19197027a22be5821d05742fab,COPIED
INK_Core_Main_Program_v1.6.5_RC/Validation/v1.6.3/immutable-baseline/INK_Flower_Benchmark_Batch_02/cases/case-01-dense-multilayer-peony/outputs/structure-view/structure-view.svg,qa/validation/Validation/v1.6.3/immutable-baseline/INK_Flower_Benchmark_Batch_02/cases/case-01-dense-multilayer-peony/outputs/structure-view/structure-view.svg,QA,35637,c696c06c759657f69be9d5bb8a499f91863b5b3b62a95f573885c2d3aea7d83e,COPIED
INK_Core_Main_Program_v1.6.5_RC/Validation/v1.6.3/immutable-baseline/INK_Flower_Benchmark_Batch_02/cases/case-01-dense-multilayer-peony/recipe.json,qa/validation/Validation/v1.6.3/immutable-baseline/INK_Flower_Benchmark_Batch_02/cases/case-01-dense-multilayer-peony/recipe.json,QA,1351,f173b40b11687f52247a984a3d2f2ee4d86a3ec5da7fb776f7eeec50c55ddd3c,COPIED
INK_Core_Main_Program_v1.6.5_RC/Validation/v1.6.3/immutable-baseline/INK_Flower_Benchmark_Batch_02/cases/case-01-dense-multilayer-peony/result.json,qa/validation/Validation/v1.6.3/immutable-baseline/INK_Flower_Benchmark_Batch_02/cases/case-01-dense-multilayer-peony/result.json,QA,562661,bab6139b385ee8567dab11b6a3ed68a1f1c89b6ea599045975f5f0de2ceee8cc,COPIED
INK_Core_Main_Program_v1.6.5_RC/Validation/v1.6.3/immutable-baseline/INK_Flower_Benchmark_Batch_02/cases/case-01-dense-multilayer-peony/structure-analysis.json,qa/validation/Validation/v1.6.3/immutable-baseline/INK_Flower_Benchmark_Batch_02/cases/case-01-dense-multilayer-peony/structure-analysis.json,QA,2537,30dbce2269aa537450f4b327d997783f357e6cc89b56bcdcd47923b98e3dc811,COPIED
INK_Core_Main_Program_v1.6.5_RC/Validation/v1.6.3/immutable-baseline/INK_Flower_Benchmark_Batch_02/cases/case-02-three-quarter-tulip/CASE_OVERVIEW.md,qa/validation/Validation/v1.6.3/immutable-baseline/INK_Flower_Benchmark_Batch_02/cases/case-02-three-quarter-tulip/CASE_OVERVIEW.md,QA,933,64bc55706a7acc2a24cfb0abff40329348cef908ff38f784a9aeefe792a64171,COPIED
INK_Core_Main_Program_v1.6.5_RC/Validation/v1.6.3/immutable-baseline/INK_Flower_Benchmark_Batch_02/cases/case-02-three-quarter-tulip/LEARNING_DELTA.md,qa/validation/Validation/v1.6.3/immutable-baseline/INK_Flower_Benchmark_Batch_02/cases/case-02-three-quarter-tulip/LEARNING_DELTA.md,QA,370,1365cb45ca84dc8fa5545538c0016e39688d585291468e080ed8e2bd84e93913,COPIED
INK_Core_Main_Program_v1.6.5_RC/Validation/v1.6.3/immutable-baseline/INK_Flower_Benchmark_Batch_02/cases/case-02-three-quarter-tulip/asset-manifest.json,qa/validation/Validation/v1.6.3/immutable-baseline/INK_Flower_Benchmark_Batch_02/cases/case-02-three-quarter-tulip/asset-manifest.json,QA,982,a3c66b145c8e8d703197021527b49033ea1f5d5f9debb59907c95bbc2e978afd,COPIED
INK_Core_Main_Program_v1.6.5_RC/Validation/v1.6.3/immutable-baseline/INK_Flower_Benchmark_Batch_02/cases/case-02-three-quarter-tulip/behavior-increment.json,qa/validation/Validation/v1.6.3/immutable-baseline/INK_Flower_Benchmark_Batch_02/cases/case-02-three-quarter-tulip/behavior-increment.json,QA,224,050c6c390797762916a5efc6238b2919ec0c7445956b8032b95f899945e62bf8,COPIED
INK_Core_Main_Program_v1.6.5_RC/Validation/v1.6.3/immutable-baseline/INK_Flower_Benchmark_Batch_02/cases/case-02-three-quarter-tulip/capability-gap.json,qa/validation/Validation/v1.6.3/immutable-baseline/INK_Flower_Benchmark_Batch_02/cases/case-02-three-quarter-tulip/capability-gap.json,QA,327,0a56472fb3d9839fa9f44521794e5f913e9a33d41d3b39eef076a31d15e598d5,COPIED
INK_Core_Main_Program_v1.6.5_RC/Validation/v1.6.3/immutable-baseline/INK_Flower_Benchmark_Batch_02/cases/case-02-three-quarter-tulip/comparisons/after-vs-rerun.difference.png,qa/validation/Validation/v1.6.3/immutable-baseline/INK_Flower_Benchmark_Batch_02/cases/case-02-three-quarter-tulip/comparisons/after-vs-rerun.difference.png,QA,5113,151a41ec768c16d1c5bb9b1e477f5641663ef67ebf26d9b1dfde0982292fdd94,COPIED
INK_Core_Main_Program_v1.6.5_RC/Validation/v1.6.3/immutable-baseline/INK_Flower_Benchmark_Batch_02/cases/case-02-three-quarter-tulip/comparisons/after-vs-rerun.overlay.png,qa/validation/Validation/v1.6.3/immutable-baseline/INK_Flower_Benchmark_Batch_02/cases/case-02-three-quarter-tulip/comparisons/after-vs-rerun.overlay.png,QA,24729,a33b625e50818491acbbbcccf7bba0d2ef73c1fdf35b847db8963c41c2a4e330,COPIED
INK_Core_Main_Program_v1.6.5_RC/Validation/v1.6.3/immutable-baseline/INK_Flower_Benchmark_Batch_02/cases/case-02-three-quarter-tulip/comparisons/after-vs-rerun.side-by-side.png,qa/validation/Validation/v1.6.3/immutable-baseline/INK_Flower_Benchmark_Batch_02/cases/case-02-three-quarter-tulip/comparisons/after-vs-rerun.side-by-side.png,QA,30887,e39fb214969e4e32ebcc091832805a99ef8cdea9141de8270f874a02ad1c66d4,COPIED
INK_Core_Main_Program_v1.6.5_RC/Validation/v1.6.3/immutable-baseline/INK_Flower_Benchmark_Batch_02/cases/case-02-three-quarter-tulip/comparisons/before-vs-rollback.difference.png,qa/validation/Validation/v1.6.3/immutable-baseline/INK_Flower_Benchmark_Batch_02/cases/case-02-three-quarter-tulip/comparisons/before-vs-rollback.difference.png,QA,5113,151a41ec768c16d1c5bb9b1e477f5641663ef67ebf26d9b1dfde0982292fdd94,COPIED
INK_Core_Main_Program_v1.6.5_RC/Validation/v1.6.3/immutable-baseline/INK_Flower_Benchmark_Batch_02/cases/case-02-three-quarter-tulip/comparisons/before-vs-rollback.overlay.png,qa/validation/Validation/v1.6.3/immutable-baseline/INK_Flower_Benchmark_Batch_02/cases/case-02-three-quarter-tulip/comparisons/before-vs-rollback.overlay.png,QA,24270,a35f466f5f0177d1257225d20b45f12c0237879a3511363224c2b432b81503d8,COPIED
INK_Core_Main_Program_v1.6.5_RC/Validation/v1.6.3/immutable-baseline/INK_Flower_Benchmark_Batch_02/cases/case-02-three-quarter-tulip/comparisons/before-vs-rollback.side-by-side.png,qa/validation/Validation/v1.6.3/immutable-baseline/INK_Flower_Benchmark_Batch_02/cases/case-02-three-quarter-tulip/comparisons/before-vs-rollback.side-by-side.png,QA,30435,15b2843de080d56472eb1fca118cc5b8f45fc2030d3c7510118a8d7a745378f9,COPIED
INK_Core_Main_Program_v1.6.5_RC/Validation/v1.6.3/immutable-baseline/INK_Flower_Benchmark_Batch_02/cases/case-02-three-quarter-tulip/comparisons/fold-before-vs-after.difference.png,qa/validation/Validation/v1.6.3/immutable-baseline/INK_Flower_Benchmark_Batch_02/cases/case-02-three-quarter-tulip/comparisons/fold-before-vs-after.difference.png,QA,7736,f2c42d374c39a0a0a509059f79d17ba8d057e853601415cd21f2a88844cc2019,COPIED
INK_Core_Main_Program_v1.6.5_RC/Validation/v1.6.3/immutable-baseline/INK_Flower_Benchmark_Batch_02/cases/case-02-three-quarter-tulip/comparisons/fold-before-vs-after.overlay.png,qa/validation/Validation/v1.6.3/immutable-baseline/INK_Flower_Benchmark_Batch_02/cases/case-02-three-quarter-tulip/comparisons/fold-before-vs-after.overlay.png,QA,26070,e448a945f0b6758d5c0d96fc3cbd538cf9a364f164a119d17ed95f5aedb3f716,COPIED
INK_Core_Main_Program_v1.6.5_RC/Validation/v1.6.3/immutable-baseline/INK_Flower_Benchmark_Batch_02/cases/case-02-three-quarter-tulip/comparisons/fold-before-vs-after.side-by-side.png,qa/validation/Validation/v1.6.3/immutable-baseline/INK_Flower_Benchmark_Batch_02/cases/case-02-three-quarter-tulip/comparisons/fold-before-vs-after.side-by-side.png,QA,32891,c6542cab2b25431ea7db3f6d3668d744f247f70d5d385e3a44b15341cc249b9c,COPIED
INK_Core_Main_Program_v1.6.5_RC/Validation/v1.6.3/immutable-baseline/INK_Flower_Benchmark_Batch_02/cases/case-02-three-quarter-tulip/execution-log.json,qa/validation/Validation/v1.6.3/immutable-baseline/INK_Flower_Benchmark_Batch_02/cases/case-02-three-quarter-tulip/execution-log.json,QA,11149,b019ac91f31f092c890cb4d8365850365bd0f9220a6749233c40051e4a14d90d,COPIED
INK_Core_Main_Program_v1.6.5_RC/Validation/v1.6.3/immutable-baseline/INK_Flower_Benchmark_Batch_02/cases/case-02-three-quarter-tulip/material-structure-increment.json,qa/validation/Validation/v1.6.3/immutable-baseline/INK_Flower_Benchmark_Batch_02/cases/case-02-three-quarter-tulip/material-structure-increment.json,QA,132,8114ad3d9f6e4de1af2155348a748b3d79e259ea0e4b2e6ca6ed01e124a87bac,COPIED
INK_Core_Main_Program_v1.6.5_RC/Validation/v1.6.3/immutable-baseline/INK_Flower_Benchmark_Batch_02/cases/case-02-three-quarter-tulip/outputs/after-fold-direction/after-fold-direction.headless.json,qa/validation/Validation/v1.6.3/immutable-baseline/INK_Flower_Benchmark_Batch_02/cases/case-02-three-quarter-tulip/outputs/after-fold-direction/after-fold-direction.headless.json,QA,6950,73fb0f131c9aded6ed146c0a4bbe0f797e14ce3fd339177a2fcec612179dc197,COPIED
INK_Core_Main_Program_v1.6.5_RC/Validation/v1.6.3/immutable-baseline/INK_Flower_Benchmark_Batch_02/cases/case-02-three-quarter-tulip/outputs/after-fold-direction/after-fold-direction.png,qa/validation/Validation/v1.6.3/immutable-baseline/INK_Flower_Benchmark_Batch_02/cases/case-02-three-quarter-tulip/outputs/after-fold-direction/after-fold-direction.png,QA,24729,a33b625e50818491acbbbcccf7bba0d2ef73c1fdf35b847db8963c41c2a4e330,COPIED
INK_Core_Main_Program_v1.6.5_RC/Validation/v1.6.3/immutable-baseline/INK_Flower_Benchmark_Batch_02/cases/case-02-three-quarter-tulip/outputs/after-fold-direction/after-fold-direction.svg,qa/validation/Validation/v1.6.3/immutable-baseline/INK_Flower_Benchmark_Batch_02/cases/case-02-three-quarter-tulip/outputs/after-fold-direction/after-fold-direction.svg,QA,13137,3528e4c2073c89ba94406e621dbde7117cc426f23257eff5c400fb69c56c5d77,COPIED
INK_Core_Main_Program_v1.6.5_RC/Validation/v1.6.3/immutable-baseline/INK_Flower_Benchmark_Batch_02/cases/case-02-three-quarter-tulip/outputs/after-fold-direction-rerun/after-fold-direction-rerun.headless.json,qa/validation/Validation/v1.6.3/immutable-baseline/INK_Flower_Benchmark_Batch_02/cases/case-02-three-quarter-tulip/outputs/after-fold-direction-rerun/after-fold-direction-rerun.headless.json,QA,6962,3389ea6dd78dfba816efd1d401c2662782242b124c1d7a8cc04ff1a0b5148a3c,COPIED
INK_Core_Main_Program_v1.6.5_RC/Validation/v1.6.3/immutable-baseline/INK_Flower_Benchmark_Batch_02/cases/case-02-three-quarter-tulip/outputs/after-fold-direction-rerun/after-fold-direction-rerun.png,qa/validation/Validation/v1.6.3/immutable-baseline/INK_Flower_Benchmark_Batch_02/cases/case-02-three-quarter-tulip/outputs/after-fold-direction-rerun/after-fold-direction-rerun.png,QA,24729,a33b625e50818491acbbbcccf7bba0d2ef73c1fdf35b847db8963c41c2a4e330,COPIED
INK_Core_Main_Program_v1.6.5_RC/Validation/v1.6.3/immutable-baseline/INK_Flower_Benchmark_Batch_02/cases/case-02-three-quarter-tulip/outputs/after-fold-direction-rerun/after-fold-direction-rerun.svg,qa/validation/Validation/v1.6.3/immutable-baseline/INK_Flower_Benchmark_Batch_02/cases/case-02-three-quarter-tulip/outputs/after-fold-direction-rerun/after-fold-direction-rerun.svg,QA,13137,3528e4c2073c89ba94406e621dbde7117cc426f23257eff5c400fb69c56c5d77,COPIED
INK_Core_Main_Program_v1.6.5_RC/Validation/v1.6.3/immutable-baseline/INK_Flower_Benchmark_Batch_02/cases/case-02-three-quarter-tulip/outputs/before-fold-direction/before-fold-direction.headless.json,qa/validation/Validation/v1.6.3/immutable-baseline/INK_Flower_Benchmark_Batch_02/cases/case-02-three-quarter-tulip/outputs/before-fold-direction/before-fold-direction.headless.json,QA,6952,3a92ddad3b3d2d46c330059236f39901edb8687118cefb13d368e89398726f65,COPIED
INK_Core_Main_Program_v1.6.5_RC/Validation/v1.6.3/immutable-baseline/INK_Flower_Benchmark_Batch_02/cases/case-02-three-quarter-tulip/outputs/before-fold-direction/before-fold-direction.png,qa/validation/Validation/v1.6.3/immutable-baseline/INK_Flower_Benchmark_Batch_02/cases/case-02-three-quarter-tulip/outputs/before-fold-direction/before-fold-direction.png,QA,24270,a35f466f5f0177d1257225d20b45f12c0237879a3511363224c2b432b81503d8,COPIED
INK_Core_Main_Program_v1.6.5_RC/Validation/v1.6.3/immutable-baseline/INK_Flower_Benchmark_Batch_02/cases/case-02-three-quarter-tulip/outputs/before-fold-direction/before-fold-direction.svg,qa/validation/Validation/v1.6.3/immutable-baseline/INK_Flower_Benchmark_Batch_02/cases/case-02-three-quarter-tulip/outputs/before-fold-direction/before-fold-direction.svg,QA,13137,4391f1058ce9823a72359b2dc3b0830754d45a68d3e95cded99588dc82004f2f,COPIED
INK_Core_Main_Program_v1.6.5_RC/Validation/v1.6.3/immutable-baseline/INK_Flower_Benchmark_Batch_02/cases/case-02-three-quarter-tulip/outputs/rollback/rollback.headless.json,qa/validation/Validation/v1.6.3/immutable-baseline/INK_Flower_Benchmark_Batch_02/cases/case-02-three-quarter-tulip/outputs/rollback/rollback.headless.json,QA,6926,fccc9e0e3a8ac402a41d22c98f6a807d14f7afe1023d8bc1b939c940244c9a10,COPIED
INK_Core_Main_Program_v1.6.5_RC/Validation/v1.6.3/immutable-baseline/INK_Flower_Benchmark_Batch_02/cases/case-02-three-quarter-tulip/outputs/rollback/rollback.png,qa/validation/Validation/v1.6.3/immutable-baseline/INK_Flower_Benchmark_Batch_02/cases/case-02-three-quarter-tulip/outputs/rollback/rollback.png,QA,24270,a35f466f5f0177d1257225d20b45f12c0237879a3511363224c2b432b81503d8,COPIED
INK_Core_Main_Program_v1.6.5_RC/Validation/v1.6.3/immutable-baseline/INK_Flower_Benchmark_Batch_02/cases/case-02-three-quarter-tulip/outputs/rollback/rollback.svg,qa/validation/Validation/v1.6.3/immutable-baseline/INK_Flower_Benchmark_Batch_02/cases/case-02-three-quarter-tulip/outputs/rollback/rollback.svg,QA,13137,4391f1058ce9823a72359b2dc3b0830754d45a68d3e95cded99588dc82004f2f,COPIED
INK_Core_Main_Program_v1.6.5_RC/Validation/v1.6.3/immutable-baseline/INK_Flower_Benchmark_Batch_02/cases/case-02-three-quarter-tulip/outputs/structure-view/structure-view.headless.json,qa/validation/Validation/v1.6.3/immutable-baseline/INK_Flower_Benchmark_Batch_02/cases/case-02-three-quarter-tulip/outputs/structure-view/structure-view.headless.json,QA,6938,0c5ecd4f8cf70e40ee955768065635a01d3ca9109e889f90bbc1d2fccb00d19d,COPIED
INK_Core_Main_Program_v1.6.5_RC/Validation/v1.6.3/immutable-baseline/INK_Flower_Benchmark_Batch_02/cases/case-02-three-quarter-tulip/outputs/structure-view/structure-view.png,qa/validation/Validation/v1.6.3/immutable-baseline/INK_Flower_Benchmark_Batch_02/cases/case-02-three-quarter-tulip/outputs/structure-view/structure-view.png,QA,28084,003c12dff72eba07cd9a76d711f399ac3e446879adfc56998bfb79d91d1c800e,COPIED
INK_Core_Main_Program_v1.6.5_RC/Validation/v1.6.3/immutable-baseline/INK_Flower_Benchmark_Batch_02/cases/case-02-three-quarter-tulip/outputs/structure-view/structure-view.svg,qa/validation/Validation/v1.6.3/immutable-baseline/INK_Flower_Benchmark_Batch_02/cases/case-02-three-quarter-tulip/outputs/structure-view/structure-view.svg,QA,13091,a985c77ed4d1f907cb3e3d9c9bfc73aacc184f174502c904cc3f9a43dc95b65d,COPIED
INK_Core_Main_Program_v1.6.5_RC/Validation/v1.6.3/immutable-baseline/INK_Flower_Benchmark_Batch_02/cases/case-02-three-quarter-tulip/recipe.json,qa/validation/Validation/v1.6.3/immutable-baseline/INK_Flower_Benchmark_Batch_02/cases/case-02-three-quarter-tulip/recipe.json,QA,734,5c55efddc45c22b55097c5c23bd0431cc8dcb0952adf1650b74d4a61f8111f3e,COPIED
INK_Core_Main_Program_v1.6.5_RC/Validation/v1.6.3/immutable-baseline/INK_Flower_Benchmark_Batch_02/cases/case-02-three-quarter-tulip/result.json,qa/validation/Validation/v1.6.3/immutable-baseline/INK_Flower_Benchmark_Batch_02/cases/case-02-three-quarter-tulip/result.json,QA,130723,c02c7fdbbcb8abd9e4d46b559eb06b6f3150c69124cfd5a4144bb2dda34e43fd,COPIED
INK_Core_Main_Program_v1.6.5_RC/Validation/v1.6.3/immutable-baseline/INK_Flower_Benchmark_Batch_02/cases/case-02-three-quarter-tulip/structure-analysis.json,qa/validation/Validation/v1.6.3/immutable-baseline/INK_Flower_Benchmark_Batch_02/cases/case-02-three-quarter-tulip/structure-analysis.json,QA,2545,2e1343748eedfcbbe551824004c83a619dcd425f6322bc95f3f195fedd8c79c3,COPIED
INK_Core_Main_Program_v1.6.5_RC/Validation/v1.6.3/immutable-baseline/INK_Flower_Benchmark_Batch_02/cases/case-03-branched-botanical-unit/CASE_OVERVIEW.md,qa/validation/Validation/v1.6.3/immutable-baseline/INK_Flower_Benchmark_Batch_02/cases/case-03-branched-botanical-unit/CASE_OVERVIEW.md,QA,928,b2810652663c9043b69b632c8c87eca580f4a0c9d1a2afe24b22f82b7b2ac9a0,COPIED
INK_Core_Main_Program_v1.6.5_RC/Validation/v1.6.3/immutable-baseline/INK_Flower_Benchmark_Batch_02/cases/case-03-branched-botanical-unit/LEARNING_DELTA.md,qa/validation/Validation/v1.6.3/immutable-baseline/INK_Flower_Benchmark_Batch_02/cases/case-03-branched-botanical-unit/LEARNING_DELTA.md,QA,453,db657dd042ea8841baa2b93ca22b8d1bcec0df7c24946929b1cf2a8d1950ac82,COPIED
INK_Core_Main_Program_v1.6.5_RC/Validation/v1.6.3/immutable-baseline/INK_Flower_Benchmark_Batch_02/cases/case-03-branched-botanical-unit/asset-manifest.json,qa/validation/Validation/v1.6.3/immutable-baseline/INK_Flower_Benchmark_Batch_02/cases/case-03-branched-botanical-unit/asset-manifest.json,QA,974,81bd8b3efcedf1d43e6ba53f07d72fdb8f2f36e6ac49622ffba15fb5545e18dc,COPIED
INK_Core_Main_Program_v1.6.5_RC/Validation/v1.6.3/immutable-baseline/INK_Flower_Benchmark_Batch_02/cases/case-03-branched-botanical-unit/behavior-increment.json,qa/validation/Validation/v1.6.3/immutable-baseline/INK_Flower_Benchmark_Batch_02/cases/case-03-branched-botanical-unit/behavior-increment.json,QA,227,7998ea12aec475e8c7492f4313181735cb48e4ab6c8fcce880906c252cfd3fc7,COPIED
INK_Core_Main_Program_v1.6.5_RC/Validation/v1.6.3/immutable-baseline/INK_Flower_Benchmark_Batch_02/cases/case-03-branched-botanical-unit/capability-gap.json,qa/validation/Validation/v1.6.3/immutable-baseline/INK_Flower_Benchmark_Batch_02/cases/case-03-branched-botanical-unit/capability-gap.json,QA,305,26603df2a58be7eca12f919ece55016fac0da4426c0b4ab95d369dffa945b348,COPIED
INK_Core_Main_Program_v1.6.5_RC/Validation/v1.6.3/immutable-baseline/INK_Flower_Benchmark_Batch_02/cases/case-03-branched-botanical-unit/comparisons/before-vs-parent-transform.difference.png,qa/validation/Validation/v1.6.3/immutable-baseline/INK_Flower_Benchmark_Batch_02/cases/case-03-branched-botanical-unit/comparisons/before-vs-parent-transform.difference.png,QA,62544,8a570cee1f60799a837295d460550db38108dfb4fb1affc43721207a13b7633a,COPIED
INK_Core_Main_Program_v1.6.5_RC/Validation/v1.6.3/immutable-baseline/INK_Flower_Benchmark_Batch_02/cases/case-03-branched-botanical-unit/comparisons/before-vs-parent-transform.overlay.png,qa/validation/Validation/v1.6.3/immutable-baseline/INK_Flower_Benchmark_Batch_02/cases/case-03-branched-botanical-unit/comparisons/before-vs-parent-transform.overlay.png,QA,93967,521ed28e11a93a4baff9f54c32445501abd837d6c8fe2b903333cb97dca39f21,COPIED
INK_Core_Main_Program_v1.6.5_RC/Validation/v1.6.3/immutable-baseline/INK_Flower_Benchmark_Batch_02/cases/case-03-branched-botanical-unit/comparisons/before-vs-parent-transform.side-by-side.png,qa/validation/Validation/v1.6.3/immutable-baseline/INK_Flower_Benchmark_Batch_02/cases/case-03-branched-botanical-unit/comparisons/before-vs-parent-transform.side-by-side.png,QA,128408,2f214ec1bfec87263e5f0097198864307baa3dfc686b17defe1caa7e4b72b83e,COPIED
INK_Core_Main_Program_v1.6.5_RC/Validation/v1.6.3/immutable-baseline/INK_Flower_Benchmark_Batch_02/cases/case-03-branched-botanical-unit/comparisons/before-vs-rollback.difference.png,qa/validation/Validation/v1.6.3/immutable-baseline/INK_Flower_Benchmark_Batch_02/cases/case-03-branched-botanical-unit/comparisons/before-vs-rollback.difference.png,QA,5113,151a41ec768c16d1c5bb9b1e477f5641663ef67ebf26d9b1dfde0982292fdd94,COPIED
INK_Core_Main_Program_v1.6.5_RC/Validation/v1.6.3/immutable-baseline/INK_Flower_Benchmark_Batch_02/cases/case-03-branched-botanical-unit/comparisons/before-vs-rollback.overlay.png,qa/validation/Validation/v1.6.3/immutable-baseline/INK_Flower_Benchmark_Batch_02/cases/case-03-branched-botanical-unit/comparisons/before-vs-rollback.overlay.png,QA,54172,7f9527b048b438a5a6777819d878a868d4c74743b8d65ba25c297d4f33f96ae5,COPIED
INK_Core_Main_Program_v1.6.5_RC/Validation/v1.6.3/immutable-baseline/INK_Flower_Benchmark_Batch_02/cases/case-03-branched-botanical-unit/comparisons/before-vs-rollback.side-by-side.png,qa/validation/Validation/v1.6.3/immutable-baseline/INK_Flower_Benchmark_Batch_02/cases/case-03-branched-botanical-unit/comparisons/before-vs-rollback.side-by-side.png,QA,64280,9a57c88cbaf4df452d4f8dc8644a370d5dd99a56a1bb0405b0fca80a2f2648d1,COPIED
INK_Core_Main_Program_v1.6.5_RC/Validation/v1.6.3/immutable-baseline/INK_Flower_Benchmark_Batch_02/cases/case-03-branched-botanical-unit/comparisons/before-vs-single-leaf.difference.png,qa/validation/Validation/v1.6.3/immutable-baseline/INK_Flower_Benchmark_Batch_02/cases/case-03-branched-botanical-unit/comparisons/before-vs-single-leaf.difference.png,QA,6670,3f2a5f0ac2eac602378729aacb471ba04ee46ce82be78b86760778512991ac0e,COPIED
INK_Core_Main_Program_v1.6.5_RC/Validation/v1.6.3/immutable-baseline/INK_Flower_Benchmark_Batch_02/cases/case-03-branched-botanical-unit/comparisons/before-vs-single-leaf.overlay.png,qa/validation/Validation/v1.6.3/immutable-baseline/INK_Flower_Benchmark_Batch_02/cases/case-03-branched-botanical-unit/comparisons/before-vs-single-leaf.overlay.png,QA,55521,798c7077d9a2d416c360f4b113049c801dec9659d04ebdcf28e8093de9b93dbb,COPIED
INK_Core_Main_Program_v1.6.5_RC/Validation/v1.6.3/immutable-baseline/INK_Flower_Benchmark_Batch_02/cases/case-03-branched-botanical-unit/comparisons/before-vs-single-leaf.side-by-side.png,qa/validation/Validation/v1.6.3/immutable-baseline/INK_Flower_Benchmark_Batch_02/cases/case-03-branched-botanical-unit/comparisons/before-vs-single-leaf.side-by-side.png,QA,65739,0af78154ccb661fa02c722788f08b79e4605d930b6a1f3a12429239fa773f855,COPIED
INK_Core_Main_Program_v1.6.5_RC/Validation/v1.6.3/immutable-baseline/INK_Flower_Benchmark_Batch_02/cases/case-03-branched-botanical-unit/comparisons/parent-vs-rerun.difference.png,qa/validation/Validation/v1.6.3/immutable-baseline/INK_Flower_Benchmark_Batch_02/cases/case-03-branched-botanical-unit/comparisons/parent-vs-rerun.difference.png,QA,5113,151a41ec768c16d1c5bb9b1e477f5641663ef67ebf26d9b1dfde0982292fdd94,COPIED
INK_Core_Main_Program_v1.6.5_RC/Validation/v1.6.3/immutable-baseline/INK_Flower_Benchmark_Batch_02/cases/case-03-branched-botanical-unit/comparisons/parent-vs-rerun.overlay.png,qa/validation/Validation/v1.6.3/immutable-baseline/INK_Flower_Benchmark_Batch_02/cases/case-03-branched-botanical-unit/comparisons/parent-vs-rerun.overlay.png,QA,77608,bb67f380b3183ccdb0d4f3a2afda98bd243c7a5c2c977c09f64c7c1747c35681,COPIED
INK_Core_Main_Program_v1.6.5_RC/Validation/v1.6.3/immutable-baseline/INK_Flower_Benchmark_Batch_02/cases/case-03-branched-botanical-unit/comparisons/parent-vs-rerun.side-by-side.png,qa/validation/Validation/v1.6.3/immutable-baseline/INK_Flower_Benchmark_Batch_02/cases/case-03-branched-botanical-unit/comparisons/parent-vs-rerun.side-by-side.png,QA,90853,87ee93d5550a0d9c8d0338dd21c194ec1ad694ed2e38019d13c8c6d35bf5a7d9,COPIED
INK_Core_Main_Program_v1.6.5_RC/Validation/v1.6.3/immutable-baseline/INK_Flower_Benchmark_Batch_02/cases/case-03-branched-botanical-unit/execution-log.json,qa/validation/Validation/v1.6.3/immutable-baseline/INK_Flower_Benchmark_Batch_02/cases/case-03-branched-botanical-unit/execution-log.json,QA,14510,9270ad5666a8a3e5f22feff8bae2e4f2da96489cb40015ccf26506fe4823f16e,COPIED
INK_Core_Main_Program_v1.6.5_RC/Validation/v1.6.3/immutable-baseline/INK_Flower_Benchmark_Batch_02/cases/case-03-branched-botanical-unit/material-structure-increment.json,qa/validation/Validation/v1.6.3/immutable-baseline/INK_Flower_Benchmark_Batch_02/cases/case-03-branched-botanical-unit/material-structure-increment.json,QA,133,6bb737aec81685158695c253e7849d751451cd086199b08024be1a48bc094242,COPIED
INK_Core_Main_Program_v1.6.5_RC/Validation/v1.6.3/immutable-baseline/INK_Flower_Benchmark_Batch_02/cases/case-03-branched-botanical-unit/outputs/after-parent-transform/after-parent-transform.headless.json,qa/validation/Validation/v1.6.3/immutable-baseline/INK_Flower_Benchmark_Batch_02/cases/case-03-branched-botanical-unit/outputs/after-parent-transform/after-parent-transform.headless.json,QA,6958,317f1bc9fca5e181304c3e9e22dd8c85759f82555143ad8d2d14e1de3d7e6d0e,COPIED
INK_Core_Main_Program_v1.6.5_RC/Validation/v1.6.3/immutable-baseline/INK_Flower_Benchmark_Batch_02/cases/case-03-branched-botanical-unit/outputs/after-parent-transform/after-parent-transform.png,qa/validation/Validation/v1.6.3/immutable-baseline/INK_Flower_Benchmark_Batch_02/cases/case-03-branched-botanical-unit/outputs/after-parent-transform/after-parent-transform.png,QA,77608,bb67f380b3183ccdb0d4f3a2afda98bd243c7a5c2c977c09f64c7c1747c35681,COPIED
INK_Core_Main_Program_v1.6.5_RC/Validation/v1.6.3/immutable-baseline/INK_Flower_Benchmark_Batch_02/cases/case-03-branched-botanical-unit/outputs/after-parent-transform/after-parent-transform.svg,qa/validation/Validation/v1.6.3/immutable-baseline/INK_Flower_Benchmark_Batch_02/cases/case-03-branched-botanical-unit/outputs/after-parent-transform/after-parent-transform.svg,QA,35066,d38daccfd3d0fb34e66eb559b1d09b224c711e6bcfb6ca006c7d154237214082,COPIED
INK_Core_Main_Program_v1.6.5_RC/Validation/v1.6.3/immutable-baseline/INK_Flower_Benchmark_Batch_02/cases/case-03-branched-botanical-unit/outputs/after-parent-transform-rerun/after-parent-transform-rerun.headless.json,qa/validation/Validation/v1.6.3/immutable-baseline/INK_Flower_Benchmark_Batch_02/cases/case-03-branched-botanical-unit/outputs/after-parent-transform-rerun/after-parent-transform-rerun.headless.json,QA,6970,f0dc42789e54c9e14e85cdf8d0f5e580441c090e1082b19ea77384e8a0141fb3,COPIED
INK_Core_Main_Program_v1.6.5_RC/Validation/v1.6.3/immutable-baseline/INK_Flower_Benchmark_Batch_02/cases/case-03-branched-botanical-unit/outputs/after-parent-transform-rerun/after-parent-transform-rerun.png,qa/validation/Validation/v1.6.3/immutable-baseline/INK_Flower_Benchmark_Batch_02/cases/case-03-branched-botanical-unit/outputs/after-parent-transform-rerun/after-parent-transform-rerun.png,QA,77608,bb67f380b3183ccdb0d4f3a2afda98bd243c7a5c2c977c09f64c7c1747c35681,COPIED
INK_Core_Main_Program_v1.6.5_RC/Validation/v1.6.3/immutable-baseline/INK_Flower_Benchmark_Batch_02/cases/case-03-branched-botanical-unit/outputs/after-parent-transform-rerun/after-parent-transform-rerun.svg,qa/validation/Validation/v1.6.3/immutable-baseline/INK_Flower_Benchmark_Batch_02/cases/case-03-branched-botanical-unit/outputs/after-parent-transform-rerun/after-parent-transform-rerun.svg,QA,35066,d38daccfd3d0fb34e66eb559b1d09b224c711e6bcfb6ca006c7d154237214082,COPIED
INK_Core_Main_Program_v1.6.5_RC/Validation/v1.6.3/immutable-baseline/INK_Flower_Benchmark_Batch_02/cases/case-03-branched-botanical-unit/outputs/after-single-detached-leaf-edit/after-single-detached-leaf-edit.headless.json,qa/validation/Validation/v1.6.3/immutable-baseline/INK_Flower_Benchmark_Batch_02/cases/case-03-branched-botanical-unit/outputs/after-single-detached-leaf-edit/after-single-detached-leaf-edit.headless.json,QA,6976,0ec0079d5265514c6f31dcc13e085a0c3f5d95e451695c82d81b984a2abfd928,COPIED
INK_Core_Main_Program_v1.6.5_RC/Validation/v1.6.3/immutable-baseline/INK_Flower_Benchmark_Batch_02/cases/case-03-branched-botanical-unit/outputs/after-single-detached-leaf-edit/after-single-detached-leaf-edit.png,qa/validation/Validation/v1.6.3/immutable-baseline/INK_Flower_Benchmark_Batch_02/cases/case-03-branched-botanical-unit/outputs/after-single-detached-leaf-edit/after-single-detached-leaf-edit.png,QA,54586,2188b887ce8476155955b5fff2f6193f395fe74ce5e84269f676335e4018fe73,COPIED
INK_Core_Main_Program_v1.6.5_RC/Validation/v1.6.3/immutable-baseline/INK_Flower_Benchmark_Batch_02/cases/case-03-branched-botanical-unit/outputs/after-single-detached-leaf-edit/after-single-detached-leaf-edit.svg,qa/validation/Validation/v1.6.3/immutable-baseline/INK_Flower_Benchmark_Batch_02/cases/case-03-branched-botanical-unit/outputs/after-single-detached-leaf-edit/after-single-detached-leaf-edit.svg,QA,35020,1123596e0d9be01980b4c22acdfd01b67b9711eb6b5242bb44e7cbf7e84213dc,COPIED
INK_Core_Main_Program_v1.6.5_RC/Validation/v1.6.3/immutable-baseline/INK_Flower_Benchmark_Batch_02/cases/case-03-branched-botanical-unit/outputs/before/before.headless.json,qa/validation/Validation/v1.6.3/immutable-baseline/INK_Flower_Benchmark_Batch_02/cases/case-03-branched-botanical-unit/outputs/before/before.headless.json,QA,6926,84e876be957897527f5fa3489adf45137c9406381784b227234ff8171d8538ef,COPIED
INK_Core_Main_Program_v1.6.5_RC/Validation/v1.6.3/immutable-baseline/INK_Flower_Benchmark_Batch_02/cases/case-03-branched-botanical-unit/outputs/before/before.png,qa/validation/Validation/v1.6.3/immutable-baseline/INK_Flower_Benchmark_Batch_02/cases/case-03-branched-botanical-unit/outputs/before/before.png,QA,54172,7f9527b048b438a5a6777819d878a868d4c74743b8d65ba25c297d4f33f96ae5,COPIED
INK_Core_Main_Program_v1.6.5_RC/Validation/v1.6.3/immutable-baseline/INK_Flower_Benchmark_Batch_02/cases/case-03-branched-botanical-unit/outputs/before/before.svg,qa/validation/Validation/v1.6.3/immutable-baseline/INK_Flower_Benchmark_Batch_02/cases/case-03-branched-botanical-unit/outputs/before/before.svg,QA,35020,0836ad00ef7353ea3fb2be37ebf3c5b8e19dff3b2c50c4fef483fe1d561e92b0,COPIED
INK_Core_Main_Program_v1.6.5_RC/Validation/v1.6.3/immutable-baseline/INK_Flower_Benchmark_Batch_02/cases/case-03-branched-botanical-unit/outputs/rollback/rollback.headless.json,qa/validation/Validation/v1.6.3/immutable-baseline/INK_Flower_Benchmark_Batch_02/cases/case-03-branched-botanical-unit/outputs/rollback/rollback.headless.json,QA,6930,63a99a1d57c9ff6eaa521e8acdcce535b27ea946f5dc1ccfd18d1b5bcdf035c5,COPIED
INK_Core_Main_Program_v1.6.5_RC/Validation/v1.6.3/immutable-baseline/INK_Flower_Benchmark_Batch_02/cases/case-03-branched-botanical-unit/outputs/rollback/rollback.png,qa/validation/Validation/v1.6.3/immutable-baseline/INK_Flower_Benchmark_Batch_02/cases/case-03-branched-botanical-unit/outputs/rollback/rollback.png,QA,54172,7f9527b048b438a5a6777819d878a868d4c74743b8d65ba25c297d4f33f96ae5,COPIED
INK_Core_Main_Program_v1.6.5_RC/Validation/v1.6.3/immutable-baseline/INK_Flower_Benchmark_Batch_02/cases/case-03-branched-botanical-unit/outputs/rollback/rollback.svg,qa/validation/Validation/v1.6.3/immutable-baseline/INK_Flower_Benchmark_Batch_02/cases/case-03-branched-botanical-unit/outputs/rollback/rollback.svg,QA,35020,0836ad00ef7353ea3fb2be37ebf3c5b8e19dff3b2c50c4fef483fe1d561e92b0,COPIED
INK_Core_Main_Program_v1.6.5_RC/Validation/v1.6.3/immutable-baseline/INK_Flower_Benchmark_Batch_02/cases/case-03-branched-botanical-unit/outputs/structure-view/structure-view.headless.json,qa/validation/Validation/v1.6.3/immutable-baseline/INK_Flower_Benchmark_Batch_02/cases/case-03-branched-botanical-unit/outputs/structure-view/structure-view.headless.json,QA,6942,f2c1ea8ac56ddae111b7af700e77d5cfe885a38e7b246b4a20ed2ba0c5dd7cff,COPIED
INK_Core_Main_Program_v1.6.5_RC/Validation/v1.6.3/immutable-baseline/INK_Flower_Benchmark_Batch_02/cases/case-03-branched-botanical-unit/outputs/structure-view/structure-view.png,qa/validation/Validation/v1.6.3/immutable-baseline/INK_Flower_Benchmark_Batch_02/cases/case-03-branched-botanical-unit/outputs/structure-view/structure-view.png,QA,60768,54cfc67f209f584f2bdb55211281791390b8de59a1b6ffe78648be5d540b76aa,COPIED
INK_Core_Main_Program_v1.6.5_RC/Validation/v1.6.3/immutable-baseline/INK_Flower_Benchmark_Batch_02/cases/case-03-branched-botanical-unit/outputs/structure-view/structure-view.svg,qa/validation/Validation/v1.6.3/immutable-baseline/INK_Flower_Benchmark_Batch_02/cases/case-03-branched-botanical-unit/outputs/structure-view/structure-view.svg,QA,34929,715907f43303300e230c89e2a7ff926305070e871f1ced6529a56c1cc3f08022,COPIED
INK_Core_Main_Program_v1.6.5_RC/Validation/v1.6.3/immutable-baseline/INK_Flower_Benchmark_Batch_02/cases/case-03-branched-botanical-unit/recipe.json,qa/validation/Validation/v1.6.3/immutable-baseline/INK_Flower_Benchmark_Batch_02/cases/case-03-branched-botanical-unit/recipe.json,QA,740,6b83e292816c8ff993b2d640814760e059470edce80b203b33f4cc8c494f1147,COPIED
INK_Core_Main_Program_v1.6.5_RC/Validation/v1.6.3/immutable-baseline/INK_Flower_Benchmark_Batch_02/cases/case-03-branched-botanical-unit/result.json,qa/validation/Validation/v1.6.3/immutable-baseline/INK_Flower_Benchmark_Batch_02/cases/case-03-branched-botanical-unit/result.json,QA,1059817,508a79898e0591ef04a53cd80925231919e1d4226d1e986ee59c9c76a4c70e9a,COPIED
INK_Core_Main_Program_v1.6.5_RC/Validation/v1.6.3/immutable-baseline/INK_Flower_Benchmark_Batch_02/cases/case-03-branched-botanical-unit/structure-analysis.json,qa/validation/Validation/v1.6.3/immutable-baseline/INK_Flower_Benchmark_Batch_02/cases/case-03-branched-botanical-unit/structure-analysis.json,QA,2536,dc449834c5352fd3f96a0ec9439996a991bcba9ddbc3c0b5d1406b02f9efe0d9,COPIED
INK_Core_Main_Program_v1.6.5_RC/Validation/v1.6.3/immutable-baseline/INK_Flower_Benchmark_Batch_02/cases/case-04-real-complex-illustrator-spirograph/CASE_OVERVIEW.md,qa/validation/Validation/v1.6.3/immutable-baseline/INK_Flower_Benchmark_Batch_02/cases/case-04-real-complex-illustrator-spirograph/CASE_OVERVIEW.md,QA,1126,32d4cef40b5a54ef2e270e3aa64bdd7a0b8f9caf323f617fca99f8a7186a98f0,COPIED
INK_Core_Main_Program_v1.6.5_RC/Validation/v1.6.3/immutable-baseline/INK_Flower_Benchmark_Batch_02/cases/case-04-real-complex-illustrator-spirograph/LEARNING_DELTA.md,qa/validation/Validation/v1.6.3/immutable-baseline/INK_Flower_Benchmark_Batch_02/cases/case-04-real-complex-illustrator-spirograph/LEARNING_DELTA.md,QA,573,d2f7eb40e6fdda2f26b10bbaabf53a794338030f62c24606cdd944fbe25e441f,COPIED
INK_Core_Main_Program_v1.6.5_RC/Validation/v1.6.3/immutable-baseline/INK_Flower_Benchmark_Batch_02/cases/case-04-real-complex-illustrator-spirograph/asset-manifest.json,qa/validation/Validation/v1.6.3/immutable-baseline/INK_Flower_Benchmark_Batch_02/cases/case-04-real-complex-illustrator-spirograph/asset-manifest.json,QA,1157,abed37dab851dc785c510bebe261314961ca5d4dc8c000d9d31ba72a93e3aca1,COPIED
INK_Core_Main_Program_v1.6.5_RC/Validation/v1.6.3/immutable-baseline/INK_Flower_Benchmark_Batch_02/cases/case-04-real-complex-illustrator-spirograph/behavior-increment.json,qa/validation/Validation/v1.6.3/immutable-baseline/INK_Flower_Benchmark_Batch_02/cases/case-04-real-complex-illustrator-spirograph/behavior-increment.json,QA,182,59d35b2225e4473090272d880804183bca66e8ac7af6e9bb7f339d35a27afa5b,COPIED
INK_Core_Main_Program_v1.6.5_RC/Validation/v1.6.3/immutable-baseline/INK_Flower_Benchmark_Batch_02/cases/case-04-real-complex-illustrator-spirograph/capability-gap.json,qa/validation/Validation/v1.6.3/immutable-baseline/INK_Flower_Benchmark_Batch_02/cases/case-04-real-complex-illustrator-spirograph/capability-gap.json,QA,933,6f5db4523739537993cfa078a8b3627b79d34d969aa5bc002e94b2ae01b0c2da,COPIED
INK_Core_Main_Program_v1.6.5_RC/Validation/v1.6.3/immutable-baseline/INK_Flower_Benchmark_Batch_02/cases/case-04-real-complex-illustrator-spirograph/comparisons/20-vs-24-loops.difference.png,qa/validation/Validation/v1.6.3/immutable-baseline/INK_Flower_Benchmark_Batch_02/cases/case-04-real-complex-illustrator-spirograph/comparisons/20-vs-24-loops.difference.png,QA,125105,066dd27f438ab9aa21a0ee7fde56dc7abf9bfde708a59be09159371b73efef50,COPIED
INK_Core_Main_Program_v1.6.5_RC/Validation/v1.6.3/immutable-baseline/INK_Flower_Benchmark_Batch_02/cases/case-04-real-complex-illustrator-spirograph/comparisons/20-vs-24-loops.overlay.png,qa/validation/Validation/v1.6.3/immutable-baseline/INK_Flower_Benchmark_Batch_02/cases/case-04-real-complex-illustrator-spirograph/comparisons/20-vs-24-loops.overlay.png,QA,212848,7024b5bc1b1ee977810267d49103281fa5b1672980492faf47af16c0f79f7d1a,COPIED
INK_Core_Main_Program_v1.6.5_RC/Validation/v1.6.3/immutable-baseline/INK_Flower_Benchmark_Batch_02/cases/case-04-real-complex-illustrator-spirograph/comparisons/20-vs-24-loops.side-by-side.png,qa/validation/Validation/v1.6.3/immutable-baseline/INK_Flower_Benchmark_Batch_02/cases/case-04-real-complex-illustrator-spirograph/comparisons/20-vs-24-loops.side-by-side.png,QA,287015,a4bfa14b13488b7cc8b98f14f796795ef20d190c3595bc95009ec301eddd70e4,COPIED
INK_Core_Main_Program_v1.6.5_RC/Validation/v1.6.3/immutable-baseline/INK_Flower_Benchmark_Batch_02/cases/case-04-real-complex-illustrator-spirograph/comparisons/before-vs-rerun.difference.png,qa/validation/Validation/v1.6.3/immutable-baseline/INK_Flower_Benchmark_Batch_02/cases/case-04-real-complex-illustrator-spirograph/comparisons/before-vs-rerun.difference.png,QA,5113,151a41ec768c16d1c5bb9b1e477f5641663ef67ebf26d9b1dfde0982292fdd94,COPIED
INK_Core_Main_Program_v1.6.5_RC/Validation/v1.6.3/immutable-baseline/INK_Flower_Benchmark_Batch_02/cases/case-04-real-complex-illustrator-spirograph/comparisons/before-vs-rerun.overlay.png,qa/validation/Validation/v1.6.3/immutable-baseline/INK_Flower_Benchmark_Batch_02/cases/case-04-real-complex-illustrator-spirograph/comparisons/before-vs-rerun.overlay.png,QA,129751,182e3b3333275bd2ba75b577eeec2667355011dbbe395378b19c141e92d00621,COPIED
INK_Core_Main_Program_v1.6.5_RC/Validation/v1.6.3/immutable-baseline/INK_Flower_Benchmark_Batch_02/cases/case-04-real-complex-illustrator-spirograph/comparisons/before-vs-rerun.side-by-side.png,qa/validation/Validation/v1.6.3/immutable-baseline/INK_Flower_Benchmark_Batch_02/cases/case-04-real-complex-illustrator-spirograph/comparisons/before-vs-rerun.side-by-side.png,QA,141534,9ca90c45199b35f6c1974d5990adea9b772030bc562e939d897d07af5dfb833b,COPIED
INK_Core_Main_Program_v1.6.5_RC/Validation/v1.6.3/immutable-baseline/INK_Flower_Benchmark_Batch_02/cases/case-04-real-complex-illustrator-spirograph/comparisons/before-vs-rollback.difference.png,qa/validation/Validation/v1.6.3/immutable-baseline/INK_Flower_Benchmark_Batch_02/cases/case-04-real-complex-illustrator-spirograph/comparisons/before-vs-rollback.difference.png,QA,5113,151a41ec768c16d1c5bb9b1e477f5641663ef67ebf26d9b1dfde0982292fdd94,COPIED
INK_Core_Main_Program_v1.6.5_RC/Validation/v1.6.3/immutable-baseline/INK_Flower_Benchmark_Batch_02/cases/case-04-real-complex-illustrator-spirograph/comparisons/before-vs-rollback.overlay.png,qa/validation/Validation/v1.6.3/immutable-baseline/INK_Flower_Benchmark_Batch_02/cases/case-04-real-complex-illustrator-spirograph/comparisons/before-vs-rollback.overlay.png,QA,129751,182e3b3333275bd2ba75b577eeec2667355011dbbe395378b19c141e92d00621,COPIED
INK_Core_Main_Program_v1.6.5_RC/Validation/v1.6.3/immutable-baseline/INK_Flower_Benchmark_Batch_02/cases/case-04-real-complex-illustrator-spirograph/comparisons/before-vs-rollback.side-by-side.png,qa/validation/Validation/v1.6.3/immutable-baseline/INK_Flower_Benchmark_Batch_02/cases/case-04-real-complex-illustrator-spirograph/comparisons/before-vs-rollback.side-by-side.png,QA,141534,9ca90c45199b35f6c1974d5990adea9b772030bc562e939d897d07af5dfb833b,COPIED
INK_Core_Main_Program_v1.6.5_RC/Validation/v1.6.3/immutable-baseline/INK_Flower_Benchmark_Batch_02/cases/case-04-real-complex-illustrator-spirograph/execution-log.json,qa/validation/Validation/v1.6.3/immutable-baseline/INK_Flower_Benchmark_Batch_02/cases/case-04-real-complex-illustrator-spirograph/execution-log.json,QA,12260,3cca0bc721cb54b87f56b33270b76d5ae51b5a8cc87d86f8dbf648d6e77a83c2,COPIED
INK_Core_Main_Program_v1.6.5_RC/Validation/v1.6.3/immutable-baseline/INK_Flower_Benchmark_Batch_02/cases/case-04-real-complex-illustrator-spirograph/import-report.json,qa/validation/Validation/v1.6.3/immutable-baseline/INK_Flower_Benchmark_Batch_02/cases/case-04-real-complex-illustrator-spirograph/import-report.json,QA,15688,d7e9dc49e82a5f6fddd48889fccefd5b969a63c39ccd68aa3e270199ead54f92,COPIED
INK_Core_Main_Program_v1.6.5_RC/Validation/v1.6.3/immutable-baseline/INK_Flower_Benchmark_Batch_02/cases/case-04-real-complex-illustrator-spirograph/material-structure-increment.json,qa/validation/Validation/v1.6.3/immutable-baseline/INK_Flower_Benchmark_Batch_02/cases/case-04-real-complex-illustrator-spirograph/material-structure-increment.json,QA,87,2b33e38eb1bf5e7dc570a754844befb540adfc769f15e94098b3d5e7171f43ef,COPIED
INK_Core_Main_Program_v1.6.5_RC/Validation/v1.6.3/immutable-baseline/INK_Flower_Benchmark_Batch_02/cases/case-04-real-complex-illustrator-spirograph/outputs/after-24-loops-radius-285/after-24-loops-radius-285.headless.json,qa/validation/Validation/v1.6.3/immutable-baseline/INK_Flower_Benchmark_Batch_02/cases/case-04-real-complex-illustrator-spirograph/outputs/after-24-loops-radius-285/after-24-loops-radius-285.headless.json,QA,6977,bc695e6826a7dccfe9880630665cb823fa0c79f484308c078989d0ed7d83c7ef,COPIED
INK_Core_Main_Program_v1.6.5_RC/Validation/v1.6.3/immutable-baseline/INK_Flower_Benchmark_Batch_02/cases/case-04-real-complex-illustrator-spirograph/outputs/after-24-loops-radius-285/after-24-loops-radius-285.png,qa/validation/Validation/v1.6.3/immutable-baseline/INK_Flower_Benchmark_Batch_02/cases/case-04-real-complex-illustrator-spirograph/outputs/after-24-loops-radius-285/after-24-loops-radius-285.png,QA,157078,40a0d86c353a8f19eca5e961df8f6d999f2926d4bcbd3b304fe4a69dc763eb5e,COPIED
INK_Core_Main_Program_v1.6.5_RC/Validation/v1.6.3/immutable-baseline/INK_Flower_Benchmark_Batch_02/cases/case-04-real-complex-illustrator-spirograph/outputs/after-24-loops-radius-285/after-24-loops-radius-285.svg,qa/validation/Validation/v1.6.3/immutable-baseline/INK_Flower_Benchmark_Batch_02/cases/case-04-real-complex-illustrator-spirograph/outputs/after-24-loops-radius-285/after-24-loops-radius-285.svg,QA,75715,59cf63c4c7b1fe0e9996354a953e3aefaeb1ed833fba5e53ed0ca18f8f8b4e0f,COPIED
INK_Core_Main_Program_v1.6.5_RC/Validation/v1.6.3/immutable-baseline/INK_Flower_Benchmark_Batch_02/cases/case-04-real-complex-illustrator-spirograph/outputs/before-20-loops/before-20-loops.headless.json,qa/validation/Validation/v1.6.3/immutable-baseline/INK_Flower_Benchmark_Batch_02/cases/case-04-real-complex-illustrator-spirograph/outputs/before-20-loops/before-20-loops.headless.json,QA,6957,de35e3ecb4799a208015f33f24159bfec354697990a6d28e2094112e7c2f51fd,COPIED
INK_Core_Main_Program_v1.6.5_RC/Validation/v1.6.3/immutable-baseline/INK_Flower_Benchmark_Batch_02/cases/case-04-real-complex-illustrator-spirograph/outputs/before-20-loops/before-20-loops.png,qa/validation/Validation/v1.6.3/immutable-baseline/INK_Flower_Benchmark_Batch_02/cases/case-04-real-complex-illustrator-spirograph/outputs/before-20-loops/before-20-loops.png,QA,129751,182e3b3333275bd2ba75b577eeec2667355011dbbe395378b19c141e92d00621,COPIED
INK_Core_Main_Program_v1.6.5_RC/Validation/v1.6.3/immutable-baseline/INK_Flower_Benchmark_Batch_02/cases/case-04-real-complex-illustrator-spirograph/outputs/before-20-loops/before-20-loops.svg,qa/validation/Validation/v1.6.3/immutable-baseline/INK_Flower_Benchmark_Batch_02/cases/case-04-real-complex-illustrator-spirograph/outputs/before-20-loops/before-20-loops.svg,QA,63182,9292e28f93232ffb5c27ad2f8d3b83aee7ba812504211fabedb56de4d4af9af4,COPIED
INK_Core_Main_Program_v1.6.5_RC/Validation/v1.6.3/immutable-baseline/INK_Flower_Benchmark_Batch_02/cases/case-04-real-complex-illustrator-spirograph/outputs/rerun-20-loops/rerun-20-loops.headless.json,qa/validation/Validation/v1.6.3/immutable-baseline/INK_Flower_Benchmark_Batch_02/cases/case-04-real-complex-illustrator-spirograph/outputs/rerun-20-loops/rerun-20-loops.headless.json,QA,6955,77d44ab75ca5bc82cd6a58c2f1420b640fbc60b516db8b1c0671cda7be118652,COPIED
INK_Core_Main_Program_v1.6.5_RC/Validation/v1.6.3/immutable-baseline/INK_Flower_Benchmark_Batch_02/cases/case-04-real-complex-illustrator-spirograph/outputs/rerun-20-loops/rerun-20-loops.png,qa/validation/Validation/v1.6.3/immutable-baseline/INK_Flower_Benchmark_Batch_02/cases/case-04-real-complex-illustrator-spirograph/outputs/rerun-20-loops/rerun-20-loops.png,QA,129751,182e3b3333275bd2ba75b577eeec2667355011dbbe395378b19c141e92d00621,COPIED
INK_Core_Main_Program_v1.6.5_RC/Validation/v1.6.3/immutable-baseline/INK_Flower_Benchmark_Batch_02/cases/case-04-real-complex-illustrator-spirograph/outputs/rerun-20-loops/rerun-20-loops.svg,qa/validation/Validation/v1.6.3/immutable-baseline/INK_Flower_Benchmark_Batch_02/cases/case-04-real-complex-illustrator-spirograph/outputs/rerun-20-loops/rerun-20-loops.svg,QA,63182,9292e28f93232ffb5c27ad2f8d3b83aee7ba812504211fabedb56de4d4af9af4,COPIED
INK_Core_Main_Program_v1.6.5_RC/Validation/v1.6.3/immutable-baseline/INK_Flower_Benchmark_Batch_02/cases/case-04-real-complex-illustrator-spirograph/outputs/rollback/rollback.headless.json,qa/validation/Validation/v1.6.3/immutable-baseline/INK_Flower_Benchmark_Batch_02/cases/case-04-real-complex-illustrator-spirograph/outputs/rollback/rollback.headless.json,QA,6943,108da45cc3a936f2b8d4195fb574b06d97fc9a29e3bb1ddfa496bafe4f878849,COPIED
INK_Core_Main_Program_v1.6.5_RC/Validation/v1.6.3/immutable-baseline/INK_Flower_Benchmark_Batch_02/cases/case-04-real-complex-illustrator-spirograph/outputs/rollback/rollback.png,qa/validation/Validation/v1.6.3/immutable-baseline/INK_Flower_Benchmark_Batch_02/cases/case-04-real-complex-illustrator-spirograph/outputs/rollback/rollback.png,QA,129751,182e3b3333275bd2ba75b577eeec2667355011dbbe395378b19c141e92d00621,COPIED
INK_Core_Main_Program_v1.6.5_RC/Validation/v1.6.3/immutable-baseline/INK_Flower_Benchmark_Batch_02/cases/case-04-real-complex-illustrator-spirograph/outputs/rollback/rollback.svg,qa/validation/Validation/v1.6.3/immutable-baseline/INK_Flower_Benchmark_Batch_02/cases/case-04-real-complex-illustrator-spirograph/outputs/rollback/rollback.svg,QA,63182,9292e28f93232ffb5c27ad2f8d3b83aee7ba812504211fabedb56de4d4af9af4,COPIED
INK_Core_Main_Program_v1.6.5_RC/Validation/v1.6.3/immutable-baseline/INK_Flower_Benchmark_Batch_02/cases/case-04-real-complex-illustrator-spirograph/outputs/structure-view/structure-view.headless.json,qa/validation/Validation/v1.6.3/immutable-baseline/INK_Flower_Benchmark_Batch_02/cases/case-04-real-complex-illustrator-spirograph/outputs/structure-view/structure-view.headless.json,QA,6954,0656f73f4dd16fcfa8388ddc5e9175e260aab9be595e269e199bd9dc1d0eec5b,COPIED
INK_Core_Main_Program_v1.6.5_RC/Validation/v1.6.3/immutable-baseline/INK_Flower_Benchmark_Batch_02/cases/case-04-real-complex-illustrator-spirograph/outputs/structure-view/structure-view.png,qa/validation/Validation/v1.6.3/immutable-baseline/INK_Flower_Benchmark_Batch_02/cases/case-04-real-complex-illustrator-spirograph/outputs/structure-view/structure-view.png,QA,97622,0890b76ea913e0b23bd83404444da093a405a921c6242bb4a8f8df19d5597da0,COPIED
INK_Core_Main_Program_v1.6.5_RC/Validation/v1.6.3/immutable-baseline/INK_Flower_Benchmark_Batch_02/cases/case-04-real-complex-illustrator-spirograph/outputs/structure-view/structure-view.svg,qa/validation/Validation/v1.6.3/immutable-baseline/INK_Flower_Benchmark_Batch_02/cases/case-04-real-complex-illustrator-spirograph/outputs/structure-view/structure-view.svg,QA,62904,8422c833d1ed702e7f93906020a719235692696daca7ae34d661b1c51be4818d,COPIED
INK_Core_Main_Program_v1.6.5_RC/Validation/v1.6.3/immutable-baseline/INK_Flower_Benchmark_Batch_02/cases/case-04-real-complex-illustrator-spirograph/result.json,qa/validation/Validation/v1.6.3/immutable-baseline/INK_Flower_Benchmark_Batch_02/cases/case-04-real-complex-illustrator-spirograph/result.json,QA,16279,edfc1d5b159de4da2c302d9c7247c245b2e2c39fc3359c4a37eb987d0de4e2c4,COPIED
INK_Core_Main_Program_v1.6.5_RC/Validation/v1.6.3/immutable-baseline/INK_Flower_Benchmark_Batch_02/cases/case-04-real-complex-illustrator-spirograph/reviewed-recipe.json,qa/validation/Validation/v1.6.3/immutable-baseline/INK_Flower_Benchmark_Batch_02/cases/case-04-real-complex-illustrator-spirograph/reviewed-recipe.json,QA,1220,3c828672041d8954a31e149f09f44d2a2f3f196df4ea2cccc069e6c4b33c94a4,COPIED
INK_Core_Main_Program_v1.6.5_RC/Validation/v1.6.3/immutable-baseline/INK_Flower_Benchmark_Batch_02/cases/case-04-real-complex-illustrator-spirograph/source/Spirograph.js,qa/validation/Validation/v1.6.3/immutable-baseline/INK_Flower_Benchmark_Batch_02/cases/case-04-real-complex-illustrator-spirograph/source/Spirograph.js,QA,6359,ec1b0483074a6901e749d6f58f8f1442d7c5d0471bf3ba2a4875864a093ac166,COPIED
INK_Core_Main_Program_v1.6.5_RC/Validation/v1.6.3/immutable-baseline/INK_Flower_Benchmark_Batch_02/cases/case-04-real-complex-illustrator-spirograph/structure-analysis.json,qa/validation/Validation/v1.6.3/immutable-baseline/INK_Flower_Benchmark_Batch_02/cases/case-04-real-complex-illustrator-spirograph/structure-analysis.json,QA,2321,d8b3d529d8bac8b6389f4d74e3a40e0c4a0214bde761f4c9a6aa8afcca2eac4f,COPIED
INK_Core_Main_Program_v1.6.5_RC/Validation/v1.6.3/immutable-baseline/INK_Flower_Benchmark_Batch_02/cases/case-05-botanical-hero-poster/CASE_OVERVIEW.md,qa/validation/Validation/v1.6.3/immutable-baseline/INK_Flower_Benchmark_Batch_02/cases/case-05-botanical-hero-poster/CASE_OVERVIEW.md,QA,1247,17a508c087f7d48715e47817f1da02c3a4035333afa1b441027ab9c7d2dc5df6,COPIED
INK_Core_Main_Program_v1.6.5_RC/Validation/v1.6.3/immutable-baseline/INK_Flower_Benchmark_Batch_02/cases/case-05-botanical-hero-poster/LEARNING_DELTA.md,qa/validation/Validation/v1.6.3/immutable-baseline/INK_Flower_Benchmark_Batch_02/cases/case-05-botanical-hero-poster/LEARNING_DELTA.md,QA,525,e2c6c01727b64255bac41b1cc3f68bc4d2af0dea4dca63bda51f626183424783,COPIED
INK_Core_Main_Program_v1.6.5_RC/Validation/v1.6.3/immutable-baseline/INK_Flower_Benchmark_Batch_02/cases/case-05-botanical-hero-poster/asset-manifest.json,qa/validation/Validation/v1.6.3/immutable-baseline/INK_Flower_Benchmark_Batch_02/cases/case-05-botanical-hero-poster/asset-manifest.json,QA,997,dbdb465d9c1528e52dfbd39aaff3a3abb5c242c2411b1705ff74d14e8576a752,COPIED
INK_Core_Main_Program_v1.6.5_RC/Validation/v1.6.3/immutable-baseline/INK_Flower_Benchmark_Batch_02/cases/case-05-botanical-hero-poster/behavior-increment.json,qa/validation/Validation/v1.6.3/immutable-baseline/INK_Flower_Benchmark_Batch_02/cases/case-05-botanical-hero-poster/behavior-increment.json,QA,241,7c7353e915642d03bcb9be7f129943a261ff7caf55ccc8abe02b3f03d5b6367b,COPIED
INK_Core_Main_Program_v1.6.5_RC/Validation/v1.6.3/immutable-baseline/INK_Flower_Benchmark_Batch_02/cases/case-05-botanical-hero-poster/capability-gap.json,qa/validation/Validation/v1.6.3/immutable-baseline/INK_Flower_Benchmark_Batch_02/cases/case-05-botanical-hero-poster/capability-gap.json,QA,861,4be2153504f60becf7d8db0e22e6effd5a807ec1cb01d1577eec81418ad9c36a,COPIED
INK_Core_Main_Program_v1.6.5_RC/Validation/v1.6.3/immutable-baseline/INK_Flower_Benchmark_Batch_02/cases/case-05-botanical-hero-poster/comparisons/before-vs-background-edit.difference.png,qa/validation/Validation/v1.6.3/immutable-baseline/INK_Flower_Benchmark_Batch_02/cases/case-05-botanical-hero-poster/comparisons/before-vs-background-edit.difference.png,QA,21827,bf152feacb947a14e33bbcf215b4af385a581dfae3337ae1112df7ec4f6d7a17,COPIED
INK_Core_Main_Program_v1.6.5_RC/Validation/v1.6.3/immutable-baseline/INK_Flower_Benchmark_Batch_02/cases/case-05-botanical-hero-poster/comparisons/before-vs-background-edit.overlay.png,qa/validation/Validation/v1.6.3/immutable-baseline/INK_Flower_Benchmark_Batch_02/cases/case-05-botanical-hero-poster/comparisons/before-vs-background-edit.overlay.png,QA,83861,7b4716f73da71a70ac4f964e9e341398e4a4a84a3ed3eb10630799406a00e10c,COPIED
INK_Core_Main_Program_v1.6.5_RC/Validation/v1.6.3/immutable-baseline/INK_Flower_Benchmark_Batch_02/cases/case-05-botanical-hero-poster/comparisons/before-vs-background-edit.side-by-side.png,qa/validation/Validation/v1.6.3/immutable-baseline/INK_Flower_Benchmark_Batch_02/cases/case-05-botanical-hero-poster/comparisons/before-vs-background-edit.side-by-side.png,QA,129541,87fd8458ce910b908bedaf2b3590fec7b3722e9be952e69b74970661a61b8fde,COPIED
INK_Core_Main_Program_v1.6.5_RC/Validation/v1.6.3/immutable-baseline/INK_Flower_Benchmark_Batch_02/cases/case-05-botanical-hero-poster/comparisons/before-vs-main-flower-edit.difference.png,qa/validation/Validation/v1.6.3/immutable-baseline/INK_Flower_Benchmark_Batch_02/cases/case-05-botanical-hero-poster/comparisons/before-vs-main-flower-edit.difference.png,QA,51579,173f4e181d05ba36b3e50552abcf9e41cd32104dd033cf79b6f36f94456e0509,COPIED
INK_Core_Main_Program_v1.6.5_RC/Validation/v1.6.3/immutable-baseline/INK_Flower_Benchmark_Batch_02/cases/case-05-botanical-hero-poster/comparisons/before-vs-main-flower-edit.overlay.png,qa/validation/Validation/v1.6.3/immutable-baseline/INK_Flower_Benchmark_Batch_02/cases/case-05-botanical-hero-poster/comparisons/before-vs-main-flower-edit.overlay.png,QA,113121,9414cb363bd80435ff67de7c5d2fa5da7202db9898fc8185f3b63f8b86f7b740,COPIED
INK_Core_Main_Program_v1.6.5_RC/Validation/v1.6.3/immutable-baseline/INK_Flower_Benchmark_Batch_02/cases/case-05-botanical-hero-poster/comparisons/before-vs-main-flower-edit.side-by-side.png,qa/validation/Validation/v1.6.3/immutable-baseline/INK_Flower_Benchmark_Batch_02/cases/case-05-botanical-hero-poster/comparisons/before-vs-main-flower-edit.side-by-side.png,QA,141827,a554d1bf87a850941648ddd4bfda6e5e914aefe5212bdcb72ccf3d3ca8677cca,COPIED
INK_Core_Main_Program_v1.6.5_RC/Validation/v1.6.3/immutable-baseline/INK_Flower_Benchmark_Batch_02/cases/case-05-botanical-hero-poster/comparisons/before-vs-rerun.difference.png,qa/validation/Validation/v1.6.3/immutable-baseline/INK_Flower_Benchmark_Batch_02/cases/case-05-botanical-hero-poster/comparisons/before-vs-rerun.difference.png,QA,5113,151a41ec768c16d1c5bb9b1e477f5641663ef67ebf26d9b1dfde0982292fdd94,COPIED
INK_Core_Main_Program_v1.6.5_RC/Validation/v1.6.3/immutable-baseline/INK_Flower_Benchmark_Batch_02/cases/case-05-botanical-hero-poster/comparisons/before-vs-rerun.overlay.png,qa/validation/Validation/v1.6.3/immutable-baseline/INK_Flower_Benchmark_Batch_02/cases/case-05-botanical-hero-poster/comparisons/before-vs-rerun.overlay.png,QA,83981,3f2f7862f5ba96a39b0eed83672e2aafd4fdf4b8ba586d245a35a85a0b651e5f,COPIED
INK_Core_Main_Program_v1.6.5_RC/Validation/v1.6.3/immutable-baseline/INK_Flower_Benchmark_Batch_02/cases/case-05-botanical-hero-poster/comparisons/before-vs-rerun.side-by-side.png,qa/validation/Validation/v1.6.3/immutable-baseline/INK_Flower_Benchmark_Batch_02/cases/case-05-botanical-hero-poster/comparisons/before-vs-rerun.side-by-side.png,QA,101754,c0d15d96938221b0c1930ff47cb4abd2348a3d2391b1fd687bc6ba1249921b04,COPIED
INK_Core_Main_Program_v1.6.5_RC/Validation/v1.6.3/immutable-baseline/INK_Flower_Benchmark_Batch_02/cases/case-05-botanical-hero-poster/comparisons/before-vs-rollback.difference.png,qa/validation/Validation/v1.6.3/immutable-baseline/INK_Flower_Benchmark_Batch_02/cases/case-05-botanical-hero-poster/comparisons/before-vs-rollback.difference.png,QA,5113,151a41ec768c16d1c5bb9b1e477f5641663ef67ebf26d9b1dfde0982292fdd94,COPIED
INK_Core_Main_Program_v1.6.5_RC/Validation/v1.6.3/immutable-baseline/INK_Flower_Benchmark_Batch_02/cases/case-05-botanical-hero-poster/comparisons/before-vs-rollback.overlay.png,qa/validation/Validation/v1.6.3/immutable-baseline/INK_Flower_Benchmark_Batch_02/cases/case-05-botanical-hero-poster/comparisons/before-vs-rollback.overlay.png,QA,83981,3f2f7862f5ba96a39b0eed83672e2aafd4fdf4b8ba586d245a35a85a0b651e5f,COPIED
INK_Core_Main_Program_v1.6.5_RC/Validation/v1.6.3/immutable-baseline/INK_Flower_Benchmark_Batch_02/cases/case-05-botanical-hero-poster/comparisons/before-vs-rollback.side-by-side.png,qa/validation/Validation/v1.6.3/immutable-baseline/INK_Flower_Benchmark_Batch_02/cases/case-05-botanical-hero-poster/comparisons/before-vs-rollback.side-by-side.png,QA,101754,c0d15d96938221b0c1930ff47cb4abd2348a3d2391b1fd687bc6ba1249921b04,COPIED
INK_Core_Main_Program_v1.6.5_RC/Validation/v1.6.3/immutable-baseline/INK_Flower_Benchmark_Batch_02/cases/case-05-botanical-hero-poster/execution-log.json,qa/validation/Validation/v1.6.3/immutable-baseline/INK_Flower_Benchmark_Batch_02/cases/case-05-botanical-hero-poster/execution-log.json,QA,14399,00b23af300e64113090e2a9cfaaea42d64b1205a39630110f70968001a504d4e,COPIED
INK_Core_Main_Program_v1.6.5_RC/Validation/v1.6.3/immutable-baseline/INK_Flower_Benchmark_Batch_02/cases/case-05-botanical-hero-poster/material-structure-increment.json,qa/validation/Validation/v1.6.3/immutable-baseline/INK_Flower_Benchmark_Batch_02/cases/case-05-botanical-hero-poster/material-structure-increment.json,QA,150,ec2a9be54f85f530ec4bca5fc35c68d6a52a86cc5014e45abe9d864d6d80101e,COPIED
INK_Core_Main_Program_v1.6.5_RC/Validation/v1.6.3/immutable-baseline/INK_Flower_Benchmark_Batch_02/cases/case-05-botanical-hero-poster/outputs/after-background-color-edit/after-background-color-edit.headless.json,qa/validation/Validation/v1.6.3/immutable-baseline/INK_Flower_Benchmark_Batch_02/cases/case-05-botanical-hero-poster/outputs/after-background-color-edit/after-background-color-edit.headless.json,QA,6966,c33f84a5aed956cf30071dee4c3cf294169f5a58096bf50adabde9d6fe97cc1d,COPIED
INK_Core_Main_Program_v1.6.5_RC/Validation/v1.6.3/immutable-baseline/INK_Flower_Benchmark_Batch_02/cases/case-05-botanical-hero-poster/outputs/after-background-color-edit/after-background-color-edit.png,qa/validation/Validation/v1.6.3/immutable-baseline/INK_Flower_Benchmark_Batch_02/cases/case-05-botanical-hero-poster/outputs/after-background-color-edit/after-background-color-edit.png,QA,83856,771e83d5a32738b27a02787ca21f96afa375d638b539e260cbc18d72e2461f0e,COPIED
INK_Core_Main_Program_v1.6.5_RC/Validation/v1.6.3/immutable-baseline/INK_Flower_Benchmark_Batch_02/cases/case-05-botanical-hero-poster/outputs/after-background-color-edit/after-background-color-edit.svg,qa/validation/Validation/v1.6.3/immutable-baseline/INK_Flower_Benchmark_Batch_02/cases/case-05-botanical-hero-poster/outputs/after-background-color-edit/after-background-color-edit.svg,QA,50943,51e14828fa21257634e7f43edcf26013b0fe920c5b68ef8a45a7ab3331ac182c,COPIED
INK_Core_Main_Program_v1.6.5_RC/Validation/v1.6.3/immutable-baseline/INK_Flower_Benchmark_Batch_02/cases/case-05-botanical-hero-poster/outputs/after-main-flower-edit/after-main-flower-edit.headless.json,qa/validation/Validation/v1.6.3/immutable-baseline/INK_Flower_Benchmark_Batch_02/cases/case-05-botanical-hero-poster/outputs/after-main-flower-edit/after-main-flower-edit.headless.json,QA,6956,4a9a397612086fa44fe451a4f94f7ec7b88bbdd2923dbff9830df181e9d8af81,COPIED
INK_Core_Main_Program_v1.6.5_RC/Validation/v1.6.3/immutable-baseline/INK_Flower_Benchmark_Batch_02/cases/case-05-botanical-hero-poster/outputs/after-main-flower-edit/after-main-flower-edit.png,qa/validation/Validation/v1.6.3/immutable-baseline/INK_Flower_Benchmark_Batch_02/cases/case-05-botanical-hero-poster/outputs/after-main-flower-edit/after-main-flower-edit.png,QA,88835,25152dce1075e197b851035330ca3e3a7ab13511e564d2eb6f393a7eba6c0c2a,COPIED
INK_Core_Main_Program_v1.6.5_RC/Validation/v1.6.3/immutable-baseline/INK_Flower_Benchmark_Batch_02/cases/case-05-botanical-hero-poster/outputs/after-main-flower-edit/after-main-flower-edit.svg,qa/validation/Validation/v1.6.3/immutable-baseline/INK_Flower_Benchmark_Batch_02/cases/case-05-botanical-hero-poster/outputs/after-main-flower-edit/after-main-flower-edit.svg,QA,53572,37ee28a60c1a2753919a17ebb122b50eefec2430fb8c88a4fb5c83c64914473a,COPIED
INK_Core_Main_Program_v1.6.5_RC/Validation/v1.6.3/immutable-baseline/INK_Flower_Benchmark_Batch_02/cases/case-05-botanical-hero-poster/outputs/before-poster/before-poster.headless.json,qa/validation/Validation/v1.6.3/immutable-baseline/INK_Flower_Benchmark_Batch_02/cases/case-05-botanical-hero-poster/outputs/before-poster/before-poster.headless.json,QA,6938,fedc1cece44d0c1ab6114abdbf1adeb88371dc5e2d0996dc6bfcda8fba1d7d79,COPIED
INK_Core_Main_Program_v1.6.5_RC/Validation/v1.6.3/immutable-baseline/INK_Flower_Benchmark_Batch_02/cases/case-05-botanical-hero-poster/outputs/before-poster/before-poster.png,qa/validation/Validation/v1.6.3/immutable-baseline/INK_Flower_Benchmark_Batch_02/cases/case-05-botanical-hero-poster/outputs/before-poster/before-poster.png,QA,83981,3f2f7862f5ba96a39b0eed83672e2aafd4fdf4b8ba586d245a35a85a0b651e5f,COPIED
INK_Core_Main_Program_v1.6.5_RC/Validation/v1.6.3/immutable-baseline/INK_Flower_Benchmark_Batch_02/cases/case-05-botanical-hero-poster/outputs/before-poster/before-poster.svg,qa/validation/Validation/v1.6.3/immutable-baseline/INK_Flower_Benchmark_Batch_02/cases/case-05-botanical-hero-poster/outputs/before-poster/before-poster.svg,QA,50943,657113854eeaea378d10d03bbf545bc65490108c595b0f0ed21d2a217f3696af,COPIED
INK_Core_Main_Program_v1.6.5_RC/Validation/v1.6.3/immutable-baseline/INK_Flower_Benchmark_Batch_02/cases/case-05-botanical-hero-poster/outputs/rerun-poster/rerun-poster.headless.json,qa/validation/Validation/v1.6.3/immutable-baseline/INK_Flower_Benchmark_Batch_02/cases/case-05-botanical-hero-poster/outputs/rerun-poster/rerun-poster.headless.json,QA,6937,c2a107d062c350f097642b978192176aae9bc8c0d61d3a285cd811fb10124ea5,COPIED
INK_Core_Main_Program_v1.6.5_RC/Validation/v1.6.3/immutable-baseline/INK_Flower_Benchmark_Batch_02/cases/case-05-botanical-hero-poster/outputs/rerun-poster/rerun-poster.png,qa/validation/Validation/v1.6.3/immutable-baseline/INK_Flower_Benchmark_Batch_02/cases/case-05-botanical-hero-poster/outputs/rerun-poster/rerun-poster.png,QA,83981,3f2f7862f5ba96a39b0eed83672e2aafd4fdf4b8ba586d245a35a85a0b651e5f,COPIED
INK_Core_Main_Program_v1.6.5_RC/Validation/v1.6.3/immutable-baseline/INK_Flower_Benchmark_Batch_02/cases/case-05-botanical-hero-poster/outputs/rerun-poster/rerun-poster.svg,qa/validation/Validation/v1.6.3/immutable-baseline/INK_Flower_Benchmark_Batch_02/cases/case-05-botanical-hero-poster/outputs/rerun-poster/rerun-poster.svg,QA,50943,657113854eeaea378d10d03bbf545bc65490108c595b0f0ed21d2a217f3696af,COPIED
INK_Core_Main_Program_v1.6.5_RC/Validation/v1.6.3/immutable-baseline/INK_Flower_Benchmark_Batch_02/cases/case-05-botanical-hero-poster/outputs/rollback/rollback.headless.json,qa/validation/Validation/v1.6.3/immutable-baseline/INK_Flower_Benchmark_Batch_02/cases/case-05-botanical-hero-poster/outputs/rollback/rollback.headless.json,QA,6928,94539743dd7a2ddbed26142f96b702d8a2c239e00c4666ed62dfebd0ae652b35,COPIED
INK_Core_Main_Program_v1.6.5_RC/Validation/v1.6.3/immutable-baseline/INK_Flower_Benchmark_Batch_02/cases/case-05-botanical-hero-poster/outputs/rollback/rollback.png,qa/validation/Validation/v1.6.3/immutable-baseline/INK_Flower_Benchmark_Batch_02/cases/case-05-botanical-hero-poster/outputs/rollback/rollback.png,QA,83981,3f2f7862f5ba96a39b0eed83672e2aafd4fdf4b8ba586d245a35a85a0b651e5f,COPIED
INK_Core_Main_Program_v1.6.5_RC/Validation/v1.6.3/immutable-baseline/INK_Flower_Benchmark_Batch_02/cases/case-05-botanical-hero-poster/outputs/rollback/rollback.svg,qa/validation/Validation/v1.6.3/immutable-baseline/INK_Flower_Benchmark_Batch_02/cases/case-05-botanical-hero-poster/outputs/rollback/rollback.svg,QA,50943,657113854eeaea378d10d03bbf545bc65490108c595b0f0ed21d2a217f3696af,COPIED
INK_Core_Main_Program_v1.6.5_RC/Validation/v1.6.3/immutable-baseline/INK_Flower_Benchmark_Batch_02/cases/case-05-botanical-hero-poster/outputs/structure-view/structure-view.headless.json,qa/validation/Validation/v1.6.3/immutable-baseline/INK_Flower_Benchmark_Batch_02/cases/case-05-botanical-hero-poster/outputs/structure-view/structure-view.headless.json,QA,6941,d56a9f97642e2527fb30e8c2c61792821fed5f4014bdf76dce5bac31f52f0a54,COPIED
INK_Core_Main_Program_v1.6.5_RC/Validation/v1.6.3/immutable-baseline/INK_Flower_Benchmark_Batch_02/cases/case-05-botanical-hero-poster/outputs/structure-view/structure-view.png,qa/validation/Validation/v1.6.3/immutable-baseline/INK_Flower_Benchmark_Batch_02/cases/case-05-botanical-hero-poster/outputs/structure-view/structure-view.png,QA,115823,3b5896f4304fb8ac44d3bbd4842d5944cd7faf9ed9fab1387b9f1799f12535cf,COPIED
INK_Core_Main_Program_v1.6.5_RC/Validation/v1.6.3/immutable-baseline/INK_Flower_Benchmark_Batch_02/cases/case-05-botanical-hero-poster/outputs/structure-view/structure-view.svg,qa/validation/Validation/v1.6.3/immutable-baseline/INK_Flower_Benchmark_Batch_02/cases/case-05-botanical-hero-poster/outputs/structure-view/structure-view.svg,QA,50800,a0b7dfc79ccc0c86cbb483c1ebcaffe94322184bd929774add4c94033a630077,COPIED
INK_Core_Main_Program_v1.6.5_RC/Validation/v1.6.3/immutable-baseline/INK_Flower_Benchmark_Batch_02/cases/case-05-botanical-hero-poster/recipe.json,qa/validation/Validation/v1.6.3/immutable-baseline/INK_Flower_Benchmark_Batch_02/cases/case-05-botanical-hero-poster/recipe.json,QA,884,503515229d312ee1672720149dbee08e70bfabf4b931d028c0bc266c11091bb4,COPIED
INK_Core_Main_Program_v1.6.5_RC/Validation/v1.6.3/immutable-baseline/INK_Flower_Benchmark_Batch_02/cases/case-05-botanical-hero-poster/result.json,qa/validation/Validation/v1.6.3/immutable-baseline/INK_Flower_Benchmark_Batch_02/cases/case-05-botanical-hero-poster/result.json,QA,1292015,9d115375dda10a535f4ed7a9791a41690067d85d8fc1b23618030ee456d062cb,COPIED
INK_Core_Main_Program_v1.6.5_RC/Validation/v1.6.3/immutable-baseline/INK_Flower_Benchmark_Batch_02/cases/case-05-botanical-hero-poster/structure-analysis.json,qa/validation/Validation/v1.6.3/immutable-baseline/INK_Flower_Benchmark_Batch_02/cases/case-05-botanical-hero-poster/structure-analysis.json,QA,2575,174e346de33d5e53856888d01141617768dd5065ae7080f355947c7681c6527c,COPIED
INK_Core_Main_Program_v1.6.5_RC/Validation/v1.6.3/immutable-baseline/INK_Flower_Benchmark_Batch_02/cases/case-06-real-watercolor-procedure-research/CASE_OVERVIEW.md,qa/validation/Validation/v1.6.3/immutable-baseline/INK_Flower_Benchmark_Batch_02/cases/case-06-real-watercolor-procedure-research/CASE_OVERVIEW.md,QA,1272,9568900c13f339a0c3b348da7db7a7e82673c3ea7fda9021b43ee66110799ccd,COPIED
INK_Core_Main_Program_v1.6.5_RC/Validation/v1.6.3/immutable-baseline/INK_Flower_Benchmark_Batch_02/cases/case-06-real-watercolor-procedure-research/LEARNING_DELTA.md,qa/validation/Validation/v1.6.3/immutable-baseline/INK_Flower_Benchmark_Batch_02/cases/case-06-real-watercolor-procedure-research/LEARNING_DELTA.md,QA,499,da9627f1161bd50090e8fe73f579d83d9182a96e2a2e77e7efa1c51c10c34f37,COPIED
INK_Core_Main_Program_v1.6.5_RC/Validation/v1.6.3/immutable-baseline/INK_Flower_Benchmark_Batch_02/cases/case-06-real-watercolor-procedure-research/asset-manifest.json,qa/validation/Validation/v1.6.3/immutable-baseline/INK_Flower_Benchmark_Batch_02/cases/case-06-real-watercolor-procedure-research/asset-manifest.json,QA,1407,7c0153fe9dc2c6fc401445d30a5859f14d84e3db6ace9af37de9d0140c675a82,COPIED
INK_Core_Main_Program_v1.6.5_RC/Validation/v1.6.3/immutable-baseline/INK_Flower_Benchmark_Batch_02/cases/case-06-real-watercolor-procedure-research/behavior-increment.json,qa/validation/Validation/v1.6.3/immutable-baseline/INK_Flower_Benchmark_Batch_02/cases/case-06-real-watercolor-procedure-research/behavior-increment.json,QA,244,e2b0628d2526c6d96570eede96c5f2b3839624a599989e4f08ab940df0b46552,COPIED
INK_Core_Main_Program_v1.6.5_RC/Validation/v1.6.3/immutable-baseline/INK_Flower_Benchmark_Batch_02/cases/case-06-real-watercolor-procedure-research/capability-gap.json,qa/validation/Validation/v1.6.3/immutable-baseline/INK_Flower_Benchmark_Batch_02/cases/case-06-real-watercolor-procedure-research/capability-gap.json,QA,1493,3f940b8c578f476be7d245bad46373c01f014ff4999b118a8fdfa44291d4f494,COPIED
INK_Core_Main_Program_v1.6.5_RC/Validation/v1.6.3/immutable-baseline/INK_Flower_Benchmark_Batch_02/cases/case-06-real-watercolor-procedure-research/comparisons/focus-region-change.difference.png,qa/validation/Validation/v1.6.3/immutable-baseline/INK_Flower_Benchmark_Batch_02/cases/case-06-real-watercolor-procedure-research/comparisons/focus-region-change.difference.png,QA,17663,44faba4aed69f6026e00f5cea3cda9528133a1fecb75210e7744e0d09da499c0,COPIED
INK_Core_Main_Program_v1.6.5_RC/Validation/v1.6.3/immutable-baseline/INK_Flower_Benchmark_Batch_02/cases/case-06-real-watercolor-procedure-research/comparisons/focus-region-change.overlay.png,qa/validation/Validation/v1.6.3/immutable-baseline/INK_Flower_Benchmark_Batch_02/cases/case-06-real-watercolor-procedure-research/comparisons/focus-region-change.overlay.png,QA,57347,97774b8139b612c0aa065eb3a61cf52dbbfe142c904e6e2a1d1a098e282b58cf,COPIED
INK_Core_Main_Program_v1.6.5_RC/Validation/v1.6.3/immutable-baseline/INK_Flower_Benchmark_Batch_02/cases/case-06-real-watercolor-procedure-research/comparisons/focus-region-change.side-by-side.png,qa/validation/Validation/v1.6.3/immutable-baseline/INK_Flower_Benchmark_Batch_02/cases/case-06-real-watercolor-procedure-research/comparisons/focus-region-change.side-by-side.png,QA,71212,3751406d01f962e4878dcbcee47076c1c8286887d1ab97e0f92daf815f1cc3e3,COPIED
INK_Core_Main_Program_v1.6.5_RC/Validation/v1.6.3/immutable-baseline/INK_Flower_Benchmark_Batch_02/cases/case-06-real-watercolor-procedure-research/comparisons/setup-vs-rerun.difference.png,qa/validation/Validation/v1.6.3/immutable-baseline/INK_Flower_Benchmark_Batch_02/cases/case-06-real-watercolor-procedure-research/comparisons/setup-vs-rerun.difference.png,QA,5113,151a41ec768c16d1c5bb9b1e477f5641663ef67ebf26d9b1dfde0982292fdd94,COPIED
INK_Core_Main_Program_v1.6.5_RC/Validation/v1.6.3/immutable-baseline/INK_Flower_Benchmark_Batch_02/cases/case-06-real-watercolor-procedure-research/comparisons/setup-vs-rerun.overlay.png,qa/validation/Validation/v1.6.3/immutable-baseline/INK_Flower_Benchmark_Batch_02/cases/case-06-real-watercolor-procedure-research/comparisons/setup-vs-rerun.overlay.png,QA,53161,7e04974599987e9bfd97208242bbc33cb9dd1c30ce3a45839b7b32a831783da3,COPIED
INK_Core_Main_Program_v1.6.5_RC/Validation/v1.6.3/immutable-baseline/INK_Flower_Benchmark_Batch_02/cases/case-06-real-watercolor-procedure-research/comparisons/setup-vs-rerun.side-by-side.png,qa/validation/Validation/v1.6.3/immutable-baseline/INK_Flower_Benchmark_Batch_02/cases/case-06-real-watercolor-procedure-research/comparisons/setup-vs-rerun.side-by-side.png,QA,64223,883182c4267655ad8d1f6705dacee81be04ff7e9fbc45a0fa7b99a591ea3f677,COPIED
INK_Core_Main_Program_v1.6.5_RC/Validation/v1.6.3/immutable-baseline/INK_Flower_Benchmark_Batch_02/cases/case-06-real-watercolor-procedure-research/comparisons/setup-vs-rollback.difference.png,qa/validation/Validation/v1.6.3/immutable-baseline/INK_Flower_Benchmark_Batch_02/cases/case-06-real-watercolor-procedure-research/comparisons/setup-vs-rollback.difference.png,QA,5113,151a41ec768c16d1c5bb9b1e477f5641663ef67ebf26d9b1dfde0982292fdd94,COPIED
INK_Core_Main_Program_v1.6.5_RC/Validation/v1.6.3/immutable-baseline/INK_Flower_Benchmark_Batch_02/cases/case-06-real-watercolor-procedure-research/comparisons/setup-vs-rollback.overlay.png,qa/validation/Validation/v1.6.3/immutable-baseline/INK_Flower_Benchmark_Batch_02/cases/case-06-real-watercolor-procedure-research/comparisons/setup-vs-rollback.overlay.png,QA,53161,7e04974599987e9bfd97208242bbc33cb9dd1c30ce3a45839b7b32a831783da3,COPIED
INK_Core_Main_Program_v1.6.5_RC/Validation/v1.6.3/immutable-baseline/INK_Flower_Benchmark_Batch_02/cases/case-06-real-watercolor-procedure-research/comparisons/setup-vs-rollback.side-by-side.png,qa/validation/Validation/v1.6.3/immutable-baseline/INK_Flower_Benchmark_Batch_02/cases/case-06-real-watercolor-procedure-research/comparisons/setup-vs-rollback.side-by-side.png,QA,64223,883182c4267655ad8d1f6705dacee81be04ff7e9fbc45a0fa7b99a591ea3f677,COPIED
INK_Core_Main_Program_v1.6.5_RC/Validation/v1.6.3/immutable-baseline/INK_Flower_Benchmark_Batch_02/cases/case-06-real-watercolor-procedure-research/execution-log.json,qa/validation/Validation/v1.6.3/immutable-baseline/INK_Flower_Benchmark_Batch_02/cases/case-06-real-watercolor-procedure-research/execution-log.json,QA,12196,d3e94ae278fbdfaa61351033ff196866b3dad242fbda883e7178e79b881a7b00,COPIED
INK_Core_Main_Program_v1.6.5_RC/Validation/v1.6.3/immutable-baseline/INK_Flower_Benchmark_Batch_02/cases/case-06-real-watercolor-procedure-research/material-structure-increment.json,qa/validation/Validation/v1.6.3/immutable-baseline/INK_Flower_Benchmark_Batch_02/cases/case-06-real-watercolor-procedure-research/material-structure-increment.json,QA,140,2b47fbbcaeb5acfd4f3f647db34f3853bd7c90c9b1a9091c62ddfe6215e929ed,COPIED
INK_Core_Main_Program_v1.6.5_RC/Validation/v1.6.3/immutable-baseline/INK_Flower_Benchmark_Batch_02/cases/case-06-real-watercolor-procedure-research/outputs/modified-focus-region/modified-focus-region.headless.json,qa/validation/Validation/v1.6.3/immutable-baseline/INK_Flower_Benchmark_Batch_02/cases/case-06-real-watercolor-procedure-research/outputs/modified-focus-region/modified-focus-region.headless.json,QA,6967,3191979c0f0b0df90b09be4e98d212cd4c2d14c4ee4d0f105c77edbbc9004078,COPIED
INK_Core_Main_Program_v1.6.5_RC/Validation/v1.6.3/immutable-baseline/INK_Flower_Benchmark_Batch_02/cases/case-06-real-watercolor-procedure-research/outputs/modified-focus-region/modified-focus-region.png,qa/validation/Validation/v1.6.3/immutable-baseline/INK_Flower_Benchmark_Batch_02/cases/case-06-real-watercolor-procedure-research/outputs/modified-focus-region/modified-focus-region.png,QA,51075,d8c2a9d63ec96e9e7b62a4545e19acf8ac9933b21942ed1204bb1ad24cd16a70,COPIED
INK_Core_Main_Program_v1.6.5_RC/Validation/v1.6.3/immutable-baseline/INK_Flower_Benchmark_Batch_02/cases/case-06-real-watercolor-procedure-research/outputs/modified-focus-region/modified-focus-region.svg,qa/validation/Validation/v1.6.3/immutable-baseline/INK_Flower_Benchmark_Batch_02/cases/case-06-real-watercolor-procedure-research/outputs/modified-focus-region/modified-focus-region.svg,QA,24382,d67d8b6c7d11be913abbd02979082c4a85714e5dd3b00651d16ce37eb43d2606,COPIED
INK_Core_Main_Program_v1.6.5_RC/Validation/v1.6.3/immutable-baseline/INK_Flower_Benchmark_Batch_02/cases/case-06-real-watercolor-procedure-research/outputs/rerun-setup/rerun-setup.headless.json,qa/validation/Validation/v1.6.3/immutable-baseline/INK_Flower_Benchmark_Batch_02/cases/case-06-real-watercolor-procedure-research/outputs/rerun-setup/rerun-setup.headless.json,QA,6947,23836e3841a86dbba50c46e76dcb9ad62ebf483961635ff2b8112f8958e23f46,COPIED
INK_Core_Main_Program_v1.6.5_RC/Validation/v1.6.3/immutable-baseline/INK_Flower_Benchmark_Batch_02/cases/case-06-real-watercolor-procedure-research/outputs/rerun-setup/rerun-setup.png,qa/validation/Validation/v1.6.3/immutable-baseline/INK_Flower_Benchmark_Batch_02/cases/case-06-real-watercolor-procedure-research/outputs/rerun-setup/rerun-setup.png,QA,53161,7e04974599987e9bfd97208242bbc33cb9dd1c30ce3a45839b7b32a831783da3,COPIED
INK_Core_Main_Program_v1.6.5_RC/Validation/v1.6.3/immutable-baseline/INK_Flower_Benchmark_Batch_02/cases/case-06-real-watercolor-procedure-research/outputs/rerun-setup/rerun-setup.svg,qa/validation/Validation/v1.6.3/immutable-baseline/INK_Flower_Benchmark_Batch_02/cases/case-06-real-watercolor-procedure-research/outputs/rerun-setup/rerun-setup.svg,QA,24374,c4ba992b7d3d0fac9e5c93e4e19a13164aa95a918052a36647b84e0a47217da4,COPIED
INK_Core_Main_Program_v1.6.5_RC/Validation/v1.6.3/immutable-baseline/INK_Flower_Benchmark_Batch_02/cases/case-06-real-watercolor-procedure-research/outputs/rollback/rollback.headless.json,qa/validation/Validation/v1.6.3/immutable-baseline/INK_Flower_Benchmark_Batch_02/cases/case-06-real-watercolor-procedure-research/outputs/rollback/rollback.headless.json,QA,6941,2ee2454aa9b1364170a9446224da75b94e95744c6dd809fb67f9981e501e140f,COPIED
INK_Core_Main_Program_v1.6.5_RC/Validation/v1.6.3/immutable-baseline/INK_Flower_Benchmark_Batch_02/cases/case-06-real-watercolor-procedure-research/outputs/rollback/rollback.png,qa/validation/Validation/v1.6.3/immutable-baseline/INK_Flower_Benchmark_Batch_02/cases/case-06-real-watercolor-procedure-research/outputs/rollback/rollback.png,QA,53161,7e04974599987e9bfd97208242bbc33cb9dd1c30ce3a45839b7b32a831783da3,COPIED
INK_Core_Main_Program_v1.6.5_RC/Validation/v1.6.3/immutable-baseline/INK_Flower_Benchmark_Batch_02/cases/case-06-real-watercolor-procedure-research/outputs/rollback/rollback.svg,qa/validation/Validation/v1.6.3/immutable-baseline/INK_Flower_Benchmark_Batch_02/cases/case-06-real-watercolor-procedure-research/outputs/rollback/rollback.svg,QA,24374,c4ba992b7d3d0fac9e5c93e4e19a13164aa95a918052a36647b84e0a47217da4,COPIED
INK_Core_Main_Program_v1.6.5_RC/Validation/v1.6.3/immutable-baseline/INK_Flower_Benchmark_Batch_02/cases/case-06-real-watercolor-procedure-research/outputs/setup-focus-layer/setup-focus-layer.headless.json,qa/validation/Validation/v1.6.3/immutable-baseline/INK_Flower_Benchmark_Batch_02/cases/case-06-real-watercolor-procedure-research/outputs/setup-focus-layer/setup-focus-layer.headless.json,QA,6959,b2142a5c385531770f745f94948fb041bbaf145a340b2bf460aea3997040e6ac,COPIED
INK_Core_Main_Program_v1.6.5_RC/Validation/v1.6.3/immutable-baseline/INK_Flower_Benchmark_Batch_02/cases/case-06-real-watercolor-procedure-research/outputs/setup-focus-layer/setup-focus-layer.png,qa/validation/Validation/v1.6.3/immutable-baseline/INK_Flower_Benchmark_Batch_02/cases/case-06-real-watercolor-procedure-research/outputs/setup-focus-layer/setup-focus-layer.png,QA,53161,7e04974599987e9bfd97208242bbc33cb9dd1c30ce3a45839b7b32a831783da3,COPIED
INK_Core_Main_Program_v1.6.5_RC/Validation/v1.6.3/immutable-baseline/INK_Flower_Benchmark_Batch_02/cases/case-06-real-watercolor-procedure-research/outputs/setup-focus-layer/setup-focus-layer.svg,qa/validation/Validation/v1.6.3/immutable-baseline/INK_Flower_Benchmark_Batch_02/cases/case-06-real-watercolor-procedure-research/outputs/setup-focus-layer/setup-focus-layer.svg,QA,24374,c4ba992b7d3d0fac9e5c93e4e19a13164aa95a918052a36647b84e0a47217da4,COPIED
INK_Core_Main_Program_v1.6.5_RC/Validation/v1.6.3/immutable-baseline/INK_Flower_Benchmark_Batch_02/cases/case-06-real-watercolor-procedure-research/outputs/structure-view/structure-view.headless.json,qa/validation/Validation/v1.6.3/immutable-baseline/INK_Flower_Benchmark_Batch_02/cases/case-06-real-watercolor-procedure-research/outputs/structure-view/structure-view.headless.json,QA,6953,1d85ba15feee8df82e1542a822d8bb86e8c9be2f258441b4ea9956f22d06aee7,COPIED
INK_Core_Main_Program_v1.6.5_RC/Validation/v1.6.3/immutable-baseline/INK_Flower_Benchmark_Batch_02/cases/case-06-real-watercolor-procedure-research/outputs/structure-view/structure-view.png,qa/validation/Validation/v1.6.3/immutable-baseline/INK_Flower_Benchmark_Batch_02/cases/case-06-real-watercolor-procedure-research/outputs/structure-view/structure-view.png,QA,72982,e04b40b213de1b71e9b42566652b3d03ac6286f73cf7512e7c86ee1509c3df4f,COPIED
INK_Core_Main_Program_v1.6.5_RC/Validation/v1.6.3/immutable-baseline/INK_Flower_Benchmark_Batch_02/cases/case-06-real-watercolor-procedure-research/outputs/structure-view/structure-view.svg,qa/validation/Validation/v1.6.3/immutable-baseline/INK_Flower_Benchmark_Batch_02/cases/case-06-real-watercolor-procedure-research/outputs/structure-view/structure-view.svg,QA,24310,b1f965058c9a21d7f183915207601091beb218ad15a364a3e61858f9ab4bf035,COPIED
INK_Core_Main_Program_v1.6.5_RC/Validation/v1.6.3/immutable-baseline/INK_Flower_Benchmark_Batch_02/cases/case-06-real-watercolor-procedure-research/research-recipe-draft.json,qa/validation/Validation/v1.6.3/immutable-baseline/INK_Flower_Benchmark_Batch_02/cases/case-06-real-watercolor-procedure-research/research-recipe-draft.json,QA,1558,18461058c2a55eb630a54cd44e315dbd505ab8c9dbaf1cb791725b893ddc9590,COPIED
INK_Core_Main_Program_v1.6.5_RC/Validation/v1.6.3/immutable-baseline/INK_Flower_Benchmark_Batch_02/cases/case-06-real-watercolor-procedure-research/result.json,qa/validation/Validation/v1.6.3/immutable-baseline/INK_Flower_Benchmark_Batch_02/cases/case-06-real-watercolor-procedure-research/result.json,QA,14713,11499d9695cdf697a06f7b9f0341c0cbaad42b72e1c563aeaf9025b102f4c024,COPIED
INK_Core_Main_Program_v1.6.5_RC/Validation/v1.6.3/immutable-baseline/INK_Flower_Benchmark_Batch_02/cases/case-06-real-watercolor-procedure-research/structure-analysis.json,qa/validation/Validation/v1.6.3/immutable-baseline/INK_Flower_Benchmark_Batch_02/cases/case-06-real-watercolor-procedure-research/structure-analysis.json,QA,2407,f4218dd36a83720f5593f211d1f4a23c5b806c6100149298d51a3df5e7b661d9,COPIED
INK_Core_Main_Program_v1.6.5_RC/Validation/v1.6.3/immutable-baseline/INK_Flower_Benchmark_Batch_02/validation-logs/aggregate.log,qa/validation/Validation/v1.6.3/immutable-baseline/INK_Flower_Benchmark_Batch_02/validation-logs/aggregate.log,QA,5271,1d7aad36ba4573f315989c8b0ca043fa2a9e9e28dbc7dbb2c1fc6af4d7720b90,COPIED
INK_Core_Main_Program_v1.6.5_RC/Validation/v1.6.3/immutable-baseline/INK_Flower_Benchmark_Batch_02/validation-logs/case3.log,qa/validation/Validation/v1.6.3/immutable-baseline/INK_Flower_Benchmark_Batch_02/validation-logs/case3.log,QA,211,c40e096df6488c232e82994ce1c06ea70807847ba9eb4d4a3096743d0e34ad47,COPIED
INK_Core_Main_Program_v1.6.5_RC/Validation/v1.6.3/immutable-baseline/INK_Flower_Benchmark_Batch_02/validation-logs/case4.log,qa/validation/Validation/v1.6.3/immutable-baseline/INK_Flower_Benchmark_Batch_02/validation-logs/case4.log,QA,223,0d16b5395d7a9e5c8e75c2fc65da91ea1d2e465cad3f08ad0b308bf192fa09d2,COPIED
INK_Core_Main_Program_v1.6.5_RC/Validation/v1.6.3/immutable-baseline/INK_Flower_Benchmark_Batch_02/validation-logs/case5.log,qa/validation/Validation/v1.6.3/immutable-baseline/INK_Flower_Benchmark_Batch_02/validation-logs/case5.log,QA,209,438e5fc5e692682bbeb829a383738f2be90d89d0497b570adf237c5649b0cfa6,COPIED
INK_Core_Main_Program_v1.6.5_RC/Validation/v1.6.3/immutable-baseline/INK_Flower_Benchmark_Batch_02/validation-logs/case6.log,qa/validation/Validation/v1.6.3/immutable-baseline/INK_Flower_Benchmark_Batch_02/validation-logs/case6.log,QA,211,207e6c23322e492e6e96cce55f365f9a06ee85a0861486ceef9aaa19448069a9,COPIED
INK_Core_Main_Program_v1.6.5_RC/Validation/v1.6.3/immutable-baseline/INK_Flower_Benchmark_Batch_02/validation-logs/final-batch01-case6.log,qa/validation/Validation/v1.6.3/immutable-baseline/INK_Flower_Benchmark_Batch_02/validation-logs/final-batch01-case6.log,QA,3561,1837930843ed6abc6e59c110d960bfca9e282b24864c601d06533b62b91a3d3f,COPIED
INK_Core_Main_Program_v1.6.5_RC/Validation/v1.6.3/immutable-baseline/INK_Flower_Benchmark_Batch_02/validation-logs/final-doctor.log,qa/validation/Validation/v1.6.3/immutable-baseline/INK_Flower_Benchmark_Batch_02/validation-logs/final-doctor.log,QA,5615,5ea61b2408c8d1a011523e2145e7af3c0762641b393631b6a782593db1a80542,COPIED
INK_Core_Main_Program_v1.6.5_RC/Validation/v1.6.3/immutable-baseline/INK_Flower_Benchmark_Batch_02/validation-logs/final-npm-ci.log,qa/validation/Validation/v1.6.3/immutable-baseline/INK_Flower_Benchmark_Batch_02/validation-logs/final-npm-ci.log,QA,65,1b3aba2980812bff32b431ee333abf5f2c89780d00d90385c3b2d32e9c24ed46,COPIED
INK_Core_Main_Program_v1.6.5_RC/Validation/v1.6.3/immutable-baseline/INK_Flower_Benchmark_Batch_02/validation-logs/final-v160.log,qa/validation/Validation/v1.6.3/immutable-baseline/INK_Flower_Benchmark_Batch_02/validation-logs/final-v160.log,QA,2262,c6f062d2bc62a981819e43b469f42d0954f87cd757fb0d466371dd3f4c31ed55,COPIED
INK_Core_Main_Program_v1.6.5_RC/Validation/v1.6.3/immutable-baseline/INK_Flower_Benchmark_Batch_02/validation-logs/final-v161.log,qa/validation/Validation/v1.6.3/immutable-baseline/INK_Flower_Benchmark_Batch_02/validation-logs/final-v161.log,QA,642,e80be3b7953804e033b74bf85695c4a287c239dcb2094bbd7bf8c2f1805a5f22,COPIED
INK_Core_Main_Program_v1.6.5_RC/Validation/v1.6.3/immutable-baseline/INK_Flower_Benchmark_Batch_02/validation-logs/final-v162.log,qa/validation/Validation/v1.6.3/immutable-baseline/INK_Flower_Benchmark_Batch_02/validation-logs/final-v162.log,QA,2309,e35ab7613c7455f4b86749e93e3a63fd9c3ff0c7793530645c46cb29de4d330e,COPIED
INK_Core_Main_Program_v1.6.5_RC/Validation/v1.6.3/logs/batch01-1-2.log,qa/validation/Validation/v1.6.3/logs/batch01-1-2.log,QA,3521,69ea1077e7a4f2c2f3c17a24a7b9f0d9fe10bea997883c19b2160c859dac9b4d,COPIED
INK_Core_Main_Program_v1.6.5_RC/Validation/v1.6.3/logs/batch01-3-4.log,qa/validation/Validation/v1.6.3/logs/batch01-3-4.log,QA,3525,2ac35d9d0ade56efbd38a896ec8d742675b72c188775d4aa48eb353d6b6ede21,COPIED
INK_Core_Main_Program_v1.6.5_RC/Validation/v1.6.3/logs/batch01-5-6.log,qa/validation/Validation/v1.6.3/logs/batch01-5-6.log,QA,40,d6276de282b46e47de4d5516cdc1fa3740879777f50cdcb3ee992641bfd15cad,COPIED
INK_Core_Main_Program_v1.6.5_RC/Validation/v1.6.3/logs/batch01-6.log,qa/validation/Validation/v1.6.3/logs/batch01-6.log,QA,3501,366008d9713da71b716e2fe670243deb95d6d7fd205fbadeeb444db3b2ebd649,COPIED
INK_Core_Main_Program_v1.6.5_RC/Validation/v1.6.3/logs/build.log,qa/validation/Validation/v1.6.3/logs/build.log,QA,152,34447044ce23549cb887b4e4c905bb60e7b078b7b12de3d588b894248f5c80e7,COPIED
INK_Core_Main_Program_v1.6.5_RC/Validation/v1.6.3/logs/concentrated-validation.json,qa/validation/Validation/v1.6.3/logs/concentrated-validation.json,QA,13829,7d25fcbf72435a92cfb273659490c819125f096444064c298d139458e2f61830,COPIED
INK_Core_Main_Program_v1.6.5_RC/Validation/v1.6.3/logs/ink-doctor.json,qa/validation/Validation/v1.6.3/logs/ink-doctor.json,QA,7622,5bf8cd9fc360a47c1839f0151a4e7fc19ab1cb00302dcd28236314a3ce1056fd,COPIED
INK_Core_Main_Program_v1.6.5_RC/Validation/v1.6.3/logs/ink-doctor.log,qa/validation/Validation/v1.6.3/logs/ink-doctor.log,QA,7751,4424901644e4dc0fa1bc5ed8194aa49e9ffb4c9d787248d0c4ea17f5aedc5ef0,COPIED
INK_Core_Main_Program_v1.6.5_RC/Validation/v1.6.3/logs/npm-ci.log,qa/validation/Validation/v1.6.3/logs/npm-ci.log,QA,65,a22ec6d76b2be8c9a0798936dc072dde1e029b420f3a574b47f1598b1e57db56,COPIED
INK_Core_Main_Program_v1.6.5_RC/Validation/v1.6.3/logs/test-v160.log,qa/validation/Validation/v1.6.3/logs/test-v160.log,QA,2261,7a8d8e5746e3a465c3a7312d1bdd4e7477fffe835a04b60a8378dba0809ff0f7,COPIED
INK_Core_Main_Program_v1.6.5_RC/Validation/v1.6.3/logs/test-v161.log,qa/validation/Validation/v1.6.3/logs/test-v161.log,QA,642,dc96faecff57fe3c7813eafccb3b306b55d59b91f12ba891fb4b1e5038654bf5,COPIED
INK_Core_Main_Program_v1.6.5_RC/Validation/v1.6.3/logs/test-v162.log,qa/validation/Validation/v1.6.3/logs/test-v162.log,QA,2310,bea11b26b8acf2d5bebf1df9d5a1b5ea7da7f8fc32a4a870e4e1286cc0e2472f,COPIED
INK_Core_Main_Program_v1.6.5_RC/Validation/v1.6.3/logs/test-v163-id.log,qa/validation/Validation/v1.6.3/logs/test-v163-id.log,QA,1051,c9e9954f35b2c5b5f51f9823c52cdf17b8ca6c025815100ce70ffbb0ed158b14,COPIED
INK_Core_Main_Program_v1.6.5_RC/Validation/v1.6.3/logs/test-v163.log,qa/validation/Validation/v1.6.3/logs/test-v163.log,QA,2148,6cdff8bc5e9928ebcfd263519173f98bec75ba43555080659043f91a100252c6,COPIED
INK_Core_Main_Program_v1.6.5_RC/Validation/v1.6.3/validation-summary.json,qa/validation/Validation/v1.6.3/validation-summary.json,QA,13788,3fbcd6755525cd51a3559b41a63d9069a0600c5ed1c965865968306635f7b72a,COPIED
INK_Core_Main_Program_v1.6.5_RC/Validation/v1.6.3/vector-watercolor-benchmark/VW-01-single-petal/comparisons/result-vs-modified.difference.png,qa/validation/Validation/v1.6.3/vector-watercolor-benchmark/VW-01-single-petal/comparisons/result-vs-modified.difference.png,QA,14467,92df758e4f1f32fcd3f8ef03a87f5dde79811df806603acf6603681a2c7b37c1,COPIED
INK_Core_Main_Program_v1.6.5_RC/Validation/v1.6.3/vector-watercolor-benchmark/VW-01-single-petal/comparisons/result-vs-modified.metrics.json,qa/validation/Validation/v1.6.3/vector-watercolor-benchmark/VW-01-single-petal/comparisons/result-vs-modified.metrics.json,QA,144,76fea5cb446af00e4b090217b2798fa4bfddcd99ce6dfcc0ce352f6ebf09dcad,COPIED
INK_Core_Main_Program_v1.6.5_RC/Validation/v1.6.3/vector-watercolor-benchmark/VW-01-single-petal/comparisons/result-vs-modified.overlay.png,qa/validation/Validation/v1.6.3/vector-watercolor-benchmark/VW-01-single-petal/comparisons/result-vs-modified.overlay.png,QA,24665,9e0741bb1292e8fd0f8a677a1e848f1bb5f46c4564a9299f65e26a40c2303500,COPIED
INK_Core_Main_Program_v1.6.5_RC/Validation/v1.6.3/vector-watercolor-benchmark/VW-01-single-petal/comparisons/result-vs-modified.side-by-side.png,qa/validation/Validation/v1.6.3/vector-watercolor-benchmark/VW-01-single-petal/comparisons/result-vs-modified.side-by-side.png,QA,48911,fdc4bcb7bbf09be7dce3e25a03966a611b4a9505f5d0ba63a78b3b432a629501,COPIED
INK_Core_Main_Program_v1.6.5_RC/Validation/v1.6.3/vector-watercolor-benchmark/VW-01-single-petal/comparisons/result-vs-rerun.difference.png,qa/validation/Validation/v1.6.3/vector-watercolor-benchmark/VW-01-single-petal/comparisons/result-vs-rerun.difference.png,QA,5113,151a41ec768c16d1c5bb9b1e477f5641663ef67ebf26d9b1dfde0982292fdd94,COPIED
INK_Core_Main_Program_v1.6.5_RC/Validation/v1.6.3/vector-watercolor-benchmark/VW-01-single-petal/comparisons/result-vs-rerun.metrics.json,qa/validation/Validation/v1.6.3/vector-watercolor-benchmark/VW-01-single-petal/comparisons/result-vs-rerun.metrics.json,QA,122,4fb83c1fc04eafeeeb81aafc2d4cff5ca4bd40964e5944803d8580565fc46275,COPIED
INK_Core_Main_Program_v1.6.5_RC/Validation/v1.6.3/vector-watercolor-benchmark/VW-01-single-petal/comparisons/result-vs-rerun.overlay.png,qa/validation/Validation/v1.6.3/vector-watercolor-benchmark/VW-01-single-petal/comparisons/result-vs-rerun.overlay.png,QA,22861,dd44782c916fb2c22d09358f085d7225543ebf4b55e9df98e3a507b25471b2ef,COPIED
INK_Core_Main_Program_v1.6.5_RC/Validation/v1.6.3/vector-watercolor-benchmark/VW-01-single-petal/comparisons/result-vs-rerun.side-by-side.png,qa/validation/Validation/v1.6.3/vector-watercolor-benchmark/VW-01-single-petal/comparisons/result-vs-rerun.side-by-side.png,QA,29959,76175bffc4911104a74f38cece13c7ae8613cbdb9a2d7127489fadeed6c96288,COPIED
INK_Core_Main_Program_v1.6.5_RC/Validation/v1.6.3/vector-watercolor-benchmark/VW-01-single-petal/modified/modified.document.json,qa/validation/Validation/v1.6.3/vector-watercolor-benchmark/VW-01-single-petal/modified/modified.document.json,QA,40709,3c84de9b489c4789ae1a238d2bf202533ab070d14317fee7b52504978c79d5e5,COPIED
INK_Core_Main_Program_v1.6.5_RC/Validation/v1.6.3/vector-watercolor-benchmark/VW-01-single-petal/modified/modified.export.json,qa/validation/Validation/v1.6.3/vector-watercolor-benchmark/VW-01-single-petal/modified/modified.export.json,QA,775,8327d413c9683eb82717060ae650343b3f511d936943a07790d5421178e53a23,COPIED
INK_Core_Main_Program_v1.6.5_RC/Validation/v1.6.3/vector-watercolor-benchmark/VW-01-single-petal/modified/modified.headless.json,qa/validation/Validation/v1.6.3/vector-watercolor-benchmark/VW-01-single-petal/modified/modified.headless.json,QA,6900,f3abbea1e8752b1a15f56bc564e3d5676c8ea922858be7d23925b3e626ac2c37,COPIED
INK_Core_Main_Program_v1.6.5_RC/Validation/v1.6.3/vector-watercolor-benchmark/VW-01-single-petal/modified/modified.png,qa/validation/Validation/v1.6.3/vector-watercolor-benchmark/VW-01-single-petal/modified/modified.png,QA,24595,0954e0cdb7d853216945916db6bc0c1bdc109277241777adbacd7ed153f1b52c,COPIED
INK_Core_Main_Program_v1.6.5_RC/Validation/v1.6.3/vector-watercolor-benchmark/VW-01-single-petal/modified/modified.svg,qa/validation/Validation/v1.6.3/vector-watercolor-benchmark/VW-01-single-petal/modified/modified.svg,QA,5709,605ad5e354594fdaea3466206f68e36cb8749ee75c7ebfff33399392f5550114,COPIED
INK_Core_Main_Program_v1.6.5_RC/Validation/v1.6.3/vector-watercolor-benchmark/VW-01-single-petal/rerun/rerun.document.json,qa/validation/Validation/v1.6.3/vector-watercolor-benchmark/VW-01-single-petal/rerun/rerun.document.json,QA,40693,70472e97192e0b40af5dd53aaa58e3abad4b3578c16b75e43099012cca1307b7,COPIED
INK_Core_Main_Program_v1.6.5_RC/Validation/v1.6.3/vector-watercolor-benchmark/VW-01-single-petal/rerun/rerun.export.json,qa/validation/Validation/v1.6.3/vector-watercolor-benchmark/VW-01-single-petal/rerun/rerun.export.json,QA,763,581c3e8ce85a0c5075a0ce9c80104b052677618bbe967eb36c14ad173460b106,COPIED
INK_Core_Main_Program_v1.6.5_RC/Validation/v1.6.3/vector-watercolor-benchmark/VW-01-single-petal/rerun/rerun.headless.json,qa/validation/Validation/v1.6.3/vector-watercolor-benchmark/VW-01-single-petal/rerun/rerun.headless.json,QA,6893,ea9764f6b252cb13c6db9dc27b3332e63152709ea651b4bcb981808d5b90fac4,COPIED
INK_Core_Main_Program_v1.6.5_RC/Validation/v1.6.3/vector-watercolor-benchmark/VW-01-single-petal/rerun/rerun.png,qa/validation/Validation/v1.6.3/vector-watercolor-benchmark/VW-01-single-petal/rerun/rerun.png,QA,22861,dd44782c916fb2c22d09358f085d7225543ebf4b55e9df98e3a507b25471b2ef,COPIED
INK_Core_Main_Program_v1.6.5_RC/Validation/v1.6.3/vector-watercolor-benchmark/VW-01-single-petal/rerun/rerun.svg,qa/validation/Validation/v1.6.3/vector-watercolor-benchmark/VW-01-single-petal/rerun/rerun.svg,QA,5708,efbab50f643b2f835341825009d8c529591e1fea93e91d7707d8021d6b8cc99e,COPIED
INK_Core_Main_Program_v1.6.5_RC/Validation/v1.6.3/vector-watercolor-benchmark/VW-01-single-petal/result/result.document.json,qa/validation/Validation/v1.6.3/vector-watercolor-benchmark/VW-01-single-petal/result/result.document.json,QA,40693,70472e97192e0b40af5dd53aaa58e3abad4b3578c16b75e43099012cca1307b7,COPIED
INK_Core_Main_Program_v1.6.5_RC/Validation/v1.6.3/vector-watercolor-benchmark/VW-01-single-petal/result/result.export.json,qa/validation/Validation/v1.6.3/vector-watercolor-benchmark/VW-01-single-petal/result/result.export.json,QA,767,4e9fb81421b3927b14833efad8d5c8e3eee231aa9740e69c67b7cbe1ca3efc01,COPIED
INK_Core_Main_Program_v1.6.5_RC/Validation/v1.6.3/vector-watercolor-benchmark/VW-01-single-petal/result/result.headless.json,qa/validation/Validation/v1.6.3/vector-watercolor-benchmark/VW-01-single-petal/result/result.headless.json,QA,6895,1945d8c4a6afb82a64e37d20f92d428a004097d789669b27ac1f16952fbb61bb,COPIED
INK_Core_Main_Program_v1.6.5_RC/Validation/v1.6.3/vector-watercolor-benchmark/VW-01-single-petal/result/result.png,qa/validation/Validation/v1.6.3/vector-watercolor-benchmark/VW-01-single-petal/result/result.png,QA,22861,dd44782c916fb2c22d09358f085d7225543ebf4b55e9df98e3a507b25471b2ef,COPIED
INK_Core_Main_Program_v1.6.5_RC/Validation/v1.6.3/vector-watercolor-benchmark/VW-01-single-petal/result/result.svg,qa/validation/Validation/v1.6.3/vector-watercolor-benchmark/VW-01-single-petal/result/result.svg,QA,5708,efbab50f643b2f835341825009d8c529591e1fea93e91d7707d8021d6b8cc99e,COPIED
INK_Core_Main_Program_v1.6.5_RC/Validation/v1.6.3/vector-watercolor-benchmark/VW-01-single-petal/result.json,qa/validation/Validation/v1.6.3/vector-watercolor-benchmark/VW-01-single-petal/result.json,QA,563,bd312e40936d89964390c652d8208c29e2b3fd87e2654437f8c301bda5bbb96c,COPIED
INK_Core_Main_Program_v1.6.5_RC/Validation/v1.6.3/vector-watercolor-benchmark/VW-02-multilayer-corolla/comparisons/result-vs-modified.difference.png,qa/validation/Validation/v1.6.3/vector-watercolor-benchmark/VW-02-multilayer-corolla/comparisons/result-vs-modified.difference.png,QA,8541,2f6848747da5f59677dfda11b7c636f17dc9b7f48fe8ff751eb2162d928f8f4b,COPIED
INK_Core_Main_Program_v1.6.5_RC/Validation/v1.6.3/vector-watercolor-benchmark/VW-02-multilayer-corolla/comparisons/result-vs-modified.metrics.json,qa/validation/Validation/v1.6.3/vector-watercolor-benchmark/VW-02-multilayer-corolla/comparisons/result-vs-modified.metrics.json,QA,144,5d2a3b6ee9084f7e60f692fb91c5821b2d8a6f4fd68e6a1d2b1a32b496749cfc,COPIED
INK_Core_Main_Program_v1.6.5_RC/Validation/v1.6.3/vector-watercolor-benchmark/VW-02-multilayer-corolla/comparisons/result-vs-modified.overlay.png,qa/validation/Validation/v1.6.3/vector-watercolor-benchmark/VW-02-multilayer-corolla/comparisons/result-vs-modified.overlay.png,QA,83605,85bdfae27fe4fabc2d3f05373689bacf2ff6723534cee5a4e1e33a3a8b667d14,COPIED
INK_Core_Main_Program_v1.6.5_RC/Validation/v1.6.3/vector-watercolor-benchmark/VW-02-multilayer-corolla/comparisons/result-vs-modified.side-by-side.png,qa/validation/Validation/v1.6.3/vector-watercolor-benchmark/VW-02-multilayer-corolla/comparisons/result-vs-modified.side-by-side.png,QA,105803,ee17b33c5130f64b971905e266d52002f123605279aa4750f884736d5adff462,COPIED
INK_Core_Main_Program_v1.6.5_RC/Validation/v1.6.3/vector-watercolor-benchmark/VW-02-multilayer-corolla/comparisons/result-vs-rerun.difference.png,qa/validation/Validation/v1.6.3/vector-watercolor-benchmark/VW-02-multilayer-corolla/comparisons/result-vs-rerun.difference.png,QA,5113,151a41ec768c16d1c5bb9b1e477f5641663ef67ebf26d9b1dfde0982292fdd94,COPIED
INK_Core_Main_Program_v1.6.5_RC/Validation/v1.6.3/vector-watercolor-benchmark/VW-02-multilayer-corolla/comparisons/result-vs-rerun.metrics.json,qa/validation/Validation/v1.6.3/vector-watercolor-benchmark/VW-02-multilayer-corolla/comparisons/result-vs-rerun.metrics.json,QA,122,4fb83c1fc04eafeeeb81aafc2d4cff5ca4bd40964e5944803d8580565fc46275,COPIED
INK_Core_Main_Program_v1.6.5_RC/Validation/v1.6.3/vector-watercolor-benchmark/VW-02-multilayer-corolla/comparisons/result-vs-rerun.overlay.png,qa/validation/Validation/v1.6.3/vector-watercolor-benchmark/VW-02-multilayer-corolla/comparisons/result-vs-rerun.overlay.png,QA,81241,83865c3b9a5126f6dea290ba6f9b3aa7e946ef4c86e401242ddfdfc637fc1a55,COPIED
INK_Core_Main_Program_v1.6.5_RC/Validation/v1.6.3/vector-watercolor-benchmark/VW-02-multilayer-corolla/comparisons/result-vs-rerun.side-by-side.png,qa/validation/Validation/v1.6.3/vector-watercolor-benchmark/VW-02-multilayer-corolla/comparisons/result-vs-rerun.side-by-side.png,QA,94089,20fdb7cf07c12cfe45d6312449374738eaabd69a9850cadf868c4bb5e2c0a3c4,COPIED
INK_Core_Main_Program_v1.6.5_RC/Validation/v1.6.3/vector-watercolor-benchmark/VW-02-multilayer-corolla/modified/modified.document.json,qa/validation/Validation/v1.6.3/vector-watercolor-benchmark/VW-02-multilayer-corolla/modified/modified.document.json,QA,511149,63f50402867390c12cf2aeee1833d0ccd20b75493d93202088da7eb1f9414829,COPIED
INK_Core_Main_Program_v1.6.5_RC/Validation/v1.6.3/vector-watercolor-benchmark/VW-02-multilayer-corolla/modified/modified.export.json,qa/validation/Validation/v1.6.3/vector-watercolor-benchmark/VW-02-multilayer-corolla/modified/modified.export.json,QA,788,c08fc35ee21f64b790cf72d09e0dc0e57b8454040677f3180a6b593a30fed5ec,COPIED
INK_Core_Main_Program_v1.6.5_RC/Validation/v1.6.3/vector-watercolor-benchmark/VW-02-multilayer-corolla/modified/modified.headless.json,qa/validation/Validation/v1.6.3/vector-watercolor-benchmark/VW-02-multilayer-corolla/modified/modified.headless.json,QA,6906,c494aa207aaab55e8922c0a6cf82cc2d7181bef94e090847588be72952b0f1c5,COPIED
INK_Core_Main_Program_v1.6.5_RC/Validation/v1.6.3/vector-watercolor-benchmark/VW-02-multilayer-corolla/modified/modified.png,qa/validation/Validation/v1.6.3/vector-watercolor-benchmark/VW-02-multilayer-corolla/modified/modified.png,QA,83936,32348034598203b48e93cf10b2f4e0b4cc0d3c24f228eda542ad7363ee214d85,COPIED
INK_Core_Main_Program_v1.6.5_RC/Validation/v1.6.3/vector-watercolor-benchmark/VW-02-multilayer-corolla/modified/modified.svg,qa/validation/Validation/v1.6.3/vector-watercolor-benchmark/VW-02-multilayer-corolla/modified/modified.svg,QA,74967,d280041ab9395ff73f4bf5669d11d41a12684415a72e804291d2813e107c5380,COPIED
INK_Core_Main_Program_v1.6.5_RC/Validation/v1.6.3/vector-watercolor-benchmark/VW-02-multilayer-corolla/rerun/rerun.document.json,qa/validation/Validation/v1.6.3/vector-watercolor-benchmark/VW-02-multilayer-corolla/rerun/rerun.document.json,QA,511149,f5f8dc49cf9e0b94ce32eff55b6035dfb021f1f9af3eeeb8de88d7b62999ade4,COPIED
INK_Core_Main_Program_v1.6.5_RC/Validation/v1.6.3/vector-watercolor-benchmark/VW-02-multilayer-corolla/rerun/rerun.export.json,qa/validation/Validation/v1.6.3/vector-watercolor-benchmark/VW-02-multilayer-corolla/rerun/rerun.export.json,QA,776,745823e3b5b7fcc03e8de5617f9b4596e42b16d15a408dac873070a983ad47dc,COPIED
INK_Core_Main_Program_v1.6.5_RC/Validation/v1.6.3/vector-watercolor-benchmark/VW-02-multilayer-corolla/rerun/rerun.headless.json,qa/validation/Validation/v1.6.3/vector-watercolor-benchmark/VW-02-multilayer-corolla/rerun/rerun.headless.json,QA,6900,c7a1e5f65e9c770dbd6c14662281d33e99d3b9f6a1948f83c050c0b8437dbdad,COPIED
INK_Core_Main_Program_v1.6.5_RC/Validation/v1.6.3/vector-watercolor-benchmark/VW-02-multilayer-corolla/rerun/rerun.png,qa/validation/Validation/v1.6.3/vector-watercolor-benchmark/VW-02-multilayer-corolla/rerun/rerun.png,QA,81241,83865c3b9a5126f6dea290ba6f9b3aa7e946ef4c86e401242ddfdfc637fc1a55,COPIED
INK_Core_Main_Program_v1.6.5_RC/Validation/v1.6.3/vector-watercolor-benchmark/VW-02-multilayer-corolla/rerun/rerun.svg,qa/validation/Validation/v1.6.3/vector-watercolor-benchmark/VW-02-multilayer-corolla/rerun/rerun.svg,QA,74967,fad5c50aca93af96d05eec0154758f0d8a96b4d6ec96ddc6e005014820b64847,COPIED
INK_Core_Main_Program_v1.6.5_RC/Validation/v1.6.3/vector-watercolor-benchmark/VW-02-multilayer-corolla/result/result.document.json,qa/validation/Validation/v1.6.3/vector-watercolor-benchmark/VW-02-multilayer-corolla/result/result.document.json,QA,511149,03884bc1e82b6dada352c564aee0f0fbe693b8be7539b49f69a0c14691f66641,COPIED
INK_Core_Main_Program_v1.6.5_RC/Validation/v1.6.3/vector-watercolor-benchmark/VW-02-multilayer-corolla/result/result.export.json,qa/validation/Validation/v1.6.3/vector-watercolor-benchmark/VW-02-multilayer-corolla/result/result.export.json,QA,780,79e0d2824343b38192ac931da68aab0728f587e0622b61128f23a3703bdf3275,COPIED
INK_Core_Main_Program_v1.6.5_RC/Validation/v1.6.3/vector-watercolor-benchmark/VW-02-multilayer-corolla/result/result.headless.json,qa/validation/Validation/v1.6.3/vector-watercolor-benchmark/VW-02-multilayer-corolla/result/result.headless.json,QA,6902,2b601bcd9cc69f9a3ec3de1be799eff444e7c509baf3aa6beecf27c828c36c61,COPIED
INK_Core_Main_Program_v1.6.5_RC/Validation/v1.6.3/vector-watercolor-benchmark/VW-02-multilayer-corolla/result/result.png,qa/validation/Validation/v1.6.3/vector-watercolor-benchmark/VW-02-multilayer-corolla/result/result.png,QA,81241,83865c3b9a5126f6dea290ba6f9b3aa7e946ef4c86e401242ddfdfc637fc1a55,COPIED
INK_Core_Main_Program_v1.6.5_RC/Validation/v1.6.3/vector-watercolor-benchmark/VW-02-multilayer-corolla/result/result.svg,qa/validation/Validation/v1.6.3/vector-watercolor-benchmark/VW-02-multilayer-corolla/result/result.svg,QA,74967,fad5c50aca93af96d05eec0154758f0d8a96b4d6ec96ddc6e005014820b64847,COPIED
INK_Core_Main_Program_v1.6.5_RC/Validation/v1.6.3/vector-watercolor-benchmark/VW-02-multilayer-corolla/result.json,qa/validation/Validation/v1.6.3/vector-watercolor-benchmark/VW-02-multilayer-corolla/result.json,QA,569,657e65a5f2944c23a39aae8ce011e5636268238fe98c761df8b52b3810a26b63,COPIED
INK_Core_Main_Program_v1.6.5_RC/Validation/v1.6.3/vector-watercolor-benchmark/VW-03-stem-leaf/comparisons/result-vs-modified.difference.png,qa/validation/Validation/v1.6.3/vector-watercolor-benchmark/VW-03-stem-leaf/comparisons/result-vs-modified.difference.png,QA,25110,31312f43a78f8671a4740daa8bf66ef4dfbd1f0dac10a97f2342f71bba12e0c7,COPIED
INK_Core_Main_Program_v1.6.5_RC/Validation/v1.6.3/vector-watercolor-benchmark/VW-03-stem-leaf/comparisons/result-vs-modified.metrics.json,qa/validation/Validation/v1.6.3/vector-watercolor-benchmark/VW-03-stem-leaf/comparisons/result-vs-modified.metrics.json,QA,145,3a82d4852ca90a50997ee064909735295f40e43d3e355fc878f11508b0afedba,COPIED
INK_Core_Main_Program_v1.6.5_RC/Validation/v1.6.3/vector-watercolor-benchmark/VW-03-stem-leaf/comparisons/result-vs-modified.overlay.png,qa/validation/Validation/v1.6.3/vector-watercolor-benchmark/VW-03-stem-leaf/comparisons/result-vs-modified.overlay.png,QA,55007,4067ea5adffce453e4b834b188878cb9817e8768557e00bf444096c93418abb0,COPIED
INK_Core_Main_Program_v1.6.5_RC/Validation/v1.6.3/vector-watercolor-benchmark/VW-03-stem-leaf/comparisons/result-vs-modified.side-by-side.png,qa/validation/Validation/v1.6.3/vector-watercolor-benchmark/VW-03-stem-leaf/comparisons/result-vs-modified.side-by-side.png,QA,73991,86065c4b1a9f0f88cf336ae4b4e23c5650ac3775b08c184e00a06849abfc2b81,COPIED
INK_Core_Main_Program_v1.6.5_RC/Validation/v1.6.3/vector-watercolor-benchmark/VW-03-stem-leaf/comparisons/result-vs-rerun.difference.png,qa/validation/Validation/v1.6.3/vector-watercolor-benchmark/VW-03-stem-leaf/comparisons/result-vs-rerun.difference.png,QA,5113,151a41ec768c16d1c5bb9b1e477f5641663ef67ebf26d9b1dfde0982292fdd94,COPIED
INK_Core_Main_Program_v1.6.5_RC/Validation/v1.6.3/vector-watercolor-benchmark/VW-03-stem-leaf/comparisons/result-vs-rerun.metrics.json,qa/validation/Validation/v1.6.3/vector-watercolor-benchmark/VW-03-stem-leaf/comparisons/result-vs-rerun.metrics.json,QA,122,4fb83c1fc04eafeeeb81aafc2d4cff5ca4bd40964e5944803d8580565fc46275,COPIED
INK_Core_Main_Program_v1.6.5_RC/Validation/v1.6.3/vector-watercolor-benchmark/VW-03-stem-leaf/comparisons/result-vs-rerun.overlay.png,qa/validation/Validation/v1.6.3/vector-watercolor-benchmark/VW-03-stem-leaf/comparisons/result-vs-rerun.overlay.png,QA,44775,c3495ca932bb028ca9e99ef03cd81856c0ecf3a1e6d7921d4e7e0fe7243ee66a,COPIED
INK_Core_Main_Program_v1.6.5_RC/Validation/v1.6.3/vector-watercolor-benchmark/VW-03-stem-leaf/comparisons/result-vs-rerun.side-by-side.png,qa/validation/Validation/v1.6.3/vector-watercolor-benchmark/VW-03-stem-leaf/comparisons/result-vs-rerun.side-by-side.png,QA,54604,73eefe2b1d2e8b5c6a7985c9c73753a867bdfa592395c7f4c5d5779117ad2e6f,COPIED
INK_Core_Main_Program_v1.6.5_RC/Validation/v1.6.3/vector-watercolor-benchmark/VW-03-stem-leaf/modified/modified.document.json,qa/validation/Validation/v1.6.3/vector-watercolor-benchmark/VW-03-stem-leaf/modified/modified.document.json,QA,246892,ecba4d21f9a0c67000df2c5087a29da445c88df04dddbfc67006280adf10c294,COPIED
INK_Core_Main_Program_v1.6.5_RC/Validation/v1.6.3/vector-watercolor-benchmark/VW-03-stem-leaf/modified/modified.export.json,qa/validation/Validation/v1.6.3/vector-watercolor-benchmark/VW-03-stem-leaf/modified/modified.export.json,QA,770,c7c9c709b4303f5db3b3d465c52d71cbd036ac71a6c4e18393b637fefba1b28e,COPIED
INK_Core_Main_Program_v1.6.5_RC/Validation/v1.6.3/vector-watercolor-benchmark/VW-03-stem-leaf/modified/modified.headless.json,qa/validation/Validation/v1.6.3/vector-watercolor-benchmark/VW-03-stem-leaf/modified/modified.headless.json,QA,6897,99cdf1d6ac2ea323e96c9f3ccd87b66aca25c2fd4b39054d108a5b7ae724bc69,COPIED
INK_Core_Main_Program_v1.6.5_RC/Validation/v1.6.3/vector-watercolor-benchmark/VW-03-stem-leaf/modified/modified.png,qa/validation/Validation/v1.6.3/vector-watercolor-benchmark/VW-03-stem-leaf/modified/modified.png,QA,46215,255fe1ec5a32798e18bb037841ef2690da67d08b1f02388eff7a69b4bb0682fb,COPIED
INK_Core_Main_Program_v1.6.5_RC/Validation/v1.6.3/vector-watercolor-benchmark/VW-03-stem-leaf/modified/modified.svg,qa/validation/Validation/v1.6.3/vector-watercolor-benchmark/VW-03-stem-leaf/modified/modified.svg,QA,35341,951291795036c025ed9e785e102ffd4a5c1f97a1b08d975f8fffe227867d7db7,COPIED
INK_Core_Main_Program_v1.6.5_RC/Validation/v1.6.3/vector-watercolor-benchmark/VW-03-stem-leaf/rerun/rerun.document.json,qa/validation/Validation/v1.6.3/vector-watercolor-benchmark/VW-03-stem-leaf/rerun/rerun.document.json,QA,246886,07b433d7157198e4cca8520d67bd8c9dc6906593ae5d59c705df0d8997bef766,COPIED
INK_Core_Main_Program_v1.6.5_RC/Validation/v1.6.3/vector-watercolor-benchmark/VW-03-stem-leaf/rerun/rerun.export.json,qa/validation/Validation/v1.6.3/vector-watercolor-benchmark/VW-03-stem-leaf/rerun/rerun.export.json,QA,758,ff4cc37969ba734320d4a56e9ba1face5d631349b1bdaba72c3efb054daca9cf,COPIED
INK_Core_Main_Program_v1.6.5_RC/Validation/v1.6.3/vector-watercolor-benchmark/VW-03-stem-leaf/rerun/rerun.headless.json,qa/validation/Validation/v1.6.3/vector-watercolor-benchmark/VW-03-stem-leaf/rerun/rerun.headless.json,QA,6891,de757a5fd7e79c3291def3bcab76f2851225303382c1516d681b96b5227f75d0,COPIED
INK_Core_Main_Program_v1.6.5_RC/Validation/v1.6.3/vector-watercolor-benchmark/VW-03-stem-leaf/rerun/rerun.png,qa/validation/Validation/v1.6.3/vector-watercolor-benchmark/VW-03-stem-leaf/rerun/rerun.png,QA,44775,c3495ca932bb028ca9e99ef03cd81856c0ecf3a1e6d7921d4e7e0fe7243ee66a,COPIED
INK_Core_Main_Program_v1.6.5_RC/Validation/v1.6.3/vector-watercolor-benchmark/VW-03-stem-leaf/rerun/rerun.svg,qa/validation/Validation/v1.6.3/vector-watercolor-benchmark/VW-03-stem-leaf/rerun/rerun.svg,QA,35335,1b523c3e6fa2a904e6751793b7d4f9e6f6388976cc692e51b39674fe3d7798b8,COPIED
INK_Core_Main_Program_v1.6.5_RC/Validation/v1.6.3/vector-watercolor-benchmark/VW-03-stem-leaf/result/result.document.json,qa/validation/Validation/v1.6.3/vector-watercolor-benchmark/VW-03-stem-leaf/result/result.document.json,QA,246886,07b433d7157198e4cca8520d67bd8c9dc6906593ae5d59c705df0d8997bef766,COPIED
INK_Core_Main_Program_v1.6.5_RC/Validation/v1.6.3/vector-watercolor-benchmark/VW-03-stem-leaf/result/result.export.json,qa/validation/Validation/v1.6.3/vector-watercolor-benchmark/VW-03-stem-leaf/result/result.export.json,QA,762,8eadd4fdc93156c9f090dad2fd8ffe8f0f058850ee17ac061ee0b04c03a134f7,COPIED
INK_Core_Main_Program_v1.6.5_RC/Validation/v1.6.3/vector-watercolor-benchmark/VW-03-stem-leaf/result/result.headless.json,qa/validation/Validation/v1.6.3/vector-watercolor-benchmark/VW-03-stem-leaf/result/result.headless.json,QA,6894,1895aef551a337ef28e40c0600bd815440fed14a1ea93886c01b8a6152be6dca,COPIED
INK_Core_Main_Program_v1.6.5_RC/Validation/v1.6.3/vector-watercolor-benchmark/VW-03-stem-leaf/result/result.png,qa/validation/Validation/v1.6.3/vector-watercolor-benchmark/VW-03-stem-leaf/result/result.png,QA,44775,c3495ca932bb028ca9e99ef03cd81856c0ecf3a1e6d7921d4e7e0fe7243ee66a,COPIED
INK_Core_Main_Program_v1.6.5_RC/Validation/v1.6.3/vector-watercolor-benchmark/VW-03-stem-leaf/result/result.svg,qa/validation/Validation/v1.6.3/vector-watercolor-benchmark/VW-03-stem-leaf/result/result.svg,QA,35335,1b523c3e6fa2a904e6751793b7d4f9e6f6388976cc692e51b39674fe3d7798b8,COPIED
INK_Core_Main_Program_v1.6.5_RC/Validation/v1.6.3/vector-watercolor-benchmark/VW-03-stem-leaf/result.json,qa/validation/Validation/v1.6.3/vector-watercolor-benchmark/VW-03-stem-leaf/result.json,QA,560,978a3283130ba5f2d397ba58f0a4dba7f92b3a28f0638f02d2077ea384d48ad2,COPIED
INK_Core_Main_Program_v1.6.5_RC/Validation/v1.6.3/vector-watercolor-benchmark/VW-04-complete-plant/comparisons/result-vs-modified.difference.png,qa/validation/Validation/v1.6.3/vector-watercolor-benchmark/VW-04-complete-plant/comparisons/result-vs-modified.difference.png,QA,43080,aaae49f25c6539681e988385b78a8548909f24d2ef21eb649a86afa396511717,COPIED
INK_Core_Main_Program_v1.6.5_RC/Validation/v1.6.3/vector-watercolor-benchmark/VW-04-complete-plant/comparisons/result-vs-modified.metrics.json,qa/validation/Validation/v1.6.3/vector-watercolor-benchmark/VW-04-complete-plant/comparisons/result-vs-modified.metrics.json,QA,144,50f71c901ffb99ff01ca27118092249a26519fa22c64d5f30bc5d70382e85d08,COPIED
INK_Core_Main_Program_v1.6.5_RC/Validation/v1.6.3/vector-watercolor-benchmark/VW-04-complete-plant/comparisons/result-vs-modified.overlay.png,qa/validation/Validation/v1.6.3/vector-watercolor-benchmark/VW-04-complete-plant/comparisons/result-vs-modified.overlay.png,QA,96117,74f45e8adf63da256ba726e7fd43d0fc21e5f410e79d884ac9c3e4b4abc19b0a,COPIED
INK_Core_Main_Program_v1.6.5_RC/Validation/v1.6.3/vector-watercolor-benchmark/VW-04-complete-plant/comparisons/result-vs-modified.side-by-side.png,qa/validation/Validation/v1.6.3/vector-watercolor-benchmark/VW-04-complete-plant/comparisons/result-vs-modified.side-by-side.png,QA,205047,0213ef047fbb4485dc143553a8da4132e89e80436290901e664fa8c5599a8bbd,COPIED
INK_Core_Main_Program_v1.6.5_RC/Validation/v1.6.3/vector-watercolor-benchmark/VW-04-complete-plant/comparisons/result-vs-rerun.difference.png,qa/validation/Validation/v1.6.3/vector-watercolor-benchmark/VW-04-complete-plant/comparisons/result-vs-rerun.difference.png,QA,5113,151a41ec768c16d1c5bb9b1e477f5641663ef67ebf26d9b1dfde0982292fdd94,COPIED
INK_Core_Main_Program_v1.6.5_RC/Validation/v1.6.3/vector-watercolor-benchmark/VW-04-complete-plant/comparisons/result-vs-rerun.metrics.json,qa/validation/Validation/v1.6.3/vector-watercolor-benchmark/VW-04-complete-plant/comparisons/result-vs-rerun.metrics.json,QA,122,4fb83c1fc04eafeeeb81aafc2d4cff5ca4bd40964e5944803d8580565fc46275,COPIED
INK_Core_Main_Program_v1.6.5_RC/Validation/v1.6.3/vector-watercolor-benchmark/VW-04-complete-plant/comparisons/result-vs-rerun.overlay.png,qa/validation/Validation/v1.6.3/vector-watercolor-benchmark/VW-04-complete-plant/comparisons/result-vs-rerun.overlay.png,QA,96937,fa384a3df42e76f46e619fb8f4157bb5513bf3391ce74814353cdadfd12bcec0,COPIED
INK_Core_Main_Program_v1.6.5_RC/Validation/v1.6.3/vector-watercolor-benchmark/VW-04-complete-plant/comparisons/result-vs-rerun.side-by-side.png,qa/validation/Validation/v1.6.3/vector-watercolor-benchmark/VW-04-complete-plant/comparisons/result-vs-rerun.side-by-side.png,QA,113342,7fc2b66fe4f0c34d2cc636e5dfdfd06428542b44cd93c66d26661d278d41040f,COPIED
INK_Core_Main_Program_v1.6.5_RC/Validation/v1.6.3/vector-watercolor-benchmark/VW-04-complete-plant/modified/modified.document.json,qa/validation/Validation/v1.6.3/vector-watercolor-benchmark/VW-04-complete-plant/modified/modified.document.json,QA,699443,64119f2ab5651fdd41e683d703255ee3c022d7b9dc10933967c8c89afadefebb,COPIED
INK_Core_Main_Program_v1.6.5_RC/Validation/v1.6.3/vector-watercolor-benchmark/VW-04-complete-plant/modified/modified.export.json,qa/validation/Validation/v1.6.3/vector-watercolor-benchmark/VW-04-complete-plant/modified/modified.export.json,QA,782,f1f31a68cc483fca8b398a036bdd89ed291b42adca1c4bd428330b3e29e9d398,COPIED
INK_Core_Main_Program_v1.6.5_RC/Validation/v1.6.3/vector-watercolor-benchmark/VW-04-complete-plant/modified/modified.headless.json,qa/validation/Validation/v1.6.3/vector-watercolor-benchmark/VW-04-complete-plant/modified/modified.headless.json,QA,6904,5170ebffa9f73f5e136879170b45785e003bd7475aa36da2d0868d53ec3e0396,COPIED
INK_Core_Main_Program_v1.6.5_RC/Validation/v1.6.3/vector-watercolor-benchmark/VW-04-complete-plant/modified/modified.png,qa/validation/Validation/v1.6.3/vector-watercolor-benchmark/VW-04-complete-plant/modified/modified.png,QA,100293,772291a8ea197b617a5e4344cfb38206c5cb3880eeed83fa5b291b5fd02f50ce,COPIED
INK_Core_Main_Program_v1.6.5_RC/Validation/v1.6.3/vector-watercolor-benchmark/VW-04-complete-plant/modified/modified.svg,qa/validation/Validation/v1.6.3/vector-watercolor-benchmark/VW-04-complete-plant/modified/modified.svg,QA,110476,13a1d12cba78faea20e63a8116cf7a45a394c2211142eead0f14ecee5deafe91,COPIED
INK_Core_Main_Program_v1.6.5_RC/Validation/v1.6.3/vector-watercolor-benchmark/VW-04-complete-plant/rerun/rerun.document.json,qa/validation/Validation/v1.6.3/vector-watercolor-benchmark/VW-04-complete-plant/rerun/rerun.document.json,QA,699444,5c952f445397698e7af37774a4bcf14d3a56f24023f4a771c610fe30616abc09,COPIED
INK_Core_Main_Program_v1.6.5_RC/Validation/v1.6.3/vector-watercolor-benchmark/VW-04-complete-plant/rerun/rerun.export.json,qa/validation/Validation/v1.6.3/vector-watercolor-benchmark/VW-04-complete-plant/rerun/rerun.export.json,QA,769,f1823b048a4bc9e64e8fbb751c31d7bbc374cf2848477070590ffb3f6e490e69,COPIED
INK_Core_Main_Program_v1.6.5_RC/Validation/v1.6.3/vector-watercolor-benchmark/VW-04-complete-plant/rerun/rerun.headless.json,qa/validation/Validation/v1.6.3/vector-watercolor-benchmark/VW-04-complete-plant/rerun/rerun.headless.json,QA,6897,a4f5b6c845034415483750f07188ef7fe5373bd47a2bc253ca24f3f15bf95ef0,COPIED
INK_Core_Main_Program_v1.6.5_RC/Validation/v1.6.3/vector-watercolor-benchmark/VW-04-complete-plant/rerun/rerun.png,qa/validation/Validation/v1.6.3/vector-watercolor-benchmark/VW-04-complete-plant/rerun/rerun.png,QA,96937,fa384a3df42e76f46e619fb8f4157bb5513bf3391ce74814353cdadfd12bcec0,COPIED
INK_Core_Main_Program_v1.6.5_RC/Validation/v1.6.3/vector-watercolor-benchmark/VW-04-complete-plant/rerun/rerun.svg,qa/validation/Validation/v1.6.3/vector-watercolor-benchmark/VW-04-complete-plant/rerun/rerun.svg,QA,110477,afad99afcd9b1bd8626bd9865c76fee86c40e2a4b1b9721e31abf93e97258dee,COPIED
INK_Core_Main_Program_v1.6.5_RC/Validation/v1.6.3/vector-watercolor-benchmark/VW-04-complete-plant/result/result.document.json,qa/validation/Validation/v1.6.3/vector-watercolor-benchmark/VW-04-complete-plant/result/result.document.json,QA,699444,ce0c608898397f0e075b33c1248525bece230d5678850c6a56468609e4e79d50,COPIED
INK_Core_Main_Program_v1.6.5_RC/Validation/v1.6.3/vector-watercolor-benchmark/VW-04-complete-plant/result/result.export.json,qa/validation/Validation/v1.6.3/vector-watercolor-benchmark/VW-04-complete-plant/result/result.export.json,QA,773,86d96ba234222e47386052f4c127f0917243b8916a960f3bcffb027354151834,COPIED
INK_Core_Main_Program_v1.6.5_RC/Validation/v1.6.3/vector-watercolor-benchmark/VW-04-complete-plant/result/result.headless.json,qa/validation/Validation/v1.6.3/vector-watercolor-benchmark/VW-04-complete-plant/result/result.headless.json,QA,6899,72a08c8a253c64dd090f23bcbb7f8c98d3b019fdfcb1e583db758f76720948cb,COPIED
INK_Core_Main_Program_v1.6.5_RC/Validation/v1.6.3/vector-watercolor-benchmark/VW-04-complete-plant/result/result.png,qa/validation/Validation/v1.6.3/vector-watercolor-benchmark/VW-04-complete-plant/result/result.png,QA,96937,fa384a3df42e76f46e619fb8f4157bb5513bf3391ce74814353cdadfd12bcec0,COPIED
INK_Core_Main_Program_v1.6.5_RC/Validation/v1.6.3/vector-watercolor-benchmark/VW-04-complete-plant/result/result.svg,qa/validation/Validation/v1.6.3/vector-watercolor-benchmark/VW-04-complete-plant/result/result.svg,QA,110477,afad99afcd9b1bd8626bd9865c76fee86c40e2a4b1b9721e31abf93e97258dee,COPIED
INK_Core_Main_Program_v1.6.5_RC/Validation/v1.6.3/vector-watercolor-benchmark/VW-04-complete-plant/result.json,qa/validation/Validation/v1.6.3/vector-watercolor-benchmark/VW-04-complete-plant/result.json,QA,567,d9f6fa9fcce5b7c2d91b57b8a311b078e69f65b19e5154f68eb9e48aa07d9192,COPIED
INK_Core_Main_Program_v1.6.5_RC/Validation/v1.6.4/INK_v1.6.4_FINAL_TEST_SUMMARY.json,qa/validation/Validation/v1.6.4/INK_v1.6.4_FINAL_TEST_SUMMARY.json,QA,1235,cfc70a7e783b2500488a8055e3af828ca64a5b14ea6c2f77d482232a19e29465,COPIED
INK_Core_Main_Program_v1.6.5_RC/Validation/v1.6.4/INK_v1.6.4_FINAL_TEST_SUMMARY.txt,qa/validation/Validation/v1.6.4/INK_v1.6.4_FINAL_TEST_SUMMARY.txt,QA,1499,73ae710a201bfce17c2184976ed7158262e5999d9cbbf969a071ef654bc6bee8,COPIED
INK_Core_Main_Program_v1.6.5_RC/Validation/v1.6.4/release-regression/Batch01_Regression_Summary.json,qa/validation/Validation/v1.6.4/release-regression/Batch01_Regression_Summary.json,QA,3149,7d3ffe23eff3dc64ae88fa1e94c550498143d07bd556b52e3245b67616f4c1b2,COPIED
INK_Core_Main_Program_v1.6.5_RC/Validation/v1.6.4/release-regression/Batch02_and_VW_Regression_Summary.json,qa/validation/Validation/v1.6.4/release-regression/Batch02_and_VW_Regression_Summary.json,QA,13558,7c83e1fa9c4fa63d22b07456178fbcb39f8b83d35f9320234adc7d1287ea6f13,COPIED
INK_Core_Main_Program_v1.6.5_RC/Validation/v1.6.4/release-regression/Case5_ID_Regression_Summary.json,qa/validation/Validation/v1.6.4/release-regression/Case5_ID_Regression_Summary.json,QA,12587,98a2be52d111918cb461f2347855263e23e13fbcd60e2e3d0a017bfc3340adb2,COPIED
INK_Core_Main_Program_v1.6.5_RC/Validation/v1.6.4/release-regression/VW_VIDEO_01_Regression_Summary.json,qa/validation/Validation/v1.6.4/release-regression/VW_VIDEO_01_Regression_Summary.json,QA,1209,4673eb97eedcdfba907664f671fdf81d090b98bff7ef904b1777e5b46518a5ea,COPIED
INK_Core_Main_Program_v1.6.5_RC/Validation/v1.6.4/release-regression/batch01.log,qa/validation/Validation/v1.6.4/release-regression/batch01.log,QA,3177,1ac8f995029cd5d5b28f0fced0487d398fef9a342f8f0708d43628f9da4202cc,COPIED
INK_Core_Main_Program_v1.6.5_RC/Validation/v1.6.4/release-regression/batch02-vw.log,qa/validation/Validation/v1.6.4/release-regression/batch02-vw.log,QA,13559,5852d6a6289319a722f918944f638b2252467d4113360cd6f5fa0d2fc743c173,COPIED
INK_Core_Main_Program_v1.6.5_RC/Validation/v1.6.4/release-regression/build.log,qa/validation/Validation/v1.6.4/release-regression/build.log,QA,152,24f5114090d8d8b1304246f9c0b1aaefda5ef81ab28d40546410b62312048291,COPIED
INK_Core_Main_Program_v1.6.5_RC/Validation/v1.6.4/release-regression/core-tests.log,qa/validation/Validation/v1.6.4/release-regression/core-tests.log,QA,10484,2f94e7fc11cb6186ed53ae8f2322b09af66f4bc85f27ef8e12c9a6e8588f8c25,COPIED
INK_Core_Main_Program_v1.6.5_RC/Validation/v1.6.4/release-regression/ink-doctor.log,qa/validation/Validation/v1.6.4/release-regression/ink-doctor.log,QA,7798,0494364195dee481934339b7861f5f9c1ee2c761d36e7acab5087d37f2123359,COPIED
INK_Core_Main_Program_v1.6.5_RC/Validation/v1.6.4/release-regression/npm-ci.log,qa/validation/Validation/v1.6.4/release-regression/npm-ci.log,QA,65,f588e620aea84fef63d3081f519813dd140f12ba3d248fc11cefad0669a36c90,COPIED
INK_Core_Main_Program_v1.6.5_RC/Validation/v1.6.4/release-regression/vw-video-case5.log,qa/validation/Validation/v1.6.4/release-regression/vw-video-case5.log,QA,252,d40840a8a361915d63e937749792df9aa79c002183ae3fae4a5798d404a8dea2,COPIED
INK_Core_Main_Program_v1.6.5_RC/Validation/v1.6.4/visual-comparisons/v1.6.3-vs-v1.6.4.difference.png,qa/validation/Validation/v1.6.4/visual-comparisons/v1.6.3-vs-v1.6.4.difference.png,QA,234498,a5d5e0e4d233a1df3278948acda65bdf27ecbcc1e87541febe66945c0f3cb276,COPIED
INK_Core_Main_Program_v1.6.5_RC/Validation/v1.6.4/visual-comparisons/v1.6.3-vs-v1.6.4.metrics.json,qa/validation/Validation/v1.6.4/visual-comparisons/v1.6.3-vs-v1.6.4.metrics.json,QA,145,e763fb059e30c8c18e41292116cc04e2b3de64b2e8a3aefc573b5bfb29cb0f24,COPIED
INK_Core_Main_Program_v1.6.5_RC/Validation/v1.6.4/visual-comparisons/v1.6.3-vs-v1.6.4.overlay.png,qa/validation/Validation/v1.6.4/visual-comparisons/v1.6.3-vs-v1.6.4.overlay.png,QA,419240,bffa73352b5c2af6c82b1e34c17bdbf2dbf230b868aff8e2f641b169c00705db,COPIED
INK_Core_Main_Program_v1.6.5_RC/Validation/v1.6.4/visual-comparisons/v1.6.3-vs-v1.6.4.side-by-side.png,qa/validation/Validation/v1.6.4/visual-comparisons/v1.6.3-vs-v1.6.4.side-by-side.png,QA,621022,ad9d3aa9a8809cb9a8cafdf95dab924815d8d073d11afde86dbf63f88b72902a,COPIED
INK_Core_Main_Program_v1.6.5_RC/Validation/v1.6.4/visual-comparisons/video-reference-vs-v1.6.4.difference.png,qa/validation/Validation/v1.6.4/visual-comparisons/video-reference-vs-v1.6.4.difference.png,QA,331210,95ee85e32f95ad5425211b6c6eb24748dcf5b6a47cd0b8e67d41a4adf4908bc5,COPIED
INK_Core_Main_Program_v1.6.5_RC/Validation/v1.6.4/visual-comparisons/video-reference-vs-v1.6.4.metrics.json,qa/validation/Validation/v1.6.4/visual-comparisons/video-reference-vs-v1.6.4.metrics.json,QA,144,b04a96e671731c4dd7ed182e9411bb25b30148c51e29924dd39e8c5214e33f6f,COPIED
INK_Core_Main_Program_v1.6.5_RC/Validation/v1.6.4/visual-comparisons/video-reference-vs-v1.6.4.overlay.png,qa/validation/Validation/v1.6.4/visual-comparisons/video-reference-vs-v1.6.4.overlay.png,QA,601411,8fff337073231d1f457433fda9650c164c3b040d5c432b61e592ef5a60bc57c5,COPIED
INK_Core_Main_Program_v1.6.5_RC/Validation/v1.6.4/visual-comparisons/video-reference-vs-v1.6.4.side-by-side.png,qa/validation/Validation/v1.6.4/visual-comparisons/video-reference-vs-v1.6.4.side-by-side.png,QA,908759,5ca929e3c726d5d7e6a068042b0036d08eedf35f7a4ab7ddaf96147a24a28f9c,COPIED
INK_Core_Main_Program_v1.6.5_RC/Validation/v1.6.4/visual-comparisons/visual-assessment.json,qa/validation/Validation/v1.6.4/visual-comparisons/visual-assessment.json,QA,1232,1d25079a691d29124ca28ed9c7516c585792f430717f8270ab09a204d199d867,COPIED
INK_Core_Main_Program_v1.6.5_RC/Validation/v1.6.4/watercolor-benchmark/WC-01/comparisons/result-vs-modified.difference.png,qa/validation/Validation/v1.6.4/watercolor-benchmark/WC-01/comparisons/result-vs-modified.difference.png,QA,31383,076eb47d2e85de672724f9689ed4035485554336a0c5213f8a365a96067e715a,COPIED
INK_Core_Main_Program_v1.6.5_RC/Validation/v1.6.4/watercolor-benchmark/WC-01/comparisons/result-vs-modified.metrics.json,qa/validation/Validation/v1.6.4/watercolor-benchmark/WC-01/comparisons/result-vs-modified.metrics.json,QA,144,64a8ed544c376fd579a070fc9e9e831b80692976e227a55e3fc7d73a809f39cb,COPIED
INK_Core_Main_Program_v1.6.5_RC/Validation/v1.6.4/watercolor-benchmark/WC-01/comparisons/result-vs-modified.overlay.png,qa/validation/Validation/v1.6.4/watercolor-benchmark/WC-01/comparisons/result-vs-modified.overlay.png,QA,173578,3137b16346afda688f84daba61788233734ae636ebd6601d96a187e5a8f37e34,COPIED
INK_Core_Main_Program_v1.6.5_RC/Validation/v1.6.4/watercolor-benchmark/WC-01/comparisons/result-vs-modified.side-by-side.png,qa/validation/Validation/v1.6.4/watercolor-benchmark/WC-01/comparisons/result-vs-modified.side-by-side.png,QA,233155,15861e3a1693b58cd3de2fa2e3cc0e90adcc6a32282f55af34f491734ec76fc4,COPIED
INK_Core_Main_Program_v1.6.5_RC/Validation/v1.6.4/watercolor-benchmark/WC-01/comparisons/result-vs-rerun.difference.png,qa/validation/Validation/v1.6.4/watercolor-benchmark/WC-01/comparisons/result-vs-rerun.difference.png,QA,5113,151a41ec768c16d1c5bb9b1e477f5641663ef67ebf26d9b1dfde0982292fdd94,COPIED
INK_Core_Main_Program_v1.6.5_RC/Validation/v1.6.4/watercolor-benchmark/WC-01/comparisons/result-vs-rerun.metrics.json,qa/validation/Validation/v1.6.4/watercolor-benchmark/WC-01/comparisons/result-vs-rerun.metrics.json,QA,122,4fb83c1fc04eafeeeb81aafc2d4cff5ca4bd40964e5944803d8580565fc46275,COPIED
INK_Core_Main_Program_v1.6.5_RC/Validation/v1.6.4/watercolor-benchmark/WC-01/comparisons/result-vs-rerun.overlay.png,qa/validation/Validation/v1.6.4/watercolor-benchmark/WC-01/comparisons/result-vs-rerun.overlay.png,QA,163736,bf7832b52e02494cb3326d5854c48662a7cdd035b5e6ba1cbf2359e6682f7d2c,COPIED
INK_Core_Main_Program_v1.6.5_RC/Validation/v1.6.4/watercolor-benchmark/WC-01/comparisons/result-vs-rerun.side-by-side.png,qa/validation/Validation/v1.6.4/watercolor-benchmark/WC-01/comparisons/result-vs-rerun.side-by-side.png,QA,180444,1f66987ef50e48bac3d49c0f6458700c193fc1d2adc0be695598190ef5767ab4,COPIED
INK_Core_Main_Program_v1.6.5_RC/Validation/v1.6.4/watercolor-benchmark/WC-01/comparisons/result-vs-rollback.difference.png,qa/validation/Validation/v1.6.4/watercolor-benchmark/WC-01/comparisons/result-vs-rollback.difference.png,QA,5113,151a41ec768c16d1c5bb9b1e477f5641663ef67ebf26d9b1dfde0982292fdd94,COPIED
INK_Core_Main_Program_v1.6.5_RC/Validation/v1.6.4/watercolor-benchmark/WC-01/comparisons/result-vs-rollback.metrics.json,qa/validation/Validation/v1.6.4/watercolor-benchmark/WC-01/comparisons/result-vs-rollback.metrics.json,QA,122,4fb83c1fc04eafeeeb81aafc2d4cff5ca4bd40964e5944803d8580565fc46275,COPIED
INK_Core_Main_Program_v1.6.5_RC/Validation/v1.6.4/watercolor-benchmark/WC-01/comparisons/result-vs-rollback.overlay.png,qa/validation/Validation/v1.6.4/watercolor-benchmark/WC-01/comparisons/result-vs-rollback.overlay.png,QA,163736,bf7832b52e02494cb3326d5854c48662a7cdd035b5e6ba1cbf2359e6682f7d2c,COPIED
INK_Core_Main_Program_v1.6.5_RC/Validation/v1.6.4/watercolor-benchmark/WC-01/comparisons/result-vs-rollback.side-by-side.png,qa/validation/Validation/v1.6.4/watercolor-benchmark/WC-01/comparisons/result-vs-rollback.side-by-side.png,QA,180444,1f66987ef50e48bac3d49c0f6458700c193fc1d2adc0be695598190ef5767ab4,COPIED
INK_Core_Main_Program_v1.6.5_RC/Validation/v1.6.4/watercolor-benchmark/WC-01/execution.log,qa/validation/Validation/v1.6.4/watercolor-benchmark/WC-01/execution.log,QA,321,a1823dada2ef4536e01027b580d9f4343ef60c717178e77ba5e68ca092603005,COPIED
INK_Core_Main_Program_v1.6.5_RC/Validation/v1.6.4/watercolor-benchmark/WC-01/modified/WC-01-modified.document.json,qa/validation/Validation/v1.6.4/watercolor-benchmark/WC-01/modified/WC-01-modified.document.json,QA,1028611,2823ac150c5dd7c30817be5171aef15ee1319206c73d03748ceba2dad86c9109,COPIED
INK_Core_Main_Program_v1.6.5_RC/Validation/v1.6.4/watercolor-benchmark/WC-01/modified/WC-01-modified.export.json,qa/validation/Validation/v1.6.4/watercolor-benchmark/WC-01/modified/WC-01-modified.export.json,QA,1446,38d6ee9cc2ca611dc36432afbc88b29d485f621db6ed4c75d4b0f7d0481b4212,COPIED
INK_Core_Main_Program_v1.6.5_RC/Validation/v1.6.4/watercolor-benchmark/WC-01/modified/WC-01-modified.headless.json,qa/validation/Validation/v1.6.4/watercolor-benchmark/WC-01/modified/WC-01-modified.headless.json,QA,6932,3395f48788ae1559f9b48f4a15294e224f4aac4f477ba910ad33842cadb7f15d,COPIED
INK_Core_Main_Program_v1.6.5_RC/Validation/v1.6.4/watercolor-benchmark/WC-01/modified/WC-01-modified.png,qa/validation/Validation/v1.6.4/watercolor-benchmark/WC-01/modified/WC-01-modified.png,QA,171271,22e8d05e844c28a70c8c8c9f84d5ad2a8c9ddedfb9df62ddcdc5fd0b1272fa4c,COPIED
INK_Core_Main_Program_v1.6.5_RC/Validation/v1.6.4/watercolor-benchmark/WC-01/modified/WC-01-modified.svg,qa/validation/Validation/v1.6.4/watercolor-benchmark/WC-01/modified/WC-01-modified.svg,QA,210496,b7372c506d146234dada179541be94f8fbf1232dff84e2b099925ee8f59a2f2e,COPIED
INK_Core_Main_Program_v1.6.5_RC/Validation/v1.6.4/watercolor-benchmark/WC-01/rerun/WC-01-rerun.document.json,qa/validation/Validation/v1.6.4/watercolor-benchmark/WC-01/rerun/WC-01-rerun.document.json,QA,1028617,0a6459a340243cf1e03baebe8a8927a4afb0c0ac849b4c75055d172967d47bbe,COPIED
INK_Core_Main_Program_v1.6.5_RC/Validation/v1.6.4/watercolor-benchmark/WC-01/rerun/WC-01-rerun.export.json,qa/validation/Validation/v1.6.4/watercolor-benchmark/WC-01/rerun/WC-01-rerun.export.json,QA,1428,6e48ec9a59aeb868bafe67825bc093833b00ca22303b77828e043df897364847,COPIED
INK_Core_Main_Program_v1.6.5_RC/Validation/v1.6.4/watercolor-benchmark/WC-01/rerun/WC-01-rerun.headless.json,qa/validation/Validation/v1.6.4/watercolor-benchmark/WC-01/rerun/WC-01-rerun.headless.json,QA,6926,dbf2916737dd243a5ce5c6178b558953606629b4f751fd5104a5b62b8f85d957,COPIED
INK_Core_Main_Program_v1.6.5_RC/Validation/v1.6.4/watercolor-benchmark/WC-01/rerun/WC-01-rerun.png,qa/validation/Validation/v1.6.4/watercolor-benchmark/WC-01/rerun/WC-01-rerun.png,QA,163736,bf7832b52e02494cb3326d5854c48662a7cdd035b5e6ba1cbf2359e6682f7d2c,COPIED
INK_Core_Main_Program_v1.6.5_RC/Validation/v1.6.4/watercolor-benchmark/WC-01/rerun/WC-01-rerun.svg,qa/validation/Validation/v1.6.4/watercolor-benchmark/WC-01/rerun/WC-01-rerun.svg,QA,210494,52e6c414ae4323abb4393778887cf4e5f1697af4c02e7ca8e7623d7dad9712df,COPIED
INK_Core_Main_Program_v1.6.5_RC/Validation/v1.6.4/watercolor-benchmark/WC-01/result/WC-01-result.document.json,qa/validation/Validation/v1.6.4/watercolor-benchmark/WC-01/result/WC-01-result.document.json,QA,1028617,0a6459a340243cf1e03baebe8a8927a4afb0c0ac849b4c75055d172967d47bbe,COPIED
INK_Core_Main_Program_v1.6.5_RC/Validation/v1.6.4/watercolor-benchmark/WC-01/result/WC-01-result.export.json,qa/validation/Validation/v1.6.4/watercolor-benchmark/WC-01/result/WC-01-result.export.json,QA,1434,82d874928a13d7625fbb6bac62c9977009d39a8bcab023d40769d503bb235368,COPIED
INK_Core_Main_Program_v1.6.5_RC/Validation/v1.6.4/watercolor-benchmark/WC-01/result/WC-01-result.headless.json,qa/validation/Validation/v1.6.4/watercolor-benchmark/WC-01/result/WC-01-result.headless.json,QA,6929,6890f4fe7aa9c0a418fa378ddf45ef19730174bff3b2074f0de1bfd635a8d0cf,COPIED
INK_Core_Main_Program_v1.6.5_RC/Validation/v1.6.4/watercolor-benchmark/WC-01/result/WC-01-result.png,qa/validation/Validation/v1.6.4/watercolor-benchmark/WC-01/result/WC-01-result.png,QA,163736,bf7832b52e02494cb3326d5854c48662a7cdd035b5e6ba1cbf2359e6682f7d2c,COPIED
INK_Core_Main_Program_v1.6.5_RC/Validation/v1.6.4/watercolor-benchmark/WC-01/result/WC-01-result.svg,qa/validation/Validation/v1.6.4/watercolor-benchmark/WC-01/result/WC-01-result.svg,QA,210494,52e6c414ae4323abb4393778887cf4e5f1697af4c02e7ca8e7623d7dad9712df,COPIED
INK_Core_Main_Program_v1.6.5_RC/Validation/v1.6.4/watercolor-benchmark/WC-01/result.json,qa/validation/Validation/v1.6.4/watercolor-benchmark/WC-01/result.json,QA,18885,c0ed6ed543f2132cc454e4f98ed74a7ab005306acd56a7c0573390bb70b5bfa2,COPIED
INK_Core_Main_Program_v1.6.5_RC/Validation/v1.6.4/watercolor-benchmark/WC-01/rollback/WC-01-rollback.document.json,qa/validation/Validation/v1.6.4/watercolor-benchmark/WC-01/rollback/WC-01-rollback.document.json,QA,1028617,0a6459a340243cf1e03baebe8a8927a4afb0c0ac849b4c75055d172967d47bbe,COPIED
INK_Core_Main_Program_v1.6.5_RC/Validation/v1.6.4/watercolor-benchmark/WC-01/rollback/WC-01-rollback.export.json,qa/validation/Validation/v1.6.4/watercolor-benchmark/WC-01/rollback/WC-01-rollback.export.json,QA,1446,66f3e4268d39c18d2e3ce6657e54fe000b9beed0dac1239fdc1d3ce01d25d7e9,COPIED
INK_Core_Main_Program_v1.6.5_RC/Validation/v1.6.4/watercolor-benchmark/WC-01/rollback/WC-01-rollback.headless.json,qa/validation/Validation/v1.6.4/watercolor-benchmark/WC-01/rollback/WC-01-rollback.headless.json,QA,6932,1e6f202f660a8297c17e6be189fa065217226791635711f493a0a178a9aaba0b,COPIED
INK_Core_Main_Program_v1.6.5_RC/Validation/v1.6.4/watercolor-benchmark/WC-01/rollback/WC-01-rollback.png,qa/validation/Validation/v1.6.4/watercolor-benchmark/WC-01/rollback/WC-01-rollback.png,QA,163736,bf7832b52e02494cb3326d5854c48662a7cdd035b5e6ba1cbf2359e6682f7d2c,COPIED
INK_Core_Main_Program_v1.6.5_RC/Validation/v1.6.4/watercolor-benchmark/WC-01/rollback/WC-01-rollback.svg,qa/validation/Validation/v1.6.4/watercolor-benchmark/WC-01/rollback/WC-01-rollback.svg,QA,210494,52e6c414ae4323abb4393778887cf4e5f1697af4c02e7ca8e7623d7dad9712df,COPIED
INK_Core_Main_Program_v1.6.5_RC/Validation/v1.6.4/watercolor-benchmark/WC-02/comparisons/result-vs-modified.difference.png,qa/validation/Validation/v1.6.4/watercolor-benchmark/WC-02/comparisons/result-vs-modified.difference.png,QA,29718,28e7d683be22322407315cbf9f58a425e237327c71166d6761e7ed4e35731333,COPIED
INK_Core_Main_Program_v1.6.5_RC/Validation/v1.6.4/watercolor-benchmark/WC-02/comparisons/result-vs-modified.metrics.json,qa/validation/Validation/v1.6.4/watercolor-benchmark/WC-02/comparisons/result-vs-modified.metrics.json,QA,144,2336275d8f334b877531b7b6c27c94c4bbe0826bf1781a9df308f7dca12b11e7,COPIED
INK_Core_Main_Program_v1.6.5_RC/Validation/v1.6.4/watercolor-benchmark/WC-02/comparisons/result-vs-modified.overlay.png,qa/validation/Validation/v1.6.4/watercolor-benchmark/WC-02/comparisons/result-vs-modified.overlay.png,QA,254378,f67f5432b3e12323684be38b985a8b69b2ed4b2afe799bcfa7d8a4ad2d2e92cd,COPIED
INK_Core_Main_Program_v1.6.5_RC/Validation/v1.6.4/watercolor-benchmark/WC-02/comparisons/result-vs-modified.side-by-side.png,qa/validation/Validation/v1.6.4/watercolor-benchmark/WC-02/comparisons/result-vs-modified.side-by-side.png,QA,330700,0ee24e30edaedf282c8c9b8838686306720d844d6521c51f0fd369c06c3ceeda,COPIED
INK_Core_Main_Program_v1.6.5_RC/Validation/v1.6.4/watercolor-benchmark/WC-02/comparisons/result-vs-rerun.difference.png,qa/validation/Validation/v1.6.4/watercolor-benchmark/WC-02/comparisons/result-vs-rerun.difference.png,QA,5113,151a41ec768c16d1c5bb9b1e477f5641663ef67ebf26d9b1dfde0982292fdd94,COPIED
INK_Core_Main_Program_v1.6.5_RC/Validation/v1.6.4/watercolor-benchmark/WC-02/comparisons/result-vs-rerun.metrics.json,qa/validation/Validation/v1.6.4/watercolor-benchmark/WC-02/comparisons/result-vs-rerun.metrics.json,QA,122,4fb83c1fc04eafeeeb81aafc2d4cff5ca4bd40964e5944803d8580565fc46275,COPIED
INK_Core_Main_Program_v1.6.5_RC/Validation/v1.6.4/watercolor-benchmark/WC-02/comparisons/result-vs-rerun.overlay.png,qa/validation/Validation/v1.6.4/watercolor-benchmark/WC-02/comparisons/result-vs-rerun.overlay.png,QA,250459,827172651d3735f4a2e4bea8fe6509c64b9d65b0320007959241e49c6c6b2de3,COPIED
INK_Core_Main_Program_v1.6.5_RC/Validation/v1.6.4/watercolor-benchmark/WC-02/comparisons/result-vs-rerun.side-by-side.png,qa/validation/Validation/v1.6.4/watercolor-benchmark/WC-02/comparisons/result-vs-rerun.side-by-side.png,QA,277861,f0be72096e86cfe6b66ef29157ae807e62493aa58a207cae2e0ce23970d10f1b,COPIED
INK_Core_Main_Program_v1.6.5_RC/Validation/v1.6.4/watercolor-benchmark/WC-02/comparisons/result-vs-rollback.difference.png,qa/validation/Validation/v1.6.4/watercolor-benchmark/WC-02/comparisons/result-vs-rollback.difference.png,QA,5113,151a41ec768c16d1c5bb9b1e477f5641663ef67ebf26d9b1dfde0982292fdd94,COPIED
INK_Core_Main_Program_v1.6.5_RC/Validation/v1.6.4/watercolor-benchmark/WC-02/comparisons/result-vs-rollback.metrics.json,qa/validation/Validation/v1.6.4/watercolor-benchmark/WC-02/comparisons/result-vs-rollback.metrics.json,QA,122,4fb83c1fc04eafeeeb81aafc2d4cff5ca4bd40964e5944803d8580565fc46275,COPIED
INK_Core_Main_Program_v1.6.5_RC/Validation/v1.6.4/watercolor-benchmark/WC-02/comparisons/result-vs-rollback.overlay.png,qa/validation/Validation/v1.6.4/watercolor-benchmark/WC-02/comparisons/result-vs-rollback.overlay.png,QA,250459,827172651d3735f4a2e4bea8fe6509c64b9d65b0320007959241e49c6c6b2de3,COPIED
INK_Core_Main_Program_v1.6.5_RC/Validation/v1.6.4/watercolor-benchmark/WC-02/comparisons/result-vs-rollback.side-by-side.png,qa/validation/Validation/v1.6.4/watercolor-benchmark/WC-02/comparisons/result-vs-rollback.side-by-side.png,QA,277861,f0be72096e86cfe6b66ef29157ae807e62493aa58a207cae2e0ce23970d10f1b,COPIED
INK_Core_Main_Program_v1.6.5_RC/Validation/v1.6.4/watercolor-benchmark/WC-02/execution.log,qa/validation/Validation/v1.6.4/watercolor-benchmark/WC-02/execution.log,QA,321,f33ba9c167b53f29ccebc4370c5b9936912b5678808f52e6ef755a00a19f6fc8,COPIED
INK_Core_Main_Program_v1.6.5_RC/Validation/v1.6.4/watercolor-benchmark/WC-02/modified/WC-02-modified.document.json,qa/validation/Validation/v1.6.4/watercolor-benchmark/WC-02/modified/WC-02-modified.document.json,QA,1210962,f482b6e9fafbe3c3b28dd60fb10744aadce1bab95c1c21c55791232e0727b344,COPIED
INK_Core_Main_Program_v1.6.5_RC/Validation/v1.6.4/watercolor-benchmark/WC-02/modified/WC-02-modified.export.json,qa/validation/Validation/v1.6.4/watercolor-benchmark/WC-02/modified/WC-02-modified.export.json,QA,1446,ace43b2433b1a0453631812494c3298c5f03a5d87307cf9b22e9b9c8fc06aa36,COPIED
INK_Core_Main_Program_v1.6.5_RC/Validation/v1.6.4/watercolor-benchmark/WC-02/modified/WC-02-modified.headless.json,qa/validation/Validation/v1.6.4/watercolor-benchmark/WC-02/modified/WC-02-modified.headless.json,QA,6932,6b2ce7c7d5a962da9dd5f809b07fcec2bf238f8d324a75f013e42edb91f82bbe,COPIED
INK_Core_Main_Program_v1.6.5_RC/Validation/v1.6.4/watercolor-benchmark/WC-02/modified/WC-02-modified.png,qa/validation/Validation/v1.6.4/watercolor-benchmark/WC-02/modified/WC-02-modified.png,QA,252501,ca6723039d87c9da239758b510283bc4e677190c98118434157a0eedc51540ab,COPIED
INK_Core_Main_Program_v1.6.5_RC/Validation/v1.6.4/watercolor-benchmark/WC-02/modified/WC-02-modified.svg,qa/validation/Validation/v1.6.4/watercolor-benchmark/WC-02/modified/WC-02-modified.svg,QA,240609,a83f91a8617a2bfe957e6ff459964efbd6c615ddc76bf6e530987531b2747b6c,COPIED
INK_Core_Main_Program_v1.6.5_RC/Validation/v1.6.4/watercolor-benchmark/WC-02/rerun/WC-02-rerun.document.json,qa/validation/Validation/v1.6.4/watercolor-benchmark/WC-02/rerun/WC-02-rerun.document.json,QA,1210937,85bc71d9ceb0d652d417093dceb352ab24ec4a28d2f174c591e95576c527f84a,COPIED
INK_Core_Main_Program_v1.6.5_RC/Validation/v1.6.4/watercolor-benchmark/WC-02/rerun/WC-02-rerun.export.json,qa/validation/Validation/v1.6.4/watercolor-benchmark/WC-02/rerun/WC-02-rerun.export.json,QA,1428,adc0f2aeb1bd56078fd06c2938d7c67f539418aac3d0936b53dfbcaf7944bd28,COPIED
INK_Core_Main_Program_v1.6.5_RC/Validation/v1.6.4/watercolor-benchmark/WC-02/rerun/WC-02-rerun.headless.json,qa/validation/Validation/v1.6.4/watercolor-benchmark/WC-02/rerun/WC-02-rerun.headless.json,QA,6926,89da149ec07b4d07b23c7f21f8ff23081c9a41cbb9fb0fd3438156f6232a1b2a,COPIED
INK_Core_Main_Program_v1.6.5_RC/Validation/v1.6.4/watercolor-benchmark/WC-02/rerun/WC-02-rerun.png,qa/validation/Validation/v1.6.4/watercolor-benchmark/WC-02/rerun/WC-02-rerun.png,QA,250459,827172651d3735f4a2e4bea8fe6509c64b9d65b0320007959241e49c6c6b2de3,COPIED
INK_Core_Main_Program_v1.6.5_RC/Validation/v1.6.4/watercolor-benchmark/WC-02/rerun/WC-02-rerun.svg,qa/validation/Validation/v1.6.4/watercolor-benchmark/WC-02/rerun/WC-02-rerun.svg,QA,240590,f5bb291a602ff92a1ee212f7b866b5d3d8f8685b5afd99fcf62bc738ea82ab65,COPIED
INK_Core_Main_Program_v1.6.5_RC/Validation/v1.6.4/watercolor-benchmark/WC-02/result/WC-02-result.document.json,qa/validation/Validation/v1.6.4/watercolor-benchmark/WC-02/result/WC-02-result.document.json,QA,1210937,b31a3c978cb1948d67456a68494b3e53137823bc297dd23a416d7b8a64a8c64d,COPIED
INK_Core_Main_Program_v1.6.5_RC/Validation/v1.6.4/watercolor-benchmark/WC-02/result/WC-02-result.export.json,qa/validation/Validation/v1.6.4/watercolor-benchmark/WC-02/result/WC-02-result.export.json,QA,1434,e5d1c3c857b1e63adeb87692a4f8aaa17f80a1f9145859f042cdf207b44ca371,COPIED
INK_Core_Main_Program_v1.6.5_RC/Validation/v1.6.4/watercolor-benchmark/WC-02/result/WC-02-result.headless.json,qa/validation/Validation/v1.6.4/watercolor-benchmark/WC-02/result/WC-02-result.headless.json,QA,6928,76689a4940f087140094ffafbb94b8eab17495919fa08818b24216d0de079405,COPIED
INK_Core_Main_Program_v1.6.5_RC/Validation/v1.6.4/watercolor-benchmark/WC-02/result/WC-02-result.png,qa/validation/Validation/v1.6.4/watercolor-benchmark/WC-02/result/WC-02-result.png,QA,250459,827172651d3735f4a2e4bea8fe6509c64b9d65b0320007959241e49c6c6b2de3,COPIED
INK_Core_Main_Program_v1.6.5_RC/Validation/v1.6.4/watercolor-benchmark/WC-02/result/WC-02-result.svg,qa/validation/Validation/v1.6.4/watercolor-benchmark/WC-02/result/WC-02-result.svg,QA,240590,f5bb291a602ff92a1ee212f7b866b5d3d8f8685b5afd99fcf62bc738ea82ab65,COPIED
INK_Core_Main_Program_v1.6.5_RC/Validation/v1.6.4/watercolor-benchmark/WC-02/result.json,qa/validation/Validation/v1.6.4/watercolor-benchmark/WC-02/result.json,QA,22840,8d33ce945cc9e2b63c02ff60f5b2bee19248f4286d7bd341b84b44495abfca3b,COPIED
INK_Core_Main_Program_v1.6.5_RC/Validation/v1.6.4/watercolor-benchmark/WC-02/rollback/WC-02-rollback.document.json,qa/validation/Validation/v1.6.4/watercolor-benchmark/WC-02/rollback/WC-02-rollback.document.json,QA,1210937,747ebb4a00afbf748993683a2efd13d6f1c4d4825cfef1fa81c9c8a736a9abf9,COPIED
INK_Core_Main_Program_v1.6.5_RC/Validation/v1.6.4/watercolor-benchmark/WC-02/rollback/WC-02-rollback.export.json,qa/validation/Validation/v1.6.4/watercolor-benchmark/WC-02/rollback/WC-02-rollback.export.json,QA,1446,2e4fc022543a712514fe8281988626230f8273bc2669f76a95621f0edf911d5b,COPIED
INK_Core_Main_Program_v1.6.5_RC/Validation/v1.6.4/watercolor-benchmark/WC-02/rollback/WC-02-rollback.headless.json,qa/validation/Validation/v1.6.4/watercolor-benchmark/WC-02/rollback/WC-02-rollback.headless.json,QA,6932,10cee486ce8a56ab59bd04b0d243d68c96bc0b9d2a8be43f4201ee6c56c9c5dd,COPIED
INK_Core_Main_Program_v1.6.5_RC/Validation/v1.6.4/watercolor-benchmark/WC-02/rollback/WC-02-rollback.png,qa/validation/Validation/v1.6.4/watercolor-benchmark/WC-02/rollback/WC-02-rollback.png,QA,250459,827172651d3735f4a2e4bea8fe6509c64b9d65b0320007959241e49c6c6b2de3,COPIED
INK_Core_Main_Program_v1.6.5_RC/Validation/v1.6.4/watercolor-benchmark/WC-02/rollback/WC-02-rollback.svg,qa/validation/Validation/v1.6.4/watercolor-benchmark/WC-02/rollback/WC-02-rollback.svg,QA,240590,f5bb291a602ff92a1ee212f7b866b5d3d8f8685b5afd99fcf62bc738ea82ab65,COPIED
INK_Core_Main_Program_v1.6.5_RC/Validation/v1.6.4/watercolor-benchmark/WC-03/comparisons/result-vs-modified.difference.png,qa/validation/Validation/v1.6.4/watercolor-benchmark/WC-03/comparisons/result-vs-modified.difference.png,QA,17112,cead8cc303c8740cfbfc9ff54536a762c5bb53cb8b699227a9c86a66721ef3ee,COPIED
INK_Core_Main_Program_v1.6.5_RC/Validation/v1.6.4/watercolor-benchmark/WC-03/comparisons/result-vs-modified.metrics.json,qa/validation/Validation/v1.6.4/watercolor-benchmark/WC-03/comparisons/result-vs-modified.metrics.json,QA,145,c6da79552cc56f1e55ecd4854858ffca9b873e6b0e59c94715639861439637eb,COPIED
INK_Core_Main_Program_v1.6.5_RC/Validation/v1.6.4/watercolor-benchmark/WC-03/comparisons/result-vs-modified.overlay.png,qa/validation/Validation/v1.6.4/watercolor-benchmark/WC-03/comparisons/result-vs-modified.overlay.png,QA,269809,ef32d676ca7014e9a0ce4e36531528fee91425643d8307b1916c922aa265d8b9,COPIED
INK_Core_Main_Program_v1.6.5_RC/Validation/v1.6.4/watercolor-benchmark/WC-03/comparisons/result-vs-modified.side-by-side.png,qa/validation/Validation/v1.6.4/watercolor-benchmark/WC-03/comparisons/result-vs-modified.side-by-side.png,QA,329286,b46fd11d00b74325682da3cacc0f3106fb361b7f0cd57332a2b3fb0c44841355,COPIED
INK_Core_Main_Program_v1.6.5_RC/Validation/v1.6.4/watercolor-benchmark/WC-03/comparisons/result-vs-rerun.difference.png,qa/validation/Validation/v1.6.4/watercolor-benchmark/WC-03/comparisons/result-vs-rerun.difference.png,QA,5113,151a41ec768c16d1c5bb9b1e477f5641663ef67ebf26d9b1dfde0982292fdd94,COPIED
INK_Core_Main_Program_v1.6.5_RC/Validation/v1.6.4/watercolor-benchmark/WC-03/comparisons/result-vs-rerun.metrics.json,qa/validation/Validation/v1.6.4/watercolor-benchmark/WC-03/comparisons/result-vs-rerun.metrics.json,QA,122,4fb83c1fc04eafeeeb81aafc2d4cff5ca4bd40964e5944803d8580565fc46275,COPIED
INK_Core_Main_Program_v1.6.5_RC/Validation/v1.6.4/watercolor-benchmark/WC-03/comparisons/result-vs-rerun.overlay.png,qa/validation/Validation/v1.6.4/watercolor-benchmark/WC-03/comparisons/result-vs-rerun.overlay.png,QA,268847,fc121673317f9c174ff802d5850b91c0820ea6ea703c6502d29df42d97dd17c5,COPIED
INK_Core_Main_Program_v1.6.5_RC/Validation/v1.6.4/watercolor-benchmark/WC-03/comparisons/result-vs-rerun.side-by-side.png,qa/validation/Validation/v1.6.4/watercolor-benchmark/WC-03/comparisons/result-vs-rerun.side-by-side.png,QA,289781,185eff120ca6d55bc8a3c9e60b4511ae9ffcf34cf41e44878a173010e8013c80,COPIED
INK_Core_Main_Program_v1.6.5_RC/Validation/v1.6.4/watercolor-benchmark/WC-03/comparisons/result-vs-rollback.difference.png,qa/validation/Validation/v1.6.4/watercolor-benchmark/WC-03/comparisons/result-vs-rollback.difference.png,QA,5113,151a41ec768c16d1c5bb9b1e477f5641663ef67ebf26d9b1dfde0982292fdd94,COPIED
INK_Core_Main_Program_v1.6.5_RC/Validation/v1.6.4/watercolor-benchmark/WC-03/comparisons/result-vs-rollback.metrics.json,qa/validation/Validation/v1.6.4/watercolor-benchmark/WC-03/comparisons/result-vs-rollback.metrics.json,QA,122,4fb83c1fc04eafeeeb81aafc2d4cff5ca4bd40964e5944803d8580565fc46275,COPIED
INK_Core_Main_Program_v1.6.5_RC/Validation/v1.6.4/watercolor-benchmark/WC-03/comparisons/result-vs-rollback.overlay.png,qa/validation/Validation/v1.6.4/watercolor-benchmark/WC-03/comparisons/result-vs-rollback.overlay.png,QA,268847,fc121673317f9c174ff802d5850b91c0820ea6ea703c6502d29df42d97dd17c5,COPIED
INK_Core_Main_Program_v1.6.5_RC/Validation/v1.6.4/watercolor-benchmark/WC-03/comparisons/result-vs-rollback.side-by-side.png,qa/validation/Validation/v1.6.4/watercolor-benchmark/WC-03/comparisons/result-vs-rollback.side-by-side.png,QA,289781,185eff120ca6d55bc8a3c9e60b4511ae9ffcf34cf41e44878a173010e8013c80,COPIED
INK_Core_Main_Program_v1.6.5_RC/Validation/v1.6.4/watercolor-benchmark/WC-03/execution.log,qa/validation/Validation/v1.6.4/watercolor-benchmark/WC-03/execution.log,QA,321,511a892932467851715ef9204eec436035d0e37535f9c6b00eaf026a85e6210d,COPIED
INK_Core_Main_Program_v1.6.5_RC/Validation/v1.6.4/watercolor-benchmark/WC-03/modified/WC-03-modified.document.json,qa/validation/Validation/v1.6.4/watercolor-benchmark/WC-03/modified/WC-03-modified.document.json,QA,2229189,695598d9ff53462496b371cf7c7ec0732df678baeba112bac5be02dddd6aedcb,COPIED
INK_Core_Main_Program_v1.6.5_RC/Validation/v1.6.4/watercolor-benchmark/WC-03/modified/WC-03-modified.export.json,qa/validation/Validation/v1.6.4/watercolor-benchmark/WC-03/modified/WC-03-modified.export.json,QA,1446,e34899d0d5293f02c3c43be2d2b2a5182f9b8a297b8c151f5a1aaef8958d356b,COPIED
INK_Core_Main_Program_v1.6.5_RC/Validation/v1.6.4/watercolor-benchmark/WC-03/modified/WC-03-modified.headless.json,qa/validation/Validation/v1.6.4/watercolor-benchmark/WC-03/modified/WC-03-modified.headless.json,QA,6932,3954e01d5856192a97bfc8446496d0b7d5cd82003c64ee232d7cfd19eec2618e,COPIED
INK_Core_Main_Program_v1.6.5_RC/Validation/v1.6.4/watercolor-benchmark/WC-03/modified/WC-03-modified.png,qa/validation/Validation/v1.6.4/watercolor-benchmark/WC-03/modified/WC-03-modified.png,QA,270703,5071cc61701b52ca587a307f8371ddafd5f95a94bac339d526d9f4d4d04cec78,COPIED
INK_Core_Main_Program_v1.6.5_RC/Validation/v1.6.4/watercolor-benchmark/WC-03/modified/WC-03-modified.svg,qa/validation/Validation/v1.6.4/watercolor-benchmark/WC-03/modified/WC-03-modified.svg,QA,419261,8f536389f273b9d66a7a6c4255e293d07b8443fc0f7de7b122e7b5c1b05c185d,COPIED
INK_Core_Main_Program_v1.6.5_RC/Validation/v1.6.4/watercolor-benchmark/WC-03/rerun/WC-03-rerun.document.json,qa/validation/Validation/v1.6.4/watercolor-benchmark/WC-03/rerun/WC-03-rerun.document.json,QA,2229189,a41ef46d1eeec35a0dde031a1e30f5873b1c6ffce4b6ff052f98052c8adf75ea,COPIED
INK_Core_Main_Program_v1.6.5_RC/Validation/v1.6.4/watercolor-benchmark/WC-03/rerun/WC-03-rerun.export.json,qa/validation/Validation/v1.6.4/watercolor-benchmark/WC-03/rerun/WC-03-rerun.export.json,QA,1428,ec9f3a6bc4d593e37c38e1c3688b8880ecd91984f55b25ac4d5fc784e80974b3,COPIED
INK_Core_Main_Program_v1.6.5_RC/Validation/v1.6.4/watercolor-benchmark/WC-03/rerun/WC-03-rerun.headless.json,qa/validation/Validation/v1.6.4/watercolor-benchmark/WC-03/rerun/WC-03-rerun.headless.json,QA,6926,32e1e9fdb0623fdc3b8dd3798806cf2082433ca0f976215a5b5fd83b26a2e27b,COPIED
INK_Core_Main_Program_v1.6.5_RC/Validation/v1.6.4/watercolor-benchmark/WC-03/rerun/WC-03-rerun.png,qa/validation/Validation/v1.6.4/watercolor-benchmark/WC-03/rerun/WC-03-rerun.png,QA,268847,fc121673317f9c174ff802d5850b91c0820ea6ea703c6502d29df42d97dd17c5,COPIED
INK_Core_Main_Program_v1.6.5_RC/Validation/v1.6.4/watercolor-benchmark/WC-03/rerun/WC-03-rerun.svg,qa/validation/Validation/v1.6.4/watercolor-benchmark/WC-03/rerun/WC-03-rerun.svg,QA,419261,9cc41d643ae4457ea89e9c88e7e4f9a78801a3e7ac9bb9f5806b627c246b8b4b,COPIED
INK_Core_Main_Program_v1.6.5_RC/Validation/v1.6.4/watercolor-benchmark/WC-03/result/WC-03-result.document.json,qa/validation/Validation/v1.6.4/watercolor-benchmark/WC-03/result/WC-03-result.document.json,QA,2229189,457fd5d45e5b84f9d95bd75b0c8e067b812fb67573dfe1e1d118c023ee6fd018,COPIED
INK_Core_Main_Program_v1.6.5_RC/Validation/v1.6.4/watercolor-benchmark/WC-03/result/WC-03-result.export.json,qa/validation/Validation/v1.6.4/watercolor-benchmark/WC-03/result/WC-03-result.export.json,QA,1435,ae7a5105d5e8f26e3c12f4c6e872aaadee0a73988ff3a105ffbf9cfb8ca703b6,COPIED
INK_Core_Main_Program_v1.6.5_RC/Validation/v1.6.4/watercolor-benchmark/WC-03/result/WC-03-result.headless.json,qa/validation/Validation/v1.6.4/watercolor-benchmark/WC-03/result/WC-03-result.headless.json,QA,6930,662a17704e5bda053c1286b84b7240ce732fb90f887a12771a58ada70867fbe6,COPIED
INK_Core_Main_Program_v1.6.5_RC/Validation/v1.6.4/watercolor-benchmark/WC-03/result/WC-03-result.png,qa/validation/Validation/v1.6.4/watercolor-benchmark/WC-03/result/WC-03-result.png,QA,268847,fc121673317f9c174ff802d5850b91c0820ea6ea703c6502d29df42d97dd17c5,COPIED
INK_Core_Main_Program_v1.6.5_RC/Validation/v1.6.4/watercolor-benchmark/WC-03/result/WC-03-result.svg,qa/validation/Validation/v1.6.4/watercolor-benchmark/WC-03/result/WC-03-result.svg,QA,419261,9cc41d643ae4457ea89e9c88e7e4f9a78801a3e7ac9bb9f5806b627c246b8b4b,COPIED
INK_Core_Main_Program_v1.6.5_RC/Validation/v1.6.4/watercolor-benchmark/WC-03/result.json,qa/validation/Validation/v1.6.4/watercolor-benchmark/WC-03/result.json,QA,44441,db882ed6531d80a6437f10888dae91bee17ecfa582638fc1662c8ab1c23ec002,COPIED
INK_Core_Main_Program_v1.6.5_RC/Validation/v1.6.4/watercolor-benchmark/WC-03/rollback/WC-03-rollback.document.json,qa/validation/Validation/v1.6.4/watercolor-benchmark/WC-03/rollback/WC-03-rollback.document.json,QA,2229189,ef30445c3199f1b9ff50139ce123117b956015bc10b9e84239910e1098be46cf,COPIED
INK_Core_Main_Program_v1.6.5_RC/Validation/v1.6.4/watercolor-benchmark/WC-03/rollback/WC-03-rollback.export.json,qa/validation/Validation/v1.6.4/watercolor-benchmark/WC-03/rollback/WC-03-rollback.export.json,QA,1446,f45ba47adeca7e92ad0ab6043e09baaa91d65b6e3722db4eee2e4f58eb2e2e9f,COPIED
INK_Core_Main_Program_v1.6.5_RC/Validation/v1.6.4/watercolor-benchmark/WC-03/rollback/WC-03-rollback.headless.json,qa/validation/Validation/v1.6.4/watercolor-benchmark/WC-03/rollback/WC-03-rollback.headless.json,QA,6932,09ad11525c66cc6901a4c2ee765a67542eb9bc38cd085b88b81136d5d3599792,COPIED
INK_Core_Main_Program_v1.6.5_RC/Validation/v1.6.4/watercolor-benchmark/WC-03/rollback/WC-03-rollback.png,qa/validation/Validation/v1.6.4/watercolor-benchmark/WC-03/rollback/WC-03-rollback.png,QA,268847,fc121673317f9c174ff802d5850b91c0820ea6ea703c6502d29df42d97dd17c5,COPIED
INK_Core_Main_Program_v1.6.5_RC/Validation/v1.6.4/watercolor-benchmark/WC-03/rollback/WC-03-rollback.svg,qa/validation/Validation/v1.6.4/watercolor-benchmark/WC-03/rollback/WC-03-rollback.svg,QA,419261,9cc41d643ae4457ea89e9c88e7e4f9a78801a3e7ac9bb9f5806b627c246b8b4b,COPIED
INK_Core_Main_Program_v1.6.5_RC/Validation/v1.6.4/watercolor-benchmark/WC-04/comparisons/result-vs-modified.difference.png,qa/validation/Validation/v1.6.4/watercolor-benchmark/WC-04/comparisons/result-vs-modified.difference.png,QA,23220,501838727e9bd0427b968b1de5b8579e0ce6aeebe9508ed087751f53e2481ca0,COPIED
INK_Core_Main_Program_v1.6.5_RC/Validation/v1.6.4/watercolor-benchmark/WC-04/comparisons/result-vs-modified.metrics.json,qa/validation/Validation/v1.6.4/watercolor-benchmark/WC-04/comparisons/result-vs-modified.metrics.json,QA,144,95437eefc7abad35e805ac0a672195c40abe503d1875bdbe417a203cdb8841cd,COPIED
INK_Core_Main_Program_v1.6.5_RC/Validation/v1.6.4/watercolor-benchmark/WC-04/comparisons/result-vs-modified.overlay.png,qa/validation/Validation/v1.6.4/watercolor-benchmark/WC-04/comparisons/result-vs-modified.overlay.png,QA,188963,c503dad87fe2987487728af340213687f27fe0e50a04f3d0f8360a5c53e791aa,COPIED
INK_Core_Main_Program_v1.6.5_RC/Validation/v1.6.4/watercolor-benchmark/WC-04/comparisons/result-vs-modified.side-by-side.png,qa/validation/Validation/v1.6.4/watercolor-benchmark/WC-04/comparisons/result-vs-modified.side-by-side.png,QA,234841,5d57163ae7df896a46d822d4bc8c0248869bbebd924ca70bceb31e0401fc6371,COPIED
INK_Core_Main_Program_v1.6.5_RC/Validation/v1.6.4/watercolor-benchmark/WC-04/comparisons/result-vs-rerun.difference.png,qa/validation/Validation/v1.6.4/watercolor-benchmark/WC-04/comparisons/result-vs-rerun.difference.png,QA,5113,151a41ec768c16d1c5bb9b1e477f5641663ef67ebf26d9b1dfde0982292fdd94,COPIED
INK_Core_Main_Program_v1.6.5_RC/Validation/v1.6.4/watercolor-benchmark/WC-04/comparisons/result-vs-rerun.metrics.json,qa/validation/Validation/v1.6.4/watercolor-benchmark/WC-04/comparisons/result-vs-rerun.metrics.json,QA,122,4fb83c1fc04eafeeeb81aafc2d4cff5ca4bd40964e5944803d8580565fc46275,COPIED
INK_Core_Main_Program_v1.6.5_RC/Validation/v1.6.4/watercolor-benchmark/WC-04/comparisons/result-vs-rerun.overlay.png,qa/validation/Validation/v1.6.4/watercolor-benchmark/WC-04/comparisons/result-vs-rerun.overlay.png,QA,183542,335f8ea01b1531735aaee9f1d3b5c52023a283d62a7785755da88f0a1cdfbf5f,COPIED
INK_Core_Main_Program_v1.6.5_RC/Validation/v1.6.4/watercolor-benchmark/WC-04/comparisons/result-vs-rerun.side-by-side.png,qa/validation/Validation/v1.6.4/watercolor-benchmark/WC-04/comparisons/result-vs-rerun.side-by-side.png,QA,203694,80ce916546db17cf6cbfb9b6072a38e085ec68e0faa2429aac53ae7f5e1e32db,COPIED
INK_Core_Main_Program_v1.6.5_RC/Validation/v1.6.4/watercolor-benchmark/WC-04/comparisons/result-vs-rollback.difference.png,qa/validation/Validation/v1.6.4/watercolor-benchmark/WC-04/comparisons/result-vs-rollback.difference.png,QA,5113,151a41ec768c16d1c5bb9b1e477f5641663ef67ebf26d9b1dfde0982292fdd94,COPIED
INK_Core_Main_Program_v1.6.5_RC/Validation/v1.6.4/watercolor-benchmark/WC-04/comparisons/result-vs-rollback.metrics.json,qa/validation/Validation/v1.6.4/watercolor-benchmark/WC-04/comparisons/result-vs-rollback.metrics.json,QA,122,4fb83c1fc04eafeeeb81aafc2d4cff5ca4bd40964e5944803d8580565fc46275,COPIED
INK_Core_Main_Program_v1.6.5_RC/Validation/v1.6.4/watercolor-benchmark/WC-04/comparisons/result-vs-rollback.overlay.png,qa/validation/Validation/v1.6.4/watercolor-benchmark/WC-04/comparisons/result-vs-rollback.overlay.png,QA,183542,335f8ea01b1531735aaee9f1d3b5c52023a283d62a7785755da88f0a1cdfbf5f,COPIED
INK_Core_Main_Program_v1.6.5_RC/Validation/v1.6.4/watercolor-benchmark/WC-04/comparisons/result-vs-rollback.side-by-side.png,qa/validation/Validation/v1.6.4/watercolor-benchmark/WC-04/comparisons/result-vs-rollback.side-by-side.png,QA,203694,80ce916546db17cf6cbfb9b6072a38e085ec68e0faa2429aac53ae7f5e1e32db,COPIED
INK_Core_Main_Program_v1.6.5_RC/Validation/v1.6.4/watercolor-benchmark/WC-04/execution.log,qa/validation/Validation/v1.6.4/watercolor-benchmark/WC-04/execution.log,QA,321,85f53a0c9a3f59d7ad3760caed0abf406534f0eeb92dbe320bbecad7599985be,COPIED
INK_Core_Main_Program_v1.6.5_RC/Validation/v1.6.4/watercolor-benchmark/WC-04/modified/WC-04-modified.document.json,qa/validation/Validation/v1.6.4/watercolor-benchmark/WC-04/modified/WC-04-modified.document.json,QA,1695626,9a14b4f1220889adc7d686cfe9f0bfd01ff489fd58a63eab2197eb435df3be39,COPIED
INK_Core_Main_Program_v1.6.5_RC/Validation/v1.6.4/watercolor-benchmark/WC-04/modified/WC-04-modified.export.json,qa/validation/Validation/v1.6.4/watercolor-benchmark/WC-04/modified/WC-04-modified.export.json,QA,1446,c6e4fe92c948b38ab85c1edbea1e68aa1f4cb07a0635626c60f65386fe11fb60,COPIED
INK_Core_Main_Program_v1.6.5_RC/Validation/v1.6.4/watercolor-benchmark/WC-04/modified/WC-04-modified.headless.json,qa/validation/Validation/v1.6.4/watercolor-benchmark/WC-04/modified/WC-04-modified.headless.json,QA,6932,5ea78acc82a92c6480488d592c72f95fc139f60822ab59020a09664ca4aaf773,COPIED
INK_Core_Main_Program_v1.6.5_RC/Validation/v1.6.4/watercolor-benchmark/WC-04/modified/WC-04-modified.png,qa/validation/Validation/v1.6.4/watercolor-benchmark/WC-04/modified/WC-04-modified.png,QA,182773,57317db44a8b167098c0f3158f2d1314980b8d6e249ff8a4cd75c4547cb33505,COPIED
INK_Core_Main_Program_v1.6.5_RC/Validation/v1.6.4/watercolor-benchmark/WC-04/modified/WC-04-modified.svg,qa/validation/Validation/v1.6.4/watercolor-benchmark/WC-04/modified/WC-04-modified.svg,QA,313371,10d6a5ecae891cde82fc35b516fa4cd84f4e8aab4843767ffe0f17036c456a89,COPIED
INK_Core_Main_Program_v1.6.5_RC/Validation/v1.6.4/watercolor-benchmark/WC-04/rerun/WC-04-rerun.document.json,qa/validation/Validation/v1.6.4/watercolor-benchmark/WC-04/rerun/WC-04-rerun.document.json,QA,1695599,3b79a4206b11b247a3fb10efc2bd10e8daf6c0aa3f6aad6d97b8cb6519679b97,COPIED
INK_Core_Main_Program_v1.6.5_RC/Validation/v1.6.4/watercolor-benchmark/WC-04/rerun/WC-04-rerun.export.json,qa/validation/Validation/v1.6.4/watercolor-benchmark/WC-04/rerun/WC-04-rerun.export.json,QA,1428,932550628c2312e181452393bcd58e658818b77c43039428cd7f8681ddfb0203,COPIED
INK_Core_Main_Program_v1.6.5_RC/Validation/v1.6.4/watercolor-benchmark/WC-04/rerun/WC-04-rerun.headless.json,qa/validation/Validation/v1.6.4/watercolor-benchmark/WC-04/rerun/WC-04-rerun.headless.json,QA,6926,eb96c9bdb0d8b4193817672e716512f88daa04db0ca65cf3bc9defd1c709dc2d,COPIED
INK_Core_Main_Program_v1.6.5_RC/Validation/v1.6.4/watercolor-benchmark/WC-04/rerun/WC-04-rerun.png,qa/validation/Validation/v1.6.4/watercolor-benchmark/WC-04/rerun/WC-04-rerun.png,QA,183542,335f8ea01b1531735aaee9f1d3b5c52023a283d62a7785755da88f0a1cdfbf5f,COPIED
INK_Core_Main_Program_v1.6.5_RC/Validation/v1.6.4/watercolor-benchmark/WC-04/rerun/WC-04-rerun.svg,qa/validation/Validation/v1.6.4/watercolor-benchmark/WC-04/rerun/WC-04-rerun.svg,QA,313389,40cf9a8fe1a09a3622cf369308872d185080bb4fdb04909ccf1a6b1aceb62115,COPIED
INK_Core_Main_Program_v1.6.5_RC/Validation/v1.6.4/watercolor-benchmark/WC-04/result/WC-04-result.document.json,qa/validation/Validation/v1.6.4/watercolor-benchmark/WC-04/result/WC-04-result.document.json,QA,1695599,3b79a4206b11b247a3fb10efc2bd10e8daf6c0aa3f6aad6d97b8cb6519679b97,COPIED
INK_Core_Main_Program_v1.6.5_RC/Validation/v1.6.4/watercolor-benchmark/WC-04/result/WC-04-result.export.json,qa/validation/Validation/v1.6.4/watercolor-benchmark/WC-04/result/WC-04-result.export.json,QA,1434,664e02e6347b6375b2cf1b90d68d4bef8e9c66313a3d4ade29ac50a7a4a22bb5,COPIED
INK_Core_Main_Program_v1.6.5_RC/Validation/v1.6.4/watercolor-benchmark/WC-04/result/WC-04-result.headless.json,qa/validation/Validation/v1.6.4/watercolor-benchmark/WC-04/result/WC-04-result.headless.json,QA,6928,fc773eeaf25630cb47f60c5df3892eb9657bdea68c693dadf78d72f60e89e344,COPIED
INK_Core_Main_Program_v1.6.5_RC/Validation/v1.6.4/watercolor-benchmark/WC-04/result/WC-04-result.png,qa/validation/Validation/v1.6.4/watercolor-benchmark/WC-04/result/WC-04-result.png,QA,183542,335f8ea01b1531735aaee9f1d3b5c52023a283d62a7785755da88f0a1cdfbf5f,COPIED
INK_Core_Main_Program_v1.6.5_RC/Validation/v1.6.4/watercolor-benchmark/WC-04/result/WC-04-result.svg,qa/validation/Validation/v1.6.4/watercolor-benchmark/WC-04/result/WC-04-result.svg,QA,313389,40cf9a8fe1a09a3622cf369308872d185080bb4fdb04909ccf1a6b1aceb62115,COPIED
INK_Core_Main_Program_v1.6.5_RC/Validation/v1.6.4/watercolor-benchmark/WC-04/result.json,qa/validation/Validation/v1.6.4/watercolor-benchmark/WC-04/result.json,QA,30313,bfa7d70d873c887e1600255b123e487d37d2befd75af0527055abb76dcebbb04,COPIED
INK_Core_Main_Program_v1.6.5_RC/Validation/v1.6.4/watercolor-benchmark/WC-04/rollback/WC-04-rollback.document.json,qa/validation/Validation/v1.6.4/watercolor-benchmark/WC-04/rollback/WC-04-rollback.document.json,QA,1695599,3b79a4206b11b247a3fb10efc2bd10e8daf6c0aa3f6aad6d97b8cb6519679b97,COPIED
INK_Core_Main_Program_v1.6.5_RC/Validation/v1.6.4/watercolor-benchmark/WC-04/rollback/WC-04-rollback.export.json,qa/validation/Validation/v1.6.4/watercolor-benchmark/WC-04/rollback/WC-04-rollback.export.json,QA,1446,bbbda277e1c5c0f116108a4361cc661bc5d69ec80ba45816583a300d58243d11,COPIED
INK_Core_Main_Program_v1.6.5_RC/Validation/v1.6.4/watercolor-benchmark/WC-04/rollback/WC-04-rollback.headless.json,qa/validation/Validation/v1.6.4/watercolor-benchmark/WC-04/rollback/WC-04-rollback.headless.json,QA,6932,1906aea1fbbc33fff90c661bbd2425bb273416aba0bb0391f29d212cff3f1eef,COPIED
INK_Core_Main_Program_v1.6.5_RC/Validation/v1.6.4/watercolor-benchmark/WC-04/rollback/WC-04-rollback.png,qa/validation/Validation/v1.6.4/watercolor-benchmark/WC-04/rollback/WC-04-rollback.png,QA,183542,335f8ea01b1531735aaee9f1d3b5c52023a283d62a7785755da88f0a1cdfbf5f,COPIED
INK_Core_Main_Program_v1.6.5_RC/Validation/v1.6.4/watercolor-benchmark/WC-04/rollback/WC-04-rollback.svg,qa/validation/Validation/v1.6.4/watercolor-benchmark/WC-04/rollback/WC-04-rollback.svg,QA,313389,40cf9a8fe1a09a3622cf369308872d185080bb4fdb04909ccf1a6b1aceb62115,COPIED
INK_Core_Main_Program_v1.6.5_RC/Validation/v1.6.4/watercolor-benchmark/WC-05/comparisons/result-vs-modified.difference.png,qa/validation/Validation/v1.6.4/watercolor-benchmark/WC-05/comparisons/result-vs-modified.difference.png,QA,20916,916655105e88dbc88bf24009d9b9b03d68d33d5c9852f2c30d91397d662478ad,COPIED
INK_Core_Main_Program_v1.6.5_RC/Validation/v1.6.4/watercolor-benchmark/WC-05/comparisons/result-vs-modified.metrics.json,qa/validation/Validation/v1.6.4/watercolor-benchmark/WC-05/comparisons/result-vs-modified.metrics.json,QA,145,f57b555279fe9e0be8c03b24d488274af3963d8de808b79debdb3677ba198d40,COPIED
INK_Core_Main_Program_v1.6.5_RC/Validation/v1.6.4/watercolor-benchmark/WC-05/comparisons/result-vs-modified.overlay.png,qa/validation/Validation/v1.6.4/watercolor-benchmark/WC-05/comparisons/result-vs-modified.overlay.png,QA,459030,5428a736a33e354ce5a8aec98866913bfbaea83a16154fc938692237dd80d433,COPIED
INK_Core_Main_Program_v1.6.5_RC/Validation/v1.6.4/watercolor-benchmark/WC-05/comparisons/result-vs-modified.side-by-side.png,qa/validation/Validation/v1.6.4/watercolor-benchmark/WC-05/comparisons/result-vs-modified.side-by-side.png,QA,873396,8303d1e0730421134d63e42436d54c38ad728cb52978ee01a51abcb40505097d,COPIED
INK_Core_Main_Program_v1.6.5_RC/Validation/v1.6.4/watercolor-benchmark/WC-05/comparisons/result-vs-rerun.difference.png,qa/validation/Validation/v1.6.4/watercolor-benchmark/WC-05/comparisons/result-vs-rerun.difference.png,QA,5113,151a41ec768c16d1c5bb9b1e477f5641663ef67ebf26d9b1dfde0982292fdd94,COPIED
INK_Core_Main_Program_v1.6.5_RC/Validation/v1.6.4/watercolor-benchmark/WC-05/comparisons/result-vs-rerun.metrics.json,qa/validation/Validation/v1.6.4/watercolor-benchmark/WC-05/comparisons/result-vs-rerun.metrics.json,QA,122,4fb83c1fc04eafeeeb81aafc2d4cff5ca4bd40964e5944803d8580565fc46275,COPIED
INK_Core_Main_Program_v1.6.5_RC/Validation/v1.6.4/watercolor-benchmark/WC-05/comparisons/result-vs-rerun.overlay.png,qa/validation/Validation/v1.6.4/watercolor-benchmark/WC-05/comparisons/result-vs-rerun.overlay.png,QA,457902,ef7409c6d557056affa1389759aa451fa04e373fa69e4cbec392de80b75c9375,COPIED
INK_Core_Main_Program_v1.6.5_RC/Validation/v1.6.4/watercolor-benchmark/WC-05/comparisons/result-vs-rerun.side-by-side.png,qa/validation/Validation/v1.6.4/watercolor-benchmark/WC-05/comparisons/result-vs-rerun.side-by-side.png,QA,486437,ae3b3de88cba6ea9bbb7a5afb067fdfd909b2699729ace32ae9f7f08c110e112,COPIED
INK_Core_Main_Program_v1.6.5_RC/Validation/v1.6.4/watercolor-benchmark/WC-05/comparisons/result-vs-rollback.difference.png,qa/validation/Validation/v1.6.4/watercolor-benchmark/WC-05/comparisons/result-vs-rollback.difference.png,QA,5113,151a41ec768c16d1c5bb9b1e477f5641663ef67ebf26d9b1dfde0982292fdd94,COPIED
INK_Core_Main_Program_v1.6.5_RC/Validation/v1.6.4/watercolor-benchmark/WC-05/comparisons/result-vs-rollback.metrics.json,qa/validation/Validation/v1.6.4/watercolor-benchmark/WC-05/comparisons/result-vs-rollback.metrics.json,QA,122,4fb83c1fc04eafeeeb81aafc2d4cff5ca4bd40964e5944803d8580565fc46275,COPIED
INK_Core_Main_Program_v1.6.5_RC/Validation/v1.6.4/watercolor-benchmark/WC-05/comparisons/result-vs-rollback.overlay.png,qa/validation/Validation/v1.6.4/watercolor-benchmark/WC-05/comparisons/result-vs-rollback.overlay.png,QA,457902,ef7409c6d557056affa1389759aa451fa04e373fa69e4cbec392de80b75c9375,COPIED
INK_Core_Main_Program_v1.6.5_RC/Validation/v1.6.4/watercolor-benchmark/WC-05/comparisons/result-vs-rollback.side-by-side.png,qa/validation/Validation/v1.6.4/watercolor-benchmark/WC-05/comparisons/result-vs-rollback.side-by-side.png,QA,486437,ae3b3de88cba6ea9bbb7a5afb067fdfd909b2699729ace32ae9f7f08c110e112,COPIED
INK_Core_Main_Program_v1.6.5_RC/Validation/v1.6.4/watercolor-benchmark/WC-05/execution.log,qa/validation/Validation/v1.6.4/watercolor-benchmark/WC-05/execution.log,QA,321,3c7701275d57b5673cca5a0284ebb664849e61bdb65feadcad509d851198b9cc,COPIED
INK_Core_Main_Program_v1.6.5_RC/Validation/v1.6.4/watercolor-benchmark/WC-05/modified/WC-05-modified.document.json,qa/validation/Validation/v1.6.4/watercolor-benchmark/WC-05/modified/WC-05-modified.document.json,QA,4209481,18a7f89c69f957caf30dd4572162f3dae1e85c9eda58952b8b84d4a9732a9de2,COPIED
INK_Core_Main_Program_v1.6.5_RC/Validation/v1.6.4/watercolor-benchmark/WC-05/modified/WC-05-modified.export.json,qa/validation/Validation/v1.6.4/watercolor-benchmark/WC-05/modified/WC-05-modified.export.json,QA,1447,d109cdcb7d335d0cc5a533c15ea9bfe391720323d39f45272a00d4dae7ac6f7b,COPIED
INK_Core_Main_Program_v1.6.5_RC/Validation/v1.6.4/watercolor-benchmark/WC-05/modified/WC-05-modified.headless.json,qa/validation/Validation/v1.6.4/watercolor-benchmark/WC-05/modified/WC-05-modified.headless.json,QA,6935,8c93a4d8239dbfa8977da35694ed9d3f931bceba6df8ac29394fb7d566012035,COPIED
INK_Core_Main_Program_v1.6.5_RC/Validation/v1.6.4/watercolor-benchmark/WC-05/modified/WC-05-modified.png,qa/validation/Validation/v1.6.4/watercolor-benchmark/WC-05/modified/WC-05-modified.png,QA,452322,984585f566e747737f113d34cb559f9e1e5c9ead3394209f435e869ccf4ee20c,COPIED
INK_Core_Main_Program_v1.6.5_RC/Validation/v1.6.4/watercolor-benchmark/WC-05/modified/WC-05-modified.svg,qa/validation/Validation/v1.6.4/watercolor-benchmark/WC-05/modified/WC-05-modified.svg,QA,776296,dfdeeee60b2518eb445bc8ab915a779fee1dc3df111999f673c9d9065fa6597c,COPIED
INK_Core_Main_Program_v1.6.5_RC/Validation/v1.6.4/watercolor-benchmark/WC-05/rerun/WC-05-rerun.document.json,qa/validation/Validation/v1.6.4/watercolor-benchmark/WC-05/rerun/WC-05-rerun.document.json,QA,4209495,82e499f5f6da9a8eef5d4445e6bbe111e46fc3259dbc77d7b8464b161b899302,COPIED
INK_Core_Main_Program_v1.6.5_RC/Validation/v1.6.4/watercolor-benchmark/WC-05/rerun/WC-05-rerun.export.json,qa/validation/Validation/v1.6.4/watercolor-benchmark/WC-05/rerun/WC-05-rerun.export.json,QA,1428,3b52b16079e2ba5198083b45dad1daac034d3de64d577257e1adf0b6ee722087,COPIED
INK_Core_Main_Program_v1.6.5_RC/Validation/v1.6.4/watercolor-benchmark/WC-05/rerun/WC-05-rerun.headless.json,qa/validation/Validation/v1.6.4/watercolor-benchmark/WC-05/rerun/WC-05-rerun.headless.json,QA,6926,5313d72764e9caa820b10555d80b64f4c7b4bc65a247fd2279b33ccca1eee5e4,COPIED
INK_Core_Main_Program_v1.6.5_RC/Validation/v1.6.4/watercolor-benchmark/WC-05/rerun/WC-05-rerun.png,qa/validation/Validation/v1.6.4/watercolor-benchmark/WC-05/rerun/WC-05-rerun.png,QA,457902,ef7409c6d557056affa1389759aa451fa04e373fa69e4cbec392de80b75c9375,COPIED
INK_Core_Main_Program_v1.6.5_RC/Validation/v1.6.4/watercolor-benchmark/WC-05/rerun/WC-05-rerun.svg,qa/validation/Validation/v1.6.4/watercolor-benchmark/WC-05/rerun/WC-05-rerun.svg,QA,776288,8b01a98007bacdbe5758647b8c24c9c329b0ae06c2f675803a7a18ddf11eacd5,COPIED
INK_Core_Main_Program_v1.6.5_RC/Validation/v1.6.4/watercolor-benchmark/WC-05/result/WC-05-result.document.json,qa/validation/Validation/v1.6.4/watercolor-benchmark/WC-05/result/WC-05-result.document.json,QA,4209495,8a29e77b0eb4b3d9f4fde87268c8d6a8bb746e50052625d8b8b558048370b850,COPIED
INK_Core_Main_Program_v1.6.5_RC/Validation/v1.6.4/watercolor-benchmark/WC-05/result/WC-05-result.export.json,qa/validation/Validation/v1.6.4/watercolor-benchmark/WC-05/result/WC-05-result.export.json,QA,1435,9885791d58ba74e1f0a48b9a57f759fa57b6008506639613ea4dc33524000f62,COPIED
INK_Core_Main_Program_v1.6.5_RC/Validation/v1.6.4/watercolor-benchmark/WC-05/result/WC-05-result.headless.json,qa/validation/Validation/v1.6.4/watercolor-benchmark/WC-05/result/WC-05-result.headless.json,QA,6930,bea1e629dba8f0fb6f2090589509794ddd2794a686afca25020d980b1d1bfe92,COPIED
INK_Core_Main_Program_v1.6.5_RC/Validation/v1.6.4/watercolor-benchmark/WC-05/result/WC-05-result.png,qa/validation/Validation/v1.6.4/watercolor-benchmark/WC-05/result/WC-05-result.png,QA,457902,ef7409c6d557056affa1389759aa451fa04e373fa69e4cbec392de80b75c9375,COPIED
INK_Core_Main_Program_v1.6.5_RC/Validation/v1.6.4/watercolor-benchmark/WC-05/result/WC-05-result.svg,qa/validation/Validation/v1.6.4/watercolor-benchmark/WC-05/result/WC-05-result.svg,QA,776288,8b01a98007bacdbe5758647b8c24c9c329b0ae06c2f675803a7a18ddf11eacd5,COPIED
INK_Core_Main_Program_v1.6.5_RC/Validation/v1.6.4/watercolor-benchmark/WC-05/result.json,qa/validation/Validation/v1.6.4/watercolor-benchmark/WC-05/result.json,QA,95129,8cc81964855f1387b04377d41697f862283aee4ccd9a35e3b22741783d933fa4,COPIED
INK_Core_Main_Program_v1.6.5_RC/Validation/v1.6.4/watercolor-benchmark/WC-05/rollback/WC-05-rollback.document.json,qa/validation/Validation/v1.6.4/watercolor-benchmark/WC-05/rollback/WC-05-rollback.document.json,QA,4209495,99c1bdf2ab59b1a06a1e3374b9af0fa48564b0817ff22b61bdd431911489ad61,COPIED
INK_Core_Main_Program_v1.6.5_RC/Validation/v1.6.4/watercolor-benchmark/WC-05/rollback/WC-05-rollback.export.json,qa/validation/Validation/v1.6.4/watercolor-benchmark/WC-05/rollback/WC-05-rollback.export.json,QA,1447,05e6288e740afb4ece992fa1ed9233f7f2c56c7a9cfb31911fa376405e9ef612,COPIED
INK_Core_Main_Program_v1.6.5_RC/Validation/v1.6.4/watercolor-benchmark/WC-05/rollback/WC-05-rollback.headless.json,qa/validation/Validation/v1.6.4/watercolor-benchmark/WC-05/rollback/WC-05-rollback.headless.json,QA,6935,2d2ae193e2ef74f66f7f4172eae29c5a9f49ca474843f291a0a95a22d66efa09,COPIED
INK_Core_Main_Program_v1.6.5_RC/Validation/v1.6.4/watercolor-benchmark/WC-05/rollback/WC-05-rollback.png,qa/validation/Validation/v1.6.4/watercolor-benchmark/WC-05/rollback/WC-05-rollback.png,QA,457902,ef7409c6d557056affa1389759aa451fa04e373fa69e4cbec392de80b75c9375,COPIED
INK_Core_Main_Program_v1.6.5_RC/Validation/v1.6.4/watercolor-benchmark/WC-05/rollback/WC-05-rollback.svg,qa/validation/Validation/v1.6.4/watercolor-benchmark/WC-05/rollback/WC-05-rollback.svg,QA,776288,8b01a98007bacdbe5758647b8c24c9c329b0ae06c2f675803a7a18ddf11eacd5,COPIED
INK_Core_Main_Program_v1.6.5_RC/Validation/v1.6.4/watercolor-benchmark/batch-summary.json,qa/validation/Validation/v1.6.4/watercolor-benchmark/batch-summary.json,QA,232572,6f0c28287560d8ffd38ee99f351b45f3a3b96fc3406f8e48ca9d8361d51442ce,COPIED
INK_Core_Main_Program_v1.6.5_RC/Validation/v1.6.5/HERO-Dependency-Scope/HERO-WC-01/HERO_Structure_Analysis.json,qa/validation/Validation/v1.6.5/HERO-Dependency-Scope/HERO-WC-01/HERO_Structure_Analysis.json,QA,1743,a629637d9bf62ec9504fb87c802437515890e1422b4f336a2ee63d3284bcd154,COPIED
INK_Core_Main_Program_v1.6.5_RC/Validation/v1.6.5/HERO-Dependency-Scope/HERO-WC-01/HERO_WC_01_Result.json,qa/validation/Validation/v1.6.5/HERO-Dependency-Scope/HERO-WC-01/HERO_WC_01_Result.json,QA,50471344,e5905e1a45c2ab163279d3936e57893c39125a282088ef56419ca4060e120193,COPIED
INK_Core_Main_Program_v1.6.5_RC/Validation/v1.6.5/HERO-Dependency-Scope/HERO-WC-01/HERO_Watercolor_Flower_Recipe_v0.1.json,qa/validation/Validation/v1.6.5/HERO-Dependency-Scope/HERO-WC-01/HERO_Watercolor_Flower_Recipe_v0.1.json,QA,3613,e8f9f94fed8d5d27c994d81f1052f298a2ddb0c510964dfa2fb2d80c7b49784a,COPIED
INK_Core_Main_Program_v1.6.5_RC/Validation/v1.6.5/HERO-Dependency-Scope/HERO-WC-01/Layer_Dependency_Summary.json,qa/validation/Validation/v1.6.5/HERO-Dependency-Scope/HERO-WC-01/Layer_Dependency_Summary.json,QA,6272973,76178b0c9f2099caa532331eb1ea8f4e5e8f839f6781d32b13a585b08d6d7e25,COPIED
INK_Core_Main_Program_v1.6.5_RC/Validation/v1.6.5/HERO-Dependency-Scope/HERO-WC-01/comparisons/Round1-vs-Rerun.difference.png,qa/validation/Validation/v1.6.5/HERO-Dependency-Scope/HERO-WC-01/comparisons/Round1-vs-Rerun.difference.png,QA,4747,53179c3b31448c3fddf4528b5ae946b206506f40c26759d0057306cdbf2d13d8,COPIED
INK_Core_Main_Program_v1.6.5_RC/Validation/v1.6.5/HERO-Dependency-Scope/HERO-WC-01/comparisons/Round1-vs-Rerun.metrics.json,qa/validation/Validation/v1.6.5/HERO-Dependency-Scope/HERO-WC-01/comparisons/Round1-vs-Rerun.metrics.json,QA,122,26dd482a089c8a93dcae10964edf22e1787637c3a08a8d0c9641227f3bfc5c3a,COPIED
INK_Core_Main_Program_v1.6.5_RC/Validation/v1.6.5/HERO-Dependency-Scope/HERO-WC-01/comparisons/Round1-vs-Rerun.overlay.png,qa/validation/Validation/v1.6.5/HERO-Dependency-Scope/HERO-WC-01/comparisons/Round1-vs-Rerun.overlay.png,QA,487298,31c3a128875371f87301c0ac30318c3f3dc3bc1274800bde054f7bfff2ae4046,COPIED
INK_Core_Main_Program_v1.6.5_RC/Validation/v1.6.5/HERO-Dependency-Scope/HERO-WC-01/comparisons/Round1-vs-Rerun.side-by-side.png,qa/validation/Validation/v1.6.5/HERO-Dependency-Scope/HERO-WC-01/comparisons/Round1-vs-Rerun.side-by-side.png,QA,516914,49b07579b80a343cc95d3b302a8e339adc5e08826a8dd3c32d4afc5dae46f15d,COPIED
INK_Core_Main_Program_v1.6.5_RC/Validation/v1.6.5/HERO-Dependency-Scope/HERO-WC-01/comparisons/Round1-vs-Rollback.difference.png,qa/validation/Validation/v1.6.5/HERO-Dependency-Scope/HERO-WC-01/comparisons/Round1-vs-Rollback.difference.png,QA,4747,53179c3b31448c3fddf4528b5ae946b206506f40c26759d0057306cdbf2d13d8,COPIED
INK_Core_Main_Program_v1.6.5_RC/Validation/v1.6.5/HERO-Dependency-Scope/HERO-WC-01/comparisons/Round1-vs-Rollback.metrics.json,qa/validation/Validation/v1.6.5/HERO-Dependency-Scope/HERO-WC-01/comparisons/Round1-vs-Rollback.metrics.json,QA,122,26dd482a089c8a93dcae10964edf22e1787637c3a08a8d0c9641227f3bfc5c3a,COPIED
INK_Core_Main_Program_v1.6.5_RC/Validation/v1.6.5/HERO-Dependency-Scope/HERO-WC-01/comparisons/Round1-vs-Rollback.overlay.png,qa/validation/Validation/v1.6.5/HERO-Dependency-Scope/HERO-WC-01/comparisons/Round1-vs-Rollback.overlay.png,QA,487298,31c3a128875371f87301c0ac30318c3f3dc3bc1274800bde054f7bfff2ae4046,COPIED
INK_Core_Main_Program_v1.6.5_RC/Validation/v1.6.5/HERO-Dependency-Scope/HERO-WC-01/comparisons/Round1-vs-Rollback.side-by-side.png,qa/validation/Validation/v1.6.5/HERO-Dependency-Scope/HERO-WC-01/comparisons/Round1-vs-Rollback.side-by-side.png,QA,516914,49b07579b80a343cc95d3b302a8e339adc5e08826a8dd3c32d4afc5dae46f15d,COPIED
INK_Core_Main_Program_v1.6.5_RC/Validation/v1.6.5/HERO-Dependency-Scope/HERO-WC-01/comparisons/Round1-vs-Round2.difference.png,qa/validation/Validation/v1.6.5/HERO-Dependency-Scope/HERO-WC-01/comparisons/Round1-vs-Round2.difference.png,QA,171997,6d72e6acc64ae3b3a4ed911c5b28f8c86735fe31004851c2d2ab378aadfc4127,COPIED
INK_Core_Main_Program_v1.6.5_RC/Validation/v1.6.5/HERO-Dependency-Scope/HERO-WC-01/comparisons/Round1-vs-Round2.metrics.json,qa/validation/Validation/v1.6.5/HERO-Dependency-Scope/HERO-WC-01/comparisons/Round1-vs-Round2.metrics.json,QA,144,e0429b979038b295b1ca6281b8dd46d3cd76e77b059d186ee46645ef990a4cf0,COPIED
INK_Core_Main_Program_v1.6.5_RC/Validation/v1.6.5/HERO-Dependency-Scope/HERO-WC-01/comparisons/Round1-vs-Round2.overlay.png,qa/validation/Validation/v1.6.5/HERO-Dependency-Scope/HERO-WC-01/comparisons/Round1-vs-Round2.overlay.png,QA,519963,641eed42bbb3653a817cb89d261b78d5c5866f062278f4b6f838b8b9483753f9,COPIED
INK_Core_Main_Program_v1.6.5_RC/Validation/v1.6.5/HERO-Dependency-Scope/HERO-WC-01/comparisons/Round1-vs-Round2.side-by-side.png,qa/validation/Validation/v1.6.5/HERO-Dependency-Scope/HERO-WC-01/comparisons/Round1-vs-Round2.side-by-side.png,QA,892998,69c6614da4b0a41f6116e85b056f2f083e791913922837d565861391ef2f3f9e,COPIED
INK_Core_Main_Program_v1.6.5_RC/Validation/v1.6.5/HERO-Dependency-Scope/HERO-WC-01/comparisons/Round2-vs-Round3.difference.png,qa/validation/Validation/v1.6.5/HERO-Dependency-Scope/HERO-WC-01/comparisons/Round2-vs-Round3.difference.png,QA,93819,42489f9cadd1c9ae907fca31f4349d2d9f8bbbc4bc4e7a820af330f4de07ba6a,COPIED
INK_Core_Main_Program_v1.6.5_RC/Validation/v1.6.5/HERO-Dependency-Scope/HERO-WC-01/comparisons/Round2-vs-Round3.metrics.json,qa/validation/Validation/v1.6.5/HERO-Dependency-Scope/HERO-WC-01/comparisons/Round2-vs-Round3.metrics.json,QA,145,8efc2ec3a82ec272f37334505dd9002cd2a0b6863189db8ae78da4d648cd08e4,COPIED
INK_Core_Main_Program_v1.6.5_RC/Validation/v1.6.5/HERO-Dependency-Scope/HERO-WC-01/comparisons/Round2-vs-Round3.overlay.png,qa/validation/Validation/v1.6.5/HERO-Dependency-Scope/HERO-WC-01/comparisons/Round2-vs-Round3.overlay.png,QA,475532,177bbd2e206c8fd4224c72ffa48f5187a04f7778815e2a40651290c8d8138614,COPIED
INK_Core_Main_Program_v1.6.5_RC/Validation/v1.6.5/HERO-Dependency-Scope/HERO-WC-01/comparisons/Round2-vs-Round3.side-by-side.png,qa/validation/Validation/v1.6.5/HERO-Dependency-Scope/HERO-WC-01/comparisons/Round2-vs-Round3.side-by-side.png,QA,926709,ba4b65a6d7aaea9076b08fea978cdae5b7872ebe42c608e43c5076ffb0b13390,COPIED
INK_Core_Main_Program_v1.6.5_RC/Validation/v1.6.5/HERO-Dependency-Scope/HERO-WC-01/outputs/Rollback-Round-1/Rollback-Round-1.document.json,qa/validation/Validation/v1.6.5/HERO-Dependency-Scope/HERO-WC-01/outputs/Rollback-Round-1/Rollback-Round-1.document.json,QA,4621568,5993912bf1852c17838fa177e0972cc7dce574abb7466fe0b8f1223f4d002108,COPIED
INK_Core_Main_Program_v1.6.5_RC/Validation/v1.6.5/HERO-Dependency-Scope/HERO-WC-01/outputs/Rollback-Round-1/Rollback-Round-1.export.json,qa/validation/Validation/v1.6.5/HERO-Dependency-Scope/HERO-WC-01/outputs/Rollback-Round-1/Rollback-Round-1.export.json,QA,1519,6c63aa89cf29729dfd1bc924c1bf4fdca0a5ee6dd20963452c3a2bd408fa1e3e,COPIED
INK_Core_Main_Program_v1.6.5_RC/Validation/v1.6.5/HERO-Dependency-Scope/HERO-WC-01/outputs/Rollback-Round-1/Rollback-Round-1.headless.json,qa/validation/Validation/v1.6.5/HERO-Dependency-Scope/HERO-WC-01/outputs/Rollback-Round-1/Rollback-Round-1.headless.json,QA,6960,e945a782d8b03a19a75cc0ba023e8efe58bca30e050c2221b5a980966cc72c4e,COPIED
INK_Core_Main_Program_v1.6.5_RC/Validation/v1.6.5/HERO-Dependency-Scope/HERO-WC-01/outputs/Rollback-Round-1/Rollback-Round-1.png,qa/validation/Validation/v1.6.5/HERO-Dependency-Scope/HERO-WC-01/outputs/Rollback-Round-1/Rollback-Round-1.png,QA,487298,31c3a128875371f87301c0ac30318c3f3dc3bc1274800bde054f7bfff2ae4046,COPIED
INK_Core_Main_Program_v1.6.5_RC/Validation/v1.6.5/HERO-Dependency-Scope/HERO-WC-01/outputs/Rollback-Round-1/Rollback-Round-1.svg,qa/validation/Validation/v1.6.5/HERO-Dependency-Scope/HERO-WC-01/outputs/Rollback-Round-1/Rollback-Round-1.svg,QA,865646,297a97a5c3f4a9b7d791621f8729e0c4505f6fc77f573279b6f30116cc1b1b08,COPIED
INK_Core_Main_Program_v1.6.5_RC/Validation/v1.6.5/HERO-Dependency-Scope/HERO-WC-01/outputs/Round-1/Round-1.document.json,qa/validation/Validation/v1.6.5/HERO-Dependency-Scope/HERO-WC-01/outputs/Round-1/Round-1.document.json,QA,4621568,af63077ff5c64b7ef0c2a0f61aee7d6494c6fc7286a32697c5a12ef1ab19f053,COPIED
INK_Core_Main_Program_v1.6.5_RC/Validation/v1.6.5/HERO-Dependency-Scope/HERO-WC-01/outputs/Round-1/Round-1.export.json,qa/validation/Validation/v1.6.5/HERO-Dependency-Scope/HERO-WC-01/outputs/Round-1/Round-1.export.json,QA,1465,e8fa428f3908b595b546c8599f9843d265eefe300fef6d763d9e1ba7cd6e7422,COPIED
INK_Core_Main_Program_v1.6.5_RC/Validation/v1.6.5/HERO-Dependency-Scope/HERO-WC-01/outputs/Round-1/Round-1.headless.json,qa/validation/Validation/v1.6.5/HERO-Dependency-Scope/HERO-WC-01/outputs/Round-1/Round-1.headless.json,QA,6942,b957a191d1531f0fe24846d180221ea48267105eb2c769fec1e25ee58e1d7fa3,COPIED
INK_Core_Main_Program_v1.6.5_RC/Validation/v1.6.5/HERO-Dependency-Scope/HERO-WC-01/outputs/Round-1/Round-1.png,qa/validation/Validation/v1.6.5/HERO-Dependency-Scope/HERO-WC-01/outputs/Round-1/Round-1.png,QA,487298,31c3a128875371f87301c0ac30318c3f3dc3bc1274800bde054f7bfff2ae4046,COPIED
INK_Core_Main_Program_v1.6.5_RC/Validation/v1.6.5/HERO-Dependency-Scope/HERO-WC-01/outputs/Round-1/Round-1.svg,qa/validation/Validation/v1.6.5/HERO-Dependency-Scope/HERO-WC-01/outputs/Round-1/Round-1.svg,QA,865646,297a97a5c3f4a9b7d791621f8729e0c4505f6fc77f573279b6f30116cc1b1b08,COPIED
INK_Core_Main_Program_v1.6.5_RC/Validation/v1.6.5/HERO-Dependency-Scope/HERO-WC-01/outputs/Round-1-Rerun/Round-1-Rerun.document.json,qa/validation/Validation/v1.6.5/HERO-Dependency-Scope/HERO-WC-01/outputs/Round-1-Rerun/Round-1-Rerun.document.json,QA,4621568,cd1868f25a2b7fe9b42d161cf533cb34d581f462e93eb75d996eaf43245c3638,COPIED
INK_Core_Main_Program_v1.6.5_RC/Validation/v1.6.5/HERO-Dependency-Scope/HERO-WC-01/outputs/Round-1-Rerun/Round-1-Rerun.export.json,qa/validation/Validation/v1.6.5/HERO-Dependency-Scope/HERO-WC-01/outputs/Round-1-Rerun/Round-1-Rerun.export.json,QA,1501,cd2a5448bf352f641ad04f7bb71c6358a42c134debb1ebd96aaa94a666d00e53,COPIED
INK_Core_Main_Program_v1.6.5_RC/Validation/v1.6.5/HERO-Dependency-Scope/HERO-WC-01/outputs/Round-1-Rerun/Round-1-Rerun.headless.json,qa/validation/Validation/v1.6.5/HERO-Dependency-Scope/HERO-WC-01/outputs/Round-1-Rerun/Round-1-Rerun.headless.json,QA,6957,e90dded9f787b2c292cfad5faeb3c443027d1a9fed5040074fd8d2431b3857a0,COPIED
INK_Core_Main_Program_v1.6.5_RC/Validation/v1.6.5/HERO-Dependency-Scope/HERO-WC-01/outputs/Round-1-Rerun/Round-1-Rerun.png,qa/validation/Validation/v1.6.5/HERO-Dependency-Scope/HERO-WC-01/outputs/Round-1-Rerun/Round-1-Rerun.png,QA,487298,31c3a128875371f87301c0ac30318c3f3dc3bc1274800bde054f7bfff2ae4046,COPIED
INK_Core_Main_Program_v1.6.5_RC/Validation/v1.6.5/HERO-Dependency-Scope/HERO-WC-01/outputs/Round-1-Rerun/Round-1-Rerun.svg,qa/validation/Validation/v1.6.5/HERO-Dependency-Scope/HERO-WC-01/outputs/Round-1-Rerun/Round-1-Rerun.svg,QA,865646,297a97a5c3f4a9b7d791621f8729e0c4505f6fc77f573279b6f30116cc1b1b08,COPIED
INK_Core_Main_Program_v1.6.5_RC/Validation/v1.6.5/HERO-Dependency-Scope/HERO-WC-01/outputs/Round-2/Round-2.document.json,qa/validation/Validation/v1.6.5/HERO-Dependency-Scope/HERO-WC-01/outputs/Round-2/Round-2.document.json,QA,4839989,5c0aa255da02eeacbfb40009e665100253233f5a5a82dec4bfa226f7474d8905,COPIED
INK_Core_Main_Program_v1.6.5_RC/Validation/v1.6.5/HERO-Dependency-Scope/HERO-WC-01/outputs/Round-2/Round-2.export.json,qa/validation/Validation/v1.6.5/HERO-Dependency-Scope/HERO-WC-01/outputs/Round-2/Round-2.export.json,QA,1465,edc2f268f44b341eafcc7c2da08a1a24a857d341afcdba47fb5e7480c1dc0196,COPIED
INK_Core_Main_Program_v1.6.5_RC/Validation/v1.6.5/HERO-Dependency-Scope/HERO-WC-01/outputs/Round-2/Round-2.headless.json,qa/validation/Validation/v1.6.5/HERO-Dependency-Scope/HERO-WC-01/outputs/Round-2/Round-2.headless.json,QA,6944,75d9ee7db32fec86fd721a4b012c791d8935b1d03e7c412d30ad5b2134388730,COPIED
INK_Core_Main_Program_v1.6.5_RC/Validation/v1.6.5/HERO-Dependency-Scope/HERO-WC-01/outputs/Round-2/Round-2.png,qa/validation/Validation/v1.6.5/HERO-Dependency-Scope/HERO-WC-01/outputs/Round-2/Round-2.png,QA,483078,c1b71a094dd2e001c8a9987c14239befac2edb50bf7b89e82831f135a78a43d4,COPIED
INK_Core_Main_Program_v1.6.5_RC/Validation/v1.6.5/HERO-Dependency-Scope/HERO-WC-01/outputs/Round-2/Round-2.svg,qa/validation/Validation/v1.6.5/HERO-Dependency-Scope/HERO-WC-01/outputs/Round-2/Round-2.svg,QA,905252,53a9b658a678914ee11541be0f01a645eed4b44377ffb6fce0f973e7f270583c,COPIED
INK_Core_Main_Program_v1.6.5_RC/Validation/v1.6.5/HERO-Dependency-Scope/HERO-WC-01/outputs/Round-3/Round-3.document.json,qa/validation/Validation/v1.6.5/HERO-Dependency-Scope/HERO-WC-01/outputs/Round-3/Round-3.document.json,QA,4898621,8eaa7ebe6023474fc012d47868c4f53195eb617688ec0c6af6574c6ff6371c48,COPIED
INK_Core_Main_Program_v1.6.5_RC/Validation/v1.6.5/HERO-Dependency-Scope/HERO-WC-01/outputs/Round-3/Round-3.export.json,qa/validation/Validation/v1.6.5/HERO-Dependency-Scope/HERO-WC-01/outputs/Round-3/Round-3.export.json,QA,1465,2ac0a223e2803bcad652f814887c999d8c74c2129c1a51d734baa1494732b207,COPIED
INK_Core_Main_Program_v1.6.5_RC/Validation/v1.6.5/HERO-Dependency-Scope/HERO-WC-01/outputs/Round-3/Round-3.headless.json,qa/validation/Validation/v1.6.5/HERO-Dependency-Scope/HERO-WC-01/outputs/Round-3/Round-3.headless.json,QA,6942,592ad110fa5275d3c051f4c4bfeeec6d24d9a3949f6c4751950611297befb1f6,COPIED
INK_Core_Main_Program_v1.6.5_RC/Validation/v1.6.5/HERO-Dependency-Scope/HERO-WC-01/outputs/Round-3/Round-3.png,qa/validation/Validation/v1.6.5/HERO-Dependency-Scope/HERO-WC-01/outputs/Round-3/Round-3.png,QA,466846,a6a4be7514b9b08425873ef6783c27a68bd79a44b626efdf72e87d530b206b75,COPIED
INK_Core_Main_Program_v1.6.5_RC/Validation/v1.6.5/HERO-Dependency-Scope/HERO-WC-01/outputs/Round-3/Round-3.svg,qa/validation/Validation/v1.6.5/HERO-Dependency-Scope/HERO-WC-01/outputs/Round-3/Round-3.svg,QA,916541,5f6b1280f9edc1499c5834c36e2831c040e586f7e6a278a17ac90a6ec5f879f9,COPIED
INK_Core_Main_Program_v1.6.5_RC/Validation/v1.6.5/HERO-Dependency-Scope/HERO-WC-01/outputs/Structure-View/Structure-View.document.json,qa/validation/Validation/v1.6.5/HERO-Dependency-Scope/HERO-WC-01/outputs/Structure-View/Structure-View.document.json,QA,157988,6fef3b87cf2ab4c17d4c718c089ab346d88414ec4cf9b0a5fcb310489951afa3,COPIED
INK_Core_Main_Program_v1.6.5_RC/Validation/v1.6.5/HERO-Dependency-Scope/HERO-WC-01/outputs/Structure-View/Structure-View.export.json,qa/validation/Validation/v1.6.5/HERO-Dependency-Scope/HERO-WC-01/outputs/Structure-View/Structure-View.export.json,QA,1506,9ad3ba1251c680a04bfeca9fc4c652c7343287849b59fe81ca6a5bbf1f1901d8,COPIED
INK_Core_Main_Program_v1.6.5_RC/Validation/v1.6.5/HERO-Dependency-Scope/HERO-WC-01/outputs/Structure-View/Structure-View.headless.json,qa/validation/Validation/v1.6.5/HERO-Dependency-Scope/HERO-WC-01/outputs/Structure-View/Structure-View.headless.json,QA,6957,4f1418af0b2402f72c548a27ad4b0be3509616d0cb690d258401ca91d47591a7,COPIED
INK_Core_Main_Program_v1.6.5_RC/Validation/v1.6.5/HERO-Dependency-Scope/HERO-WC-01/outputs/Structure-View/Structure-View.png,qa/validation/Validation/v1.6.5/HERO-Dependency-Scope/HERO-WC-01/outputs/Structure-View/Structure-View.png,QA,312377,cf558c567e2c65e88bda528ebf3a3db7511dcb9b135c521513b76465b45d252d,COPIED
INK_Core_Main_Program_v1.6.5_RC/Validation/v1.6.5/HERO-Dependency-Scope/HERO-WC-01/outputs/Structure-View/Structure-View.svg,qa/validation/Validation/v1.6.5/HERO-Dependency-Scope/HERO-WC-01/outputs/Structure-View/Structure-View.svg,QA,40638,6da5eca3db62b467fe25c331c6a6f9ddbbf989abe3b83ea35796d909974399d6,COPIED
INK_Core_Main_Program_v1.6.5_RC/Validation/v1.6.5/INK_v1.6.5_FINAL_TEST_SUMMARY.json,qa/validation/Validation/v1.6.5/INK_v1.6.5_FINAL_TEST_SUMMARY.json,QA,6079,0310347c7369d01efea381ecf6a9d0c6c5a42a6a2e288954250a83f5f6f8751a,COPIED
INK_Core_Main_Program_v1.6.5_RC/Validation/v1.6.5/INK_v1.6.5_FINAL_TEST_SUMMARY.txt,qa/validation/Validation/v1.6.5/INK_v1.6.5_FINAL_TEST_SUMMARY.txt,QA,1449,03898b997962a23ba2a308d04969fde076b215eff71600867df5737d4439ec4f,COPIED
INK_Core_Main_Program_v1.6.5_RC/Validation/v1.6.5/reports/DS-01-DS-09_Test_Summary.json,qa/validation/Validation/v1.6.5/reports/DS-01-DS-09_Test_Summary.json,QA,1638,34ffa57bc59390a718d9ba4dea76edffee9de1ad76bc3ccf5e99b99a6ef2a212,COPIED
INK_Core_Main_Program_v1.6.5_RC/Validation/v1.6.5/reports/Dependency_Reason_Trace_Example.json,qa/validation/Validation/v1.6.5/reports/Dependency_Reason_Trace_Example.json,QA,42556,5140afafcb20d4986a3155cd8505fff2b7a00a2e062ee0bfce548031811b384d,COPIED
INK_Core_Main_Program_v1.6.5_RC/Validation/v1.6.5/reports/HERO_DEP_001_Root_Cause_Summary.json,qa/validation/Validation/v1.6.5/reports/HERO_DEP_001_Root_Cause_Summary.json,QA,628,14a76b0c7edeeb08aedb8fffb87086dc513271c667da8b9125e0374472b06cab,COPIED
INK_Core_Main_Program_v1.6.5_RC/Validation/v1.6.5/reports/HERO_WC_01_Dependency_Regression_Summary.json,qa/validation/Validation/v1.6.5/reports/HERO_WC_01_Dependency_Regression_Summary.json,QA,903,c4e82e36a6d6c8fe6213eb2aba337cc9080448e8c3915e44510c56440a117d34,COPIED
INK_Core_Main_Program_v1.6.5_RC/assets/behavior/flower-batch-01-behaviors.json,product/source/assets/behavior/flower-batch-01-behaviors.json,PRODUCT,12558,540be889b8d3ca6a440e214bf9279c788e2b61cd4d0d9ced2329f929625976cd,BOUNDARY_PENDING
INK_Core_Main_Program_v1.6.5_RC/assets/behavior/flower-vector-structure-v1.6.2.json,product/source/assets/behavior/flower-vector-structure-v1.6.2.json,PRODUCT,7076,973e91821ca5181f1f7ed7c005ce72551c904396d52cdc7c9045de1b16493e2b,BOUNDARY_PENDING
INK_Core_Main_Program_v1.6.5_RC/assets/behavior/vector-watercolor-candidates-v1.6.3.json,product/source/assets/behavior/vector-watercolor-candidates-v1.6.3.json,PRODUCT,14189,cf6e78b4d6683d6279dce7988166afe5b99dd08dec5035833c3228f0fd6781c4,BOUNDARY_PENDING
INK_Core_Main_Program_v1.6.5_RC/assets/gaps/vector-watercolor-gap-candidates-v1.6.3.json,product/source/assets/gaps/vector-watercolor-gap-candidates-v1.6.3.json,PRODUCT,2757,ffc32f190c6cf7d12a6805e95b51360d0115210ac761a15569ae8c9715a6560e,BOUNDARY_PENDING
INK_Core_Main_Program_v1.6.5_RC/assets/material/flower-batch-01-templates-v1.6.2.json,product/source/assets/material/flower-batch-01-templates-v1.6.2.json,PRODUCT,101144,b789ee81fbf5093cfd39289341106dd0ed8399abb644260c46c967baa24cf8df,BOUNDARY_PENDING
INK_Core_Main_Program_v1.6.5_RC/assets/material/vector-watercolor-candidates-v1.6.3.json,product/source/assets/material/vector-watercolor-candidates-v1.6.3.json,PRODUCT,2984,dda987ac1049cda6b848b85edf4182bbff15e9c06406050d888a48a378c651c7,BOUNDARY_PENDING
INK_Core_Main_Program_v1.6.5_RC/assets/program-modules/illustrator-jsx-module-candidates-v1.6.3.json,product/source/assets/program-modules/illustrator-jsx-module-candidates-v1.6.3.json,PRODUCT,6912,e395fd1c7f1ee6f51e0fbbfc34a0895adf80e3a4e90aee573fc96f126f7dab54,BOUNDARY_PENDING
INK_Core_Main_Program_v1.6.5_RC/assets/watercolor-v2/INK_Procedural_Paper_Overlay_v1.json,product/source/assets/watercolor-v2/INK_Procedural_Paper_Overlay_v1.json,PRODUCT,645,3612f0b7a65f1c1986eb59edf4acc7c322fd45c0add99ad3ec89140ac0ae8e54,BOUNDARY_PENDING
INK_Core_Main_Program_v1.6.5_RC/assets/watercolor-v2/INK_Watercolor_Brush_Artwork_Profiles_v2.json,product/source/assets/watercolor-v2/INK_Watercolor_Brush_Artwork_Profiles_v2.json,PRODUCT,1080,d083be10efec6bb13ee93383fc9343bb1341498958367c1d26c210432de958c8,BOUNDARY_PENDING
INK_Core_Main_Program_v1.6.5_RC/assets/watercolor-v2/MATERIAL_SOURCE_AND_LICENSE_MANIFEST.json,product/source/assets/watercolor-v2/MATERIAL_SOURCE_AND_LICENSE_MANIFEST.json,PRODUCT,5984,3d15809c46d1d25980f4a1006054838deca0425fbd9239856e1f79b547312389,BOUNDARY_PENDING
INK_Core_Main_Program_v1.6.5_RC/device-validation.html,product/source/device-validation.html,PRODUCT,5395,4187505c137821507e881b7e8a1bf6a4f03033a115213201a9a03fe0f6b2a046,COPIED
INK_Core_Main_Program_v1.6.5_RC/dist/ink.compat.js,product/source/dist/ink.compat.js,PRODUCT,257,df92514263d728a480c827a93350f765c1acd383e22eac081379def61b2670dd,COPIED
INK_Core_Main_Program_v1.6.5_RC/docs/INK_AI_Command_and_CHAT_Integration.md,governance/source/docs/INK_AI_Command_and_CHAT_Integration.md,GOVERNANCE,953,4e3ae2e26ff602f56b45f27adace6ddb39215aea557b35581e44cd5d74880545,COPIED
INK_Core_Main_Program_v1.6.5_RC/docs/INK_Architecture.md,governance/source/docs/INK_Architecture.md,GOVERNANCE,1174,c41e8394a7bc6c97697262a6b061c3400cc7afdc03a4b2e93d485b675b7c28ac,COPIED
INK_Core_Main_Program_v1.6.5_RC/docs/INK_Core_Baseline_and_Version.md,governance/source/docs/INK_Core_Baseline_and_Version.md,GOVERNANCE,799,967f624bcb502bae047cffc1a7b70f7205fb6029dcdb0f8f8d8779e6cebdc4d0,COPIED
INK_Core_Main_Program_v1.6.5_RC/docs/INK_Current_Capabilities_and_Limits.md,governance/source/docs/INK_Current_Capabilities_and_Limits.md,GOVERNANCE,964,9508d6491c17c8d355ef7517f7b8b78ce04fbe3aaaff40cd4af3e30776df96a3,COPIED
INK_Core_Main_Program_v1.6.5_RC/docs/INK_Development_Guide.md,governance/source/docs/INK_Development_Guide.md,GOVERNANCE,1192,03edcdc0c9e6038aeca03249fc1b5b434192e7d60ebbdf64bbed7db9c2269cd4,COPIED
INK_Core_Main_Program_v1.6.5_RC/docs/INK_MASTER_SPEC_v2.5.md,governance/source/docs/INK_MASTER_SPEC_v2.5.md,GOVERNANCE,63260,87da8d8f34704a0e8fd4db22778a3d70e0b6d8d1a427c9bc156ae8d70555c329,COPIED
INK_Core_Main_Program_v1.6.5_RC/docs/INK_Module_Map.md,governance/source/docs/INK_Module_Map.md,GOVERNANCE,904,a86facd391ed6d510cfc3e21e437e431a37af95f6ad9994313a9fbfeb8a626ff,COPIED
INK_Core_Main_Program_v1.6.5_RC/docs/INK_Next_Development_Plan.md,governance/source/docs/INK_Next_Development_Plan.md,GOVERNANCE,750,3eba71de362023e2d38eea6871ca90b2c7113eb0fa8411f7e86b6f5abc1163c2,COPIED
INK_Core_Main_Program_v1.6.5_RC/docs/INK_Test_and_Release.md,governance/source/docs/INK_Test_and_Release.md,GOVERNANCE,663,df9083fe8d3143f3ec999a8cd29d97ef88c479ff12a3bdcef4484deaea5044fc,COPIED
INK_Core_Main_Program_v1.6.5_RC/docs/INK_v1.6.3_Fourfold_Benefit_and_Learning_Delta.md,governance/source/docs/INK_v1.6.3_Fourfold_Benefit_and_Learning_Delta.md,GOVERNANCE,2062,b2962abb679f59970a015f2c05b4a821a7822c5b3483fad0ee35afcc1004e6c0,COPIED
INK_Core_Main_Program_v1.6.5_RC/docs/INK_v1.6.3_Known_Limitations.md,governance/source/docs/INK_v1.6.3_Known_Limitations.md,GOVERNANCE,857,5f230f58f03507550c3b4a4068c6e661cccc01b455d06710ff652aaf3b4d092a,COPIED
INK_Core_Main_Program_v1.6.5_RC/docs/INK_v1.6.3_Release_Decision.md,governance/source/docs/INK_v1.6.3_Release_Decision.md,GOVERNANCE,669,f865b034f3150e8661452ace18c2a41fa94baba439f25686f957ffbf51b41e4f,COPIED
INK_Core_Main_Program_v1.6.5_RC/docs/INK_v1.6.3_Release_Notes.md,governance/source/docs/INK_v1.6.3_Release_Notes.md,GOVERNANCE,1172,d1f5f3a4ca3cb9af546b3f601ed5957214f97d4bdd9a735c72510b6f6a981404,COPIED
INK_Core_Main_Program_v1.6.5_RC/docs/INK_v1.6.3_Vector_Watercolor_Capability_Mapping.json,governance/source/docs/INK_v1.6.3_Vector_Watercolor_Capability_Mapping.json,GOVERNANCE,5441,03b32e31fbd8b086d076b27aabdef70c43bd0b4a63088ebff4379c00d425bdbe,COPIED
INK_Core_Main_Program_v1.6.5_RC/docs/INK_v1.6.3_Vector_Watercolor_Capability_Mapping.md,governance/source/docs/INK_v1.6.3_Vector_Watercolor_Capability_Mapping.md,GOVERNANCE,2260,7a7fd14d003245dd47ee2fcc3cea2e44a62dc82740a9410e64eff226b745f1b8,COPIED
INK_Core_Main_Program_v1.6.5_RC/docs/INK_v1.6.4_Fourfold_Benefit_and_Learning_Delta.md,governance/source/docs/INK_v1.6.4_Fourfold_Benefit_and_Learning_Delta.md,GOVERNANCE,1404,bba507cf6a2025ec0579a3b5931a38202b0c1dc02b5059ab3ccdbd731805ca11,COPIED
INK_Core_Main_Program_v1.6.5_RC/docs/INK_v1.6.4_Known_Limitations.md,governance/source/docs/INK_v1.6.4_Known_Limitations.md,GOVERNANCE,566,52ab0181d7ddaff590fa06aad0f600a2a493766b3c5e3ab3cbbb09eedab8b958,COPIED
INK_Core_Main_Program_v1.6.5_RC/docs/INK_v1.6.4_Material_Source_and_License_Report.md,governance/source/docs/INK_v1.6.4_Material_Source_and_License_Report.md,GOVERNANCE,962,ce89c19839c615f5e2d698086cb549d1fcb91d4fc0b945cbdd3aa5356c7466a1,COPIED
INK_Core_Main_Program_v1.6.5_RC/docs/INK_v1.6.4_Multi_JSX_Preparation.md,governance/source/docs/INK_v1.6.4_Multi_JSX_Preparation.md,GOVERNANCE,496,5451730d0d4eb179f84f34e189085fc58ccba6e7253a899d714ff299283d5bd2,COPIED
INK_Core_Main_Program_v1.6.5_RC/docs/INK_v1.6.4_Release_Decision.md,governance/source/docs/INK_v1.6.4_Release_Decision.md,GOVERNANCE,339,b72ebd461ce0171d2ac0c2187f7521cd45226f31c145bf8cfefc8116e1c0e0ff,COPIED
INK_Core_Main_Program_v1.6.5_RC/docs/INK_v1.6.4_Watercolor_Benchmark_Report.md,governance/source/docs/INK_v1.6.4_Watercolor_Benchmark_Report.md,GOVERNANCE,602,f7ea12d36469b31b7373cc1f7de237453f9261351e8c1126c4d938fa362fbb39,COPIED
INK_Core_Main_Program_v1.6.5_RC/docs/INK_v1.6.4_Watercolor_Visual_Core_Report.md,governance/source/docs/INK_v1.6.4_Watercolor_Visual_Core_Report.md,GOVERNANCE,1211,be60dc3671d48cc0ef5ad7f896e61b192c3b530ea3284a0cab4dcfc5a53d4e24,COPIED
INK_Core_Main_Program_v1.6.5_RC/docs/INK_v1.6.5_Dependency_Scope_Root_Cause.md,governance/source/docs/INK_v1.6.5_Dependency_Scope_Root_Cause.md,GOVERNANCE,1701,f7710974f720cd7fff0b81906979dfcb0cc1c9887dd50289bb9a3e388af93f3b,COPIED
INK_Core_Main_Program_v1.6.5_RC/docs/INK_v1.6.5_Release_Decision.md,governance/source/docs/INK_v1.6.5_Release_Decision.md,GOVERNANCE,343,8d974f1652ba80a5e9a94dca36105ceb853a3f27eb5ddf7971773e6f3e8a1729,COPIED
INK_Core_Main_Program_v1.6.5_RC/docs/INK_v1.6.5_Release_Notes.md,governance/source/docs/INK_v1.6.5_Release_Notes.md,GOVERNANCE,599,1a3e5ee1eb2c575574f5fc4e21f0ce2c06a631319f5e69024ad7af89a14f49eb,COPIED
INK_Core_Main_Program_v1.6.5_RC/docs/INK_v1.6.5_Remaining_Visual_Gaps.md,governance/source/docs/INK_v1.6.5_Remaining_Visual_Gaps.md,GOVERNANCE,457,b77bfe5a085c014dded045ced0adb4310ca6f503783966874dfda0a3e344ce8a,COPIED
INK_Core_Main_Program_v1.6.5_RC/docs/Illustrator_Vector_Watercolor_Flower_Video_Derived_Recipe_v0.1.json,governance/source/docs/Illustrator_Vector_Watercolor_Flower_Video_Derived_Recipe_v0.1.json,GOVERNANCE,3732,c965eb60fe8583a44d185a6a88673914e0b806f877ee6160be71341319cd2701,COPIED
INK_Core_Main_Program_v1.6.5_RC/docs/Illustrator_Vector_Watercolor_Flower_Video_Derived_Recipe_v0.1.md,governance/source/docs/Illustrator_Vector_Watercolor_Flower_Video_Derived_Recipe_v0.1.md,GOVERNANCE,1099,99a960c26a2cd8638070c3a9ca7bd92b954f7910efdd6747b13ac35951997b5a,COPIED
INK_Core_Main_Program_v1.6.5_RC/docs/Illustrator_Vector_Watercolor_Video_Analysis.json,governance/source/docs/Illustrator_Vector_Watercolor_Video_Analysis.json,GOVERNANCE,1937,29bfcae727bacd69fd0eee4679e4832e2c11aa57c6d8316f70854db23c77ca53,COPIED
INK_Core_Main_Program_v1.6.5_RC/docs/Illustrator_Vector_Watercolor_Video_Analysis.md,governance/source/docs/Illustrator_Vector_Watercolor_Video_Analysis.md,GOVERNANCE,824,cb24df641e23f75afe41857f29f7d757c9639e757723ef20cea8079fc4c0935f,COPIED
INK_Core_Main_Program_v1.6.5_RC/docs/MIGRATION_v1.5.0_to_v1.5.1.md,governance/source/docs/MIGRATION_v1.5.0_to_v1.5.1.md,GOVERNANCE,730,479f16af5a034f6eecf5767af1602e087fb5059309714083f17577764a616bd2,COPIED
INK_Core_Main_Program_v1.6.5_RC/docs/RC_QUICK_HELP_v1.5.1.md,governance/source/docs/RC_QUICK_HELP_v1.5.1.md,GOVERNANCE,1105,5760b99d4b4753d461f0cd9a55e04dc64bd2be79700b78011811e3e89f2a2099,COPIED
INK_Core_Main_Program_v1.6.5_RC/external-assets/benchmarks/fleurify/fleurify.js,research/source/external-assets/benchmarks/fleurify/fleurify.js,RESEARCH,3138,160b3b38f86837f274f166d0999d717e51466a56ade8ff58d92afa50ffcaf05d,COPIED
INK_Core_Main_Program_v1.6.5_RC/external-assets/library/image/json-workflows/auto_adjust_v2_example.json,research/source/external-assets/library/image/json-workflows/auto_adjust_v2_example.json,RESEARCH,4037,87e5a7116505067a0d1420a61dc77add9e0cea0bf49c1f8f3dc0b4838889a8ae,COPIED
INK_Core_Main_Program_v1.6.5_RC/external-assets/library/image/json-workflows/image_blend_example.json,research/source/external-assets/library/image/json-workflows/image_blend_example.json,RESEARCH,6661,93528ebbffdef625543daddb096331f5c10ccb86380d4c6241fb74992608fa8d,COPIED
INK_Core_Main_Program_v1.6.5_RC/external-assets/library/image/json-workflows/mask_gradient_example.json,research/source/external-assets/library/image/json-workflows/mask_gradient_example.json,RESEARCH,7086,90aa4550663a06a3834041c0f9ca29186c648c2199824dd3b94fc323df3268b6,COPIED
INK_Core_Main_Program_v1.6.5_RC/external-assets/library/image/json-workflows/rounded_rectangle_example.json,research/source/external-assets/library/image/json-workflows/rounded_rectangle_example.json,RESEARCH,9842,75d45f05b0d75f7f70398ae58949a42cb7461b017ab0f47006b07fba3d16e518,COPIED
INK_Core_Main_Program_v1.6.5_RC/external-assets/library/image/json-workflows/stroke_example.json,research/source/external-assets/library/image/json-workflows/stroke_example.json,RESEARCH,3276,f1a585e8b53af789bd24aa7edb7e11b39713cb8db2bea4d1b0a7985e0c20e57e,COPIED
INK_Core_Main_Program_v1.6.5_RC/external-assets/library/image/photoshop/Colorisation_SplitProof.jsx,research/source/external-assets/library/image/photoshop/Colorisation_SplitProof.jsx,RESEARCH,4725,479b4f91de24fffcc9680960ee079f260fec11f0fc8ff2fe5995b4d5f03b80b2,COPIED
INK_Core_Main_Program_v1.6.5_RC/external-assets/library/image/photoshop/Dimension-v01.atn,research/source/external-assets/library/image/photoshop/Dimension-v01.atn,RESEARCH,7469,057374895b523bc1b9bf1f7a7b4fcd1bf4e66467fd783d8dc667a9a15b8939fe,COPIED
INK_Core_Main_Program_v1.6.5_RC/external-assets/library/image/photoshop/ExtractColorFromBG.jsx,research/source/external-assets/library/image/photoshop/ExtractColorFromBG.jsx,RESEARCH,48225,b527451c37d5dee1efae4e49a19adee0b90ed925415b134e0b14241fe17fa20b,COPIED
INK_Core_Main_Program_v1.6.5_RC/external-assets/library/image/photoshop/ExtractDrawingBgColor.jsx,research/source/external-assets/library/image/photoshop/ExtractDrawingBgColor.jsx,RESEARCH,8355,430e0cce5a08269f0e5e930e4930bc74ba4275599e4a92448fadaf13a4d383e7,COPIED
INK_Core_Main_Program_v1.6.5_RC/external-assets/library/image/photoshop/ExtractLinesDynamicSimple.jsx,research/source/external-assets/library/image/photoshop/ExtractLinesDynamicSimple.jsx,RESEARCH,14302,dc003223dac9ebbbb6ce5c0adf8e81d27a98b1c776095edfa675d10b95753b89,COPIED
INK_Core_Main_Program_v1.6.5_RC/external-assets/library/image/photoshop/Firefly-Actions.atn,research/source/external-assets/library/image/photoshop/Firefly-Actions.atn,RESEARCH,48944,9b8ae4c7f0ebf103f9f45f1c051dffdfb67fc9c083d291be9c29b740023d85f2,COPIED
INK_Core_Main_Program_v1.6.5_RC/external-assets/library/image/photoshop/Frequency-Separation.atn,research/source/external-assets/library/image/photoshop/Frequency-Separation.atn,RESEARCH,5022,56ea2003be73018b81dfee524e0a5bc3c31b5b110045430793e2dd03406e66a3,COPIED
INK_Core_Main_Program_v1.6.5_RC/external-assets/library/image/photoshop/Generative-Upscale-Bypass-4096px-Limit.atn,research/source/external-assets/library/image/photoshop/Generative-Upscale-Bypass-4096px-Limit.atn,RESEARCH,324395,7e1dd8db08e98b74020fd61bc20cfecb25100062a723c4367de4eaa903ea1e29,COPIED
INK_Core_Main_Program_v1.6.5_RC/external-assets/library/image/photoshop/Generative-Upscale-Bypass-4K-Limit-Topaz.atn,research/source/external-assets/library/image/photoshop/Generative-Upscale-Bypass-4K-Limit-Topaz.atn,RESEARCH,362631,46f372beac54a565cf7dde30afe9c2a247c43a991635823c68b91e378c863b61,COPIED
INK_Core_Main_Program_v1.6.5_RC/external-assets/library/image/photoshop/Harmonize-Enhancement.atn,research/source/external-assets/library/image/photoshop/Harmonize-Enhancement.atn,RESEARCH,12548,1fed6e67ce15623d02e543aeffb76c2c14165eecfb4e363611a6e0ec3982d592,COPIED
INK_Core_Main_Program_v1.6.5_RC/external-assets/library/image/photoshop/Photo-v01.atn,research/source/external-assets/library/image/photoshop/Photo-v01.atn,RESEARCH,4366,76a2704d6cc2269293e1aa221724fd769b0e77b5c8731777d7f06991f8c85366,COPIED
INK_Core_Main_Program_v1.6.5_RC/external-assets/library/image/photoshop/Quick-Object-Extraction.atn,research/source/external-assets/library/image/photoshop/Quick-Object-Extraction.atn,RESEARCH,3688,9b47dec313d23b342b668a85ac3d10fef953bc0c7c50d980de3025b6d861c12e,COPIED
INK_Core_Main_Program_v1.6.5_RC/external-assets/library/image/photoshop/Remove-Logo-From-Background.atn,research/source/external-assets/library/image/photoshop/Remove-Logo-From-Background.atn,RESEARCH,2323,fc9e47b72031d423cb3bfb38e262b5908aeeaf6ac0f0619201d83f45bcfd7d6d,COPIED
INK_Core_Main_Program_v1.6.5_RC/external-assets/library/licenses/comfyui-layerstyle-MIT.txt,research/source/external-assets/library/licenses/comfyui-layerstyle-MIT.txt,RESEARCH,1067,5db9f53ef698ae099810ef003ef0668f644ebf4ffc041d5a2fffdaafc81569b0,COPIED
INK_Core_Main_Program_v1.6.5_RC/external-assets/library/licenses/illustrator-scripts-MIT.txt,research/source/external-assets/library/licenses/illustrator-scripts-MIT.txt,RESEARCH,1074,26a8d6a18b1eeebdb99b8a9e9b6e87e56a76600337262f3bbecc589a06c002d0,COPIED
INK_Core_Main_Program_v1.6.5_RC/external-assets/library/licenses/inkscape-tiling-license.txt,research/source/external-assets/library/licenses/inkscape-tiling-license.txt,RESEARCH,11357,c71d239df91726fc519c6eb72d318ec65820627232b2f796219e87dcf35d0ab4,COPIED
INK_Core_Main_Program_v1.6.5_RC/external-assets/library/licenses/p5-brush-MIT.txt,research/source/external-assets/library/licenses/p5-brush-MIT.txt,RESEARCH,1084,cabbece1a276329fa28ab40f1c99af3af2b7852a329551a9a485b2199616583a,COPIED
INK_Core_Main_Program_v1.6.5_RC/external-assets/library/licenses/photoshop-scripts-MIT.txt,research/source/external-assets/library/licenses/photoshop-scripts-MIT.txt,RESEARCH,1082,4681ea5169c4b3fdee796c07ad4e3caf3ba2f8e53bafdb563bdb9a23c0a10078,COPIED
INK_Core_Main_Program_v1.6.5_RC/external-assets/library/licenses/procedural-flower-MIT.txt,research/source/external-assets/library/licenses/procedural-flower-MIT.txt,RESEARCH,1060,72979b450c3b3aaa54fb434254841d1ea8462a4bbc427ad2ae9f312be718dad6,COPIED
INK_Core_Main_Program_v1.6.5_RC/external-assets/library/licenses/remove-logo-atn-MIT.txt,research/source/external-assets/library/licenses/remove-logo-atn-MIT.txt,RESEARCH,1065,ec0bc10743f78c3be2c3effb4f2aecbbe34f657eeed7c888ae9797ed1fd4eaf6,COPIED
INK_Core_Main_Program_v1.6.5_RC/external-assets/library/licenses/tessagon-license.txt,research/source/external-assets/library/licenses/tessagon-license.txt,RESEARCH,11357,b40930bbcf80744c86c46a12bc9da056641d722716c378f5659b9e555ef833e1,COPIED
INK_Core_Main_Program_v1.6.5_RC/external-assets/library/paint/p5-brush/fill_circle_explorer.html,research/source/external-assets/library/paint/p5-brush/fill_circle_explorer.html,RESEARCH,14979,b80ccaa0cfd8f4d3c4b4f9fa904b35e8669f5dbcc024a610f3b371e76fb9a943,COPIED
INK_Core_Main_Program_v1.6.5_RC/external-assets/library/paint/p5-brush/pastel_hatching_test.js,research/source/external-assets/library/paint/p5-brush/pastel_hatching_test.js,RESEARCH,3084,8f94ecb9bf98a9f3401ec75ac9a58f86e06487831561601bf17a857207ac5a9b,COPIED
INK_Core_Main_Program_v1.6.5_RC/external-assets/library/paint/p5-brush/stroke_pressure.test.js,research/source/external-assets/library/paint/p5-brush/stroke_pressure.test.js,RESEARCH,3065,315d0708611088884d28b657f909a9ff652a6bb3c1d08701a569ec31cd60af97,COPIED
INK_Core_Main_Program_v1.6.5_RC/external-assets/library/paint/p5-brush/visual_suite.js,research/source/external-assets/library/paint/p5-brush/visual_suite.js,RESEARCH,17787,a114855f859c657501dae9a4d4b65dec3b9ebb7bdeda2aa5b6425e83e56c4e68,COPIED
INK_Core_Main_Program_v1.6.5_RC/external-assets/library/paint/p5-brush/wash_test.js,research/source/external-assets/library/paint/p5-brush/wash_test.js,RESEARCH,1565,753b3e72f4f177325fa7329b8c1ab1639fb36c8a975e0bbf503420dae04fb62c,COPIED
INK_Core_Main_Program_v1.6.5_RC/external-assets/library/vector/illustrator/circular.jsx,research/source/external-assets/library/vector/illustrator/circular.jsx,RESEARCH,21641,201daecf2b2d0c223f436ff93f0ef1583818870f5f0638f6662ba7672bccecee,COPIED
INK_Core_Main_Program_v1.6.5_RC/external-assets/library/vector/illustrator/duplicator.jsx,research/source/external-assets/library/vector/illustrator/duplicator.jsx,RESEARCH,60629,0c44b21678ebf409c15afb40af218775af75d172b8474f6f72e309dd9e390409,COPIED
INK_Core_Main_Program_v1.6.5_RC/external-assets/library/vector/illustrator/griddder.jsx,research/source/external-assets/library/vector/illustrator/griddder.jsx,RESEARCH,47091,a28943fd8d7442783b11d559bbeeba77da126e94e154ffef79435a4c14e7609a,COPIED
INK_Core_Main_Program_v1.6.5_RC/external-assets/library/vector/illustrator/puzzleClipper.jsx,research/source/external-assets/library/vector/illustrator/puzzleClipper.jsx,RESEARCH,1038,7f8f05c50fcf8b7a58675a1b6a1c9a9df7bd4241a1dade551c90d9344d94a609,COPIED
INK_Core_Main_Program_v1.6.5_RC/external-assets/library/vector/illustrator/round_any_corner.jsx,research/source/external-assets/library/vector/illustrator/round_any_corner.jsx,RESEARCH,24804,dbbfa5ca937c0d799997572e5424d4ece097a22a212446f75364617479776bab,COPIED
INK_Core_Main_Program_v1.6.5_RC/external-assets/library/vector/inkscape/reference-floret-tessagon.svg,research/source/external-assets/library/vector/inkscape/reference-floret-tessagon.svg,RESEARCH,24255,08025ceea96047b516322434585da6afa1055e21c443619c9bc342eab0b83643,COPIED
INK_Core_Main_Program_v1.6.5_RC/external-assets/library/vector/inkscape/tiling.inx,research/source/external-assets/library/vector/inkscape/tiling.inx,RESEARCH,5744,989664701fd04f75ae41033e407b42a5f66cc321fb18d26704bfbdcc9357e060,COPIED
INK_Core_Main_Program_v1.6.5_RC/external-assets/library/vector/inkscape/tiling.py,research/source/external-assets/library/vector/inkscape/tiling.py,RESEARCH,6053,d79b933233d43c55444082f78986c54c7a9f411af84108e3dd8b490af101de47,COPIED
INK_Core_Main_Program_v1.6.5_RC/external-assets/library/vector/procedural-flower/Flower.html,research/source/external-assets/library/vector/procedural-flower/Flower.html,RESEARCH,13531,0f3ed8730363c38526ec58cca3b1d8a90964a35559ea0a2e973a14acb98ff50c,COPIED
INK_Core_Main_Program_v1.6.5_RC/external-assets/library/vector/procedural-flower/Flw.js,research/source/external-assets/library/vector/procedural-flower/Flw.js,RESEARCH,70587,1afeef977e5924e0743afd826901ebfa6976e2383b9e9c8469dd549df0db222a,COPIED
INK_Core_Main_Program_v1.6.5_RC/external-assets/library/vector/procedural-flower/Rampant-Flower.html,research/source/external-assets/library/vector/procedural-flower/Rampant-Flower.html,RESEARCH,13454,36eb2c73ebf1d8125ce11c9a44df506fc9eb4470b7d4657579353c1640904c72,COPIED
INK_Core_Main_Program_v1.6.5_RC/fixtures/external-asset-inventory-v1.1.0.json,qa/core/fixtures/external-asset-inventory-v1.1.0.json,QA,21043,11b48e75f7d64fd4880590f93669ec9025fe2e443c1ba0016bc1b91e5b6ebdad,COPIED
INK_Core_Main_Program_v1.6.5_RC/index-standalone.html,product/source/index-standalone.html,PRODUCT,67106,3a2ca96789920c0bb2e5adbf665baf9d0cb7782d747503bb194ca913aa503139,COPIED
INK_Core_Main_Program_v1.6.5_RC/index.html,product/source/index.html,PRODUCT,67112,8c6ded435e4cf31e7c667d0ea0b5d33e42a39da4b67564ae44e5530f3e7255ae,COPIED
INK_Core_Main_Program_v1.6.5_RC/manifest.webmanifest,product/source/manifest.webmanifest,BOUNDARY_PENDING,697,ae7ce2c0f2af58994b8cc074b440591c4cb06e45828e3653790c5afab31360d3,BOUNDARY_PENDING
INK_Core_Main_Program_v1.6.5_RC/package-lock.json,engineering/source/package-lock.json,ENGINEERING,767,eabd9f067371d6d8bba6a4bbe549b0f47b127d5123cf31d3dbbef7cd8a2fce37,COPIED
INK_Core_Main_Program_v1.6.5_RC/package.json,engineering/source/package.json,ENGINEERING,3021,b737e7e361bce73b564d1c82f8c9c349e62ef6f6f5f976f3430d0b5446cc26e6,COPIED
INK_Core_Main_Program_v1.6.5_RC/reports/v1.6.1/FLEURIFY_BEHAVIOR_LIBRARY.md,qa/core/reports/v1.6.1/FLEURIFY_BEHAVIOR_LIBRARY.md,QA,885,82265cf1bb1ef30e4fbc8fef03ef10e9a61eb71dce87f69b61ecf455b2bd64e6,COPIED
INK_Core_Main_Program_v1.6.5_RC/reports/v1.6.1/FLEURIFY_CAPABILITY_GAP_REPORT.md,qa/core/reports/v1.6.1/FLEURIFY_CAPABILITY_GAP_REPORT.md,QA,701,b78c58a716b615246c1bda85709506796d89b9b20564161e0f7f4ed3103c8618,COPIED
INK_Core_Main_Program_v1.6.5_RC/reports/v1.6.1/FLEURIFY_MATERIAL_LIBRARY.md,qa/core/reports/v1.6.1/FLEURIFY_MATERIAL_LIBRARY.md,QA,323,5c77c154029984e420a5a166c54ff06bc3ca26773cf6d7d5224efb51cc1bb5fb,COPIED
INK_Core_Main_Program_v1.6.5_RC/reports/v1.6.1/Mind_AI_Digital_Image_Automation_Intelligence_Knowledge_Base_v1.7.1_2026-08-05.xlsx,qa/core/reports/v1.6.1/Mind_AI_Digital_Image_Automation_Intelligence_Knowledge_Base_v1.7.1_2026-08-05.xlsx,QA,59490,79394eaa2c613e31e30cf9524316e2a0b30be3e4e860f090d38422a8e951e0af,COPIED
INK_Core_Main_Program_v1.6.5_RC/reports/v1.6.1/REGRESSION_TEST_REPORT.md,qa/core/reports/v1.6.1/REGRESSION_TEST_REPORT.md,QA,488,5bca4f258ffae1b6587641da5deddeeb936658bc463e399edbfd1ce75945a987,COPIED
INK_Core_Main_Program_v1.6.5_RC/reports/v1.6.1/fleurify/approval.json,qa/core/reports/v1.6.1/fleurify/approval.json,QA,208,3c2846a40114b6fa8aaf796e020daf0df5a0ef65f8be12ca14b756a0495687ad,COPIED
INK_Core_Main_Program_v1.6.5_RC/reports/v1.6.1/fleurify/approval_not_approved.json,qa/core/reports/v1.6.1/fleurify/approval_not_approved.json,QA,168,a8a93f32709067d8533ef57dd979d0780a2d0808eaae719357bb718fe9dbed42,COPIED
INK_Core_Main_Program_v1.6.5_RC/reports/v1.6.1/fleurify/auto_generated_recipe.json,qa/core/reports/v1.6.1/fleurify/auto_generated_recipe.json,QA,1930,5411ca746a152ebccab105334526469acf6f37f713ab0fdda312cedd333604d3,COPIED
INK_Core_Main_Program_v1.6.5_RC/reports/v1.6.1/fleurify/before/before.headless.json,qa/core/reports/v1.6.1/fleurify/before/before.headless.json,QA,6855,bc5dc50eaa50096cd76ca12a6115dc1657ca66ed0e0c8e1eccb1d088ff08bbc4,COPIED
INK_Core_Main_Program_v1.6.5_RC/reports/v1.6.1/fleurify/before/before.png,qa/core/reports/v1.6.1/fleurify/before/before.png,QA,11409,75c6d1dad7b99e2bdbe18e72e2f7bbd03549154f11bc09312fcd8f0062767ece,COPIED
INK_Core_Main_Program_v1.6.5_RC/reports/v1.6.1/fleurify/before/before.svg,qa/core/reports/v1.6.1/fleurify/before/before.svg,QA,664,5a0b3b170927a3aabc2096878a46c0bf41e977a9f369cd0eb883862cc986f2e6,COPIED
INK_Core_Main_Program_v1.6.5_RC/reports/v1.6.1/fleurify/deterministic_replay_report.json,qa/core/reports/v1.6.1/fleurify/deterministic_replay_report.json,QA,433,180b422c3008ade5b2e5833c8324c9683f3bc9533a4767453f08e5458bedd786,COPIED
INK_Core_Main_Program_v1.6.5_RC/reports/v1.6.1/fleurify/execution_100.json,qa/core/reports/v1.6.1/fleurify/execution_100.json,QA,11010,bb10d569ab975b9d14e9cd3cda83267884af245f3860fe7daebe184d2c071e04,COPIED
INK_Core_Main_Program_v1.6.5_RC/reports/v1.6.1/fleurify/execution_70.json,qa/core/reports/v1.6.1/fleurify/execution_70.json,QA,11096,f7a9717e6e7bab870e1bb455c3ab03ebb19491a520fdbf4ad46911c48529368f,COPIED
INK_Core_Main_Program_v1.6.5_RC/reports/v1.6.1/fleurify/fleurify_0_boundary/fleurify_0_boundary.headless.json,qa/core/reports/v1.6.1/fleurify/fleurify_0_boundary/fleurify_0_boundary.headless.json,QA,6881,a584f57388b1d2bf3f23e2d0295cba865ef6cc5ebad9a364b94648ab82359325,COPIED
INK_Core_Main_Program_v1.6.5_RC/reports/v1.6.1/fleurify/fleurify_0_boundary/fleurify_0_boundary.png,qa/core/reports/v1.6.1/fleurify/fleurify_0_boundary/fleurify_0_boundary.png,QA,11409,75c6d1dad7b99e2bdbe18e72e2f7bbd03549154f11bc09312fcd8f0062767ece,COPIED
INK_Core_Main_Program_v1.6.5_RC/reports/v1.6.1/fleurify/fleurify_0_boundary/fleurify_0_boundary.svg,qa/core/reports/v1.6.1/fleurify/fleurify_0_boundary/fleurify_0_boundary.svg,QA,664,5a0b3b170927a3aabc2096878a46c0bf41e977a9f369cd0eb883862cc986f2e6,COPIED
INK_Core_Main_Program_v1.6.5_RC/reports/v1.6.1/fleurify/fleurify_100/fleurify_100.headless.json,qa/core/reports/v1.6.1/fleurify/fleurify_100/fleurify_100.headless.json,QA,6867,b305727fd2f6a7a3c48eced9c147643aca76ab056b4f30930a7ae577e19f934d,COPIED
INK_Core_Main_Program_v1.6.5_RC/reports/v1.6.1/fleurify/fleurify_100/fleurify_100.png,qa/core/reports/v1.6.1/fleurify/fleurify_100/fleurify_100.png,QA,17655,e0acadcb79fc5bb23797c8a458c835c3eb1a0f4d66d16d18d58c32f8e33d1023,COPIED
INK_Core_Main_Program_v1.6.5_RC/reports/v1.6.1/fleurify/fleurify_100/fleurify_100.svg,qa/core/reports/v1.6.1/fleurify/fleurify_100/fleurify_100.svg,QA,792,6bac156fe5b0e9aa8a0671b69e54cf5021d6f8161b23facb04ffd3456a02c371,COPIED
INK_Core_Main_Program_v1.6.5_RC/reports/v1.6.1/fleurify/fleurify_100_replay/fleurify_100_replay.headless.json,qa/core/reports/v1.6.1/fleurify/fleurify_100_replay/fleurify_100_replay.headless.json,QA,6881,7900e5bc8bba954a05cd282ac1cfb34d5551f4020e27c25efb39cc8dd30af43b,COPIED
INK_Core_Main_Program_v1.6.5_RC/reports/v1.6.1/fleurify/fleurify_100_replay/fleurify_100_replay.png,qa/core/reports/v1.6.1/fleurify/fleurify_100_replay/fleurify_100_replay.png,QA,17655,e0acadcb79fc5bb23797c8a458c835c3eb1a0f4d66d16d18d58c32f8e33d1023,COPIED
INK_Core_Main_Program_v1.6.5_RC/reports/v1.6.1/fleurify/fleurify_100_replay/fleurify_100_replay.svg,qa/core/reports/v1.6.1/fleurify/fleurify_100_replay/fleurify_100_replay.svg,QA,792,6bac156fe5b0e9aa8a0671b69e54cf5021d6f8161b23facb04ffd3456a02c371,COPIED
INK_Core_Main_Program_v1.6.5_RC/reports/v1.6.1/fleurify/fleurify_70/fleurify_70.headless.json,qa/core/reports/v1.6.1/fleurify/fleurify_70/fleurify_70.headless.json,QA,6865,a4238971e5163dd8ebc864a5ad8f9443de8506cae213ffc77f959c369b9e9c50,COPIED
INK_Core_Main_Program_v1.6.5_RC/reports/v1.6.1/fleurify/fleurify_70/fleurify_70.png,qa/core/reports/v1.6.1/fleurify/fleurify_70/fleurify_70.png,QA,15072,d16d19d80438932b6dd908731dce9ff2cb9bafcf0bee20005f355d02869149dc,COPIED
INK_Core_Main_Program_v1.6.5_RC/reports/v1.6.1/fleurify/fleurify_70/fleurify_70.svg,qa/core/reports/v1.6.1/fleurify/fleurify_70/fleurify_70.svg,QA,840,85a3442dd9380411766ab86d5cffff5f7ff2917aa53979cea1ec961a6b297dae,COPIED
INK_Core_Main_Program_v1.6.5_RC/reports/v1.6.1/fleurify/import_report.json,qa/core/reports/v1.6.1/fleurify/import_report.json,QA,11354,d6b512e259b07aea034b71727388b543c4c914583fdc7486e9310f2cfc194ced,COPIED
INK_Core_Main_Program_v1.6.5_RC/reports/v1.6.1/fleurify/local_recompute_rollback_report.json,qa/core/reports/v1.6.1/fleurify/local_recompute_rollback_report.json,QA,720,5fe2d12f01386d609c046c3e1feeb5ddfd989b60f5b352495366efaf0c32b4dc,COPIED
INK_Core_Main_Program_v1.6.5_RC/reports/v1.6.1/fleurify/preview.json,qa/core/reports/v1.6.1/fleurify/preview.json,QA,307,1c219b235fa9e434d1670e3885f9a0a4e6eed90f43b02c2837eb9f95105d91b9,COPIED
INK_Core_Main_Program_v1.6.5_RC/reports/v1.6.1/fleurify/regression_report.json,qa/core/reports/v1.6.1/fleurify/regression_report.json,QA,11016,75eaa8093708970c0dc6364acedade5ab55b899a35c426bad8bc8ca0a4837e8b,COPIED
INK_Core_Main_Program_v1.6.5_RC/reports/v1.6.1/fleurify/rollback/rollback.headless.json,qa/core/reports/v1.6.1/fleurify/rollback/rollback.headless.json,QA,6859,f42097665997104b9af569e14393e58282b883091e12d3ec2d0c4673c31cc879,COPIED
INK_Core_Main_Program_v1.6.5_RC/reports/v1.6.1/fleurify/rollback/rollback.png,qa/core/reports/v1.6.1/fleurify/rollback/rollback.png,QA,11409,75c6d1dad7b99e2bdbe18e72e2f7bbd03549154f11bc09312fcd8f0062767ece,COPIED
INK_Core_Main_Program_v1.6.5_RC/reports/v1.6.1/fleurify/rollback/rollback.svg,qa/core/reports/v1.6.1/fleurify/rollback/rollback.svg,QA,664,5a0b3b170927a3aabc2096878a46c0bf41e977a9f369cd0eb883862cc986f2e6,COPIED
INK_Core_Main_Program_v1.6.5_RC/schemas/ink-ai-approval-v1.schema.json,product/source/schemas/ink-ai-approval-v1.schema.json,BOUNDARY_PENDING,328,da82435a59a71a7825071602f15b0530ee8011f2231c59d74768537656bfef00,BOUNDARY_PENDING
INK_Core_Main_Program_v1.6.5_RC/schemas/ink-ai-audit-v1.schema.json,product/source/schemas/ink-ai-audit-v1.schema.json,BOUNDARY_PENDING,400,211631ab531cb3cc0c5969a7f383c2b0208b0be0e35749ccb99df8f761ce3655,BOUNDARY_PENDING
INK_Core_Main_Program_v1.6.5_RC/schemas/ink-ai-capability-manifest-v1.schema.json,product/source/schemas/ink-ai-capability-manifest-v1.schema.json,BOUNDARY_PENDING,468,0b188de5413eb926860034ebbb6ec83d107969aaccce16f6cafa98f77b111828,BOUNDARY_PENDING
INK_Core_Main_Program_v1.6.5_RC/schemas/ink-ai-command-v1.schema.json,product/source/schemas/ink-ai-command-v1.schema.json,BOUNDARY_PENDING,1395,d0c9e1fe2311fb48dd6e9d3ba31a53bbc9d4d90e1dcb882f0829b994888e513b,BOUNDARY_PENDING
INK_Core_Main_Program_v1.6.5_RC/schemas/ink-ai-error-v1.schema.json,product/source/schemas/ink-ai-error-v1.schema.json,BOUNDARY_PENDING,264,d07fd039865434c608157e913823f053869bc28c2c59107878a9d555c16b83b3,BOUNDARY_PENDING
INK_Core_Main_Program_v1.6.5_RC/schemas/ink-ai-execution-v1.schema.json,product/source/schemas/ink-ai-execution-v1.schema.json,BOUNDARY_PENDING,435,0ace596f55c8870cb4ddbcd160e5d2fd5f2db79190885852194f28e186c4adf9,BOUNDARY_PENDING
INK_Core_Main_Program_v1.6.5_RC/schemas/ink-ai-preview-v1.schema.json,product/source/schemas/ink-ai-preview-v1.schema.json,BOUNDARY_PENDING,378,080d6ab305e0f42d193d66bb740962cb5f3efb008e06b7d11130cb1b6ee3dade,BOUNDARY_PENDING
INK_Core_Main_Program_v1.6.5_RC/schemas/ink-ai-result-v1.schema.json,product/source/schemas/ink-ai-result-v1.schema.json,BOUNDARY_PENDING,310,20927d839b7521a5bf50bc860ec61bab2d79bbf7e5079049351a13131a120fb8,BOUNDARY_PENDING
INK_Core_Main_Program_v1.6.5_RC/schemas/ink-asset-manifest-v1.schema.json,product/source/schemas/ink-asset-manifest-v1.schema.json,BOUNDARY_PENDING,556,4a7c7b3fd3c8e6b84b2dee37d05d2bfc8375ef6e664a3127348b8e1dc5b35f0c,BOUNDARY_PENDING
INK_Core_Main_Program_v1.6.5_RC/schemas/ink-brush-package-v1.schema.json,product/source/schemas/ink-brush-package-v1.schema.json,BOUNDARY_PENDING,945,a2fd171225f68d0e915ffa4fae0398455d3f803e1ffe493c0d62edf6b102ee4f,BOUNDARY_PENDING
INK_Core_Main_Program_v1.6.5_RC/schemas/ink-chat-connection-v151.schema.json,product/source/schemas/ink-chat-connection-v151.schema.json,BOUNDARY_PENDING,1602,de80d93b46fa3d48454c87da6c800ffd6d4e0be4d80070d7015789811693b60c,BOUNDARY_PENDING
INK_Core_Main_Program_v1.6.5_RC/schemas/ink-chat-context-v151.schema.json,product/source/schemas/ink-chat-context-v151.schema.json,BOUNDARY_PENDING,1195,7170def7e938fdf4e168bebb527589367ef4bbe7d61ae93ecc005c5c373eee0e,BOUNDARY_PENDING
INK_Core_Main_Program_v1.6.5_RC/schemas/ink-chat-tool-call-v151.schema.json,product/source/schemas/ink-chat-tool-call-v151.schema.json,BOUNDARY_PENDING,1106,dd3e238385c04fd721d95b4a5588f38641f57f7a05d6c62aa88fb7456fbc1084,BOUNDARY_PENDING
INK_Core_Main_Program_v1.6.5_RC/schemas/ink-conversational-session-v1.schema.json,product/source/schemas/ink-conversational-session-v1.schema.json,BOUNDARY_PENDING,1035,db8a617659f19d1dd6376e18b05a83f87448139e32a2cf9e0419389726492c58,BOUNDARY_PENDING
INK_Core_Main_Program_v1.6.5_RC/schemas/ink-document-state-v1.schema.json,product/source/schemas/ink-document-state-v1.schema.json,BOUNDARY_PENDING,526,fe4c54e2fb4b2bdce8db5e0af8d4a284e139db24257d2780c4f2863cbbc9feeb,BOUNDARY_PENDING
INK_Core_Main_Program_v1.6.5_RC/schemas/ink-editable-plan-v1.schema.json,product/source/schemas/ink-editable-plan-v1.schema.json,BOUNDARY_PENDING,662,0230594261264fffbe6ba1ed6a54a7d384e75d46f703314c445718a34369b641,BOUNDARY_PENDING
INK_Core_Main_Program_v1.6.5_RC/schemas/ink-headless-result-v1.schema.json,product/source/schemas/ink-headless-result-v1.schema.json,BOUNDARY_PENDING,658,d8302ad59c03b0c8c4d24b16b52b26688e3735f7bac3fc9558a05a6c68e46a7a,BOUNDARY_PENDING
INK_Core_Main_Program_v1.6.5_RC/schemas/ink-local-image-analysis-v151.schema.json,product/source/schemas/ink-local-image-analysis-v151.schema.json,BOUNDARY_PENDING,982,92f64ac148dbe433a0faf6974b207237b7f9df84a167c0907ce071a71d9c38c9,BOUNDARY_PENDING
INK_Core_Main_Program_v1.6.5_RC/schemas/ink-recipe-v1.schema.json,product/source/schemas/ink-recipe-v1.schema.json,BOUNDARY_PENDING,725,a244c622fe366258e3edd7643d5abe14552d5c465569d57c9375bf2727b02375,BOUNDARY_PENDING
INK_Core_Main_Program_v1.6.5_RC/schemas/ink-stroke-session-v2.schema.json,product/source/schemas/ink-stroke-session-v2.schema.json,BOUNDARY_PENDING,1160,fcada76613e0387bf8941139047a5ca05f7db7fcd42067d14cb611e7915fa73e,BOUNDARY_PENDING
INK_Core_Main_Program_v1.6.5_RC/schemas/ink-stroke-v2.schema.json,product/source/schemas/ink-stroke-v2.schema.json,BOUNDARY_PENDING,3057,d0c52a52ef576797bd0f03b51a2d5d33e7d50e8f50c40c17372cf26b4dc7a662,BOUNDARY_PENDING
INK_Core_Main_Program_v1.6.5_RC/schemas/ink-structural-qa-v1.schema.json,product/source/schemas/ink-structural-qa-v1.schema.json,BOUNDARY_PENDING,525,fba352bd949d5b2eb106e573b8c431d551fffd05e74b985d12dedd9126a659a3,BOUNDARY_PENDING
INK_Core_Main_Program_v1.6.5_RC/schemas/ink-visual-qa-v1.schema.json,product/source/schemas/ink-visual-qa-v1.schema.json,BOUNDARY_PENDING,504,53a11cd9cd79c1fe3728ccbc48d2dbfdd14089e6f7a3aabd764f7f3310827cb1,BOUNDARY_PENDING
INK_Core_Main_Program_v1.6.5_RC/scripts/browser-smoke-v100.mjs,engineering/source/scripts/browser-smoke-v100.mjs,ENGINEERING,7972,fd077948c25f1f219b7e1e14d99e52158908635a0f0f55a054c4fff55280a065,COPIED
INK_Core_Main_Program_v1.6.5_RC/scripts/browser-smoke-v110.mjs,engineering/source/scripts/browser-smoke-v110.mjs,ENGINEERING,11797,c95b5f9647f1e207a4735bc3491bcdb5c7ab23e51465635a244ebc5b554f7a81,COPIED
INK_Core_Main_Program_v1.6.5_RC/scripts/browser-smoke-v120.mjs,engineering/source/scripts/browser-smoke-v120.mjs,ENGINEERING,12351,8fc521592eb800bcb512b4c4c369ff318cc32ca8994ad002d2803052c9a48b1b,COPIED
INK_Core_Main_Program_v1.6.5_RC/scripts/browser-smoke-v130.mjs,engineering/source/scripts/browser-smoke-v130.mjs,ENGINEERING,15057,5ba6f718a1087e18e84fbbd4882edf682744f21c40f15723b508ce9cd7bec410,COPIED
INK_Core_Main_Program_v1.6.5_RC/scripts/browser-smoke-v140.mjs,engineering/source/scripts/browser-smoke-v140.mjs,ENGINEERING,20308,4b16c9c6d5b88f9bca02d03be5d94b10ebd814417d299a0ee728b5213331cf66,COPIED
INK_Core_Main_Program_v1.6.5_RC/scripts/browser-smoke-v150.mjs,engineering/source/scripts/browser-smoke-v150.mjs,ENGINEERING,28037,26d4fa5bfb6eff53b046c9144fe71acba4b076b6b6f291f64918da611edc62cc,COPIED
INK_Core_Main_Program_v1.6.5_RC/scripts/browser-smoke-v151.mjs,engineering/source/scripts/browser-smoke-v151.mjs,ENGINEERING,18308,5c25d48857e8c0aeaa1d29ef6b823c354db066fdde59bc43169498898c914d72,COPIED
INK_Core_Main_Program_v1.6.5_RC/scripts/build-compat.mjs,engineering/source/scripts/build-compat.mjs,ENGINEERING,1084,eacb534c159df53f1c770d61ce40ae8c2b7cefc783947ff7037495cffe32f59c,COPIED
INK_Core_Main_Program_v1.6.5_RC/scripts/conversation-smoke-test-v1.mjs,engineering/source/scripts/conversation-smoke-test-v1.mjs,ENGINEERING,15556,6af8948cb003a6f27a9cd4af946954215fe5eb025a1b8480b658613f1a68904b,COPIED
INK_Core_Main_Program_v1.6.5_RC/scripts/create-v164-watercolor-comparisons.mjs,engineering/source/scripts/create-v164-watercolor-comparisons.mjs,ENGINEERING,2122,f72da03ac72055b4abd8ec9d54b5eaece6fe31f955f735e826abfef400af9371,COPIED
INK_Core_Main_Program_v1.6.5_RC/scripts/finalize-v140-reports.mjs,engineering/source/scripts/finalize-v140-reports.mjs,ENGINEERING,11017,3c165ecfb519c7aa6a78901a786f29d13099b86204d0b3f517cbbdd9b0bc1cd7,COPIED
INK_Core_Main_Program_v1.6.5_RC/scripts/finalize-v150-reports.mjs,engineering/source/scripts/finalize-v150-reports.mjs,ENGINEERING,6216,0be636523383a46cee42f25e3276ac391a22309fc265ced917f1bb8580890114,COPIED
INK_Core_Main_Program_v1.6.5_RC/scripts/generate-checksums.mjs,engineering/source/scripts/generate-checksums.mjs,ENGINEERING,1187,f858bba013126ea0f28f3d3a05b74af6c9eb577cf58f8893a8645bf3ddc2328c,COPIED
INK_Core_Main_Program_v1.6.5_RC/scripts/generate-dependency-deliverables.mjs,engineering/source/scripts/generate-dependency-deliverables.mjs,ENGINEERING,9992,64980741a197e0dc87dadc4e58ef36c51fbe7ce64aa3d6590086897a9e79338c,COPIED
INK_Core_Main_Program_v1.6.5_RC/scripts/generate-test-fixtures.mjs,engineering/source/scripts/generate-test-fixtures.mjs,ENGINEERING,6813,32c1da230c60c2eae3b4549618f62cd9bfb016a92c20b05621df72a210bcc40c,COPIED
INK_Core_Main_Program_v1.6.5_RC/scripts/generate-ui-contact-sheets-v151.py,engineering/source/scripts/generate-ui-contact-sheets-v151.py,ENGINEERING,1793,2119c10c330e5d84dca2881765f1667c99cd1c42137f3de337f2e73c209e78ad,COPIED
INK_Core_Main_Program_v1.6.5_RC/scripts/generate-v090-acceptance.mjs,engineering/source/scripts/generate-v090-acceptance.mjs,ENGINEERING,8829,8a96c949529f974bf9028b6e014da0644087b4f1f850565988fc553be0acc246,COPIED
INK_Core_Main_Program_v1.6.5_RC/scripts/generate-v100-benchmarks.mjs,engineering/source/scripts/generate-v100-benchmarks.mjs,ENGINEERING,16565,0fc8827c8542e2e01d3d4b98867c87ef5cd938793d046d84c7c34537dd9ff754,COPIED
INK_Core_Main_Program_v1.6.5_RC/scripts/generate-v110-import-deliverables.mjs,engineering/source/scripts/generate-v110-import-deliverables.mjs,ENGINEERING,24253,a7b311979b726852eb27c4160c1bd2e3d4ef4d229d915e87dd27f41ce80abd05,COPIED
INK_Core_Main_Program_v1.6.5_RC/scripts/generate-v120-reference-deliverables.mjs,engineering/source/scripts/generate-v120-reference-deliverables.mjs,ENGINEERING,21996,d8c6bf4336f84d199aeea4861eb587c59627626b37eb696bf59faa36e0a2297c,COPIED
INK_Core_Main_Program_v1.6.5_RC/scripts/generate-v130-hand-drawing-deliverables.mjs,engineering/source/scripts/generate-v130-hand-drawing-deliverables.mjs,ENGINEERING,22916,5cf2f789e7c9e043918769c27769e710b82103fb5274bbc7397ee39baeba928c,COPIED
INK_Core_Main_Program_v1.6.5_RC/scripts/generate-v140-professional-deliverables.mjs,engineering/source/scripts/generate-v140-professional-deliverables.mjs,ENGINEERING,30062,ec364aba7fdd269dd40e23c06f827f47a0819c5f6d44c141df9800ddbf49d299,COPIED
INK_Core_Main_Program_v1.6.5_RC/scripts/generate-v150-ai-deliverables.mjs,engineering/source/scripts/generate-v150-ai-deliverables.mjs,ENGINEERING,21800,d9c0c3233b8fcdd3dc494779b8283357436a6d9c67a0d179fd775334ec8388ac,COPIED
INK_Core_Main_Program_v1.6.5_RC/scripts/generate-v151-collaboration.mjs,engineering/source/scripts/generate-v151-collaboration.mjs,ENGINEERING,24142,bd4c8c0f457d43914ef3c48c935ad0a74d21a1dc0c4b3435a1a28fb3e5fb97ae,COPIED
INK_Core_Main_Program_v1.6.5_RC/scripts/generate-v151-rc-deliverables.mjs,engineering/source/scripts/generate-v151-rc-deliverables.mjs,ENGINEERING,14505,591d7bb98d702e1dd9427db4c4b773fe676669464ee74c2c26edeaa86f6db512,COPIED
INK_Core_Main_Program_v1.6.5_RC/scripts/generate-v160-asset-manifest.mjs,engineering/source/scripts/generate-v160-asset-manifest.mjs,ENGINEERING,2436,a2d7d15f5bbff29f1f46e5382f5c027aa1551dabec265af6d10564b769aa9186,COPIED
INK_Core_Main_Program_v1.6.5_RC/scripts/headless-conversation-smoke-v1.mjs,engineering/source/scripts/headless-conversation-smoke-v1.mjs,ENGINEERING,11470,9eacf5cfe9d3aa5fc2fe486abcc578b19afed0d13fe6932a3d8ebf9ae40365c0,COPIED
INK_Core_Main_Program_v1.6.5_RC/scripts/ink-cli.mjs,engineering/source/scripts/ink-cli.mjs,ENGINEERING,4089,2825f49a677c5ae78e446470dbdb8fed498a018f0f17e78c0881754f4947dac2,COPIED
INK_Core_Main_Program_v1.6.5_RC/scripts/ink-doctor.mjs,engineering/source/scripts/ink-doctor.mjs,ENGINEERING,12185,3c6295cc15462e886ba9cf042b5cec6c5ca076552bb96ec8ad472e10362904a7,COPIED
INK_Core_Main_Program_v1.6.5_RC/scripts/ink-recipe.mjs,engineering/source/scripts/ink-recipe.mjs,ENGINEERING,3736,d2468aef9856d6f0577230602b0da2348602406ea88d12b8b471e33cbfe69e3e,COPIED
INK_Core_Main_Program_v1.6.5_RC/scripts/install-offline.mjs,engineering/source/scripts/install-offline.mjs,ENGINEERING,3605,e42eda506925d1707ab6e5778c3eaf11279d56979f89b14f1e29aeac14e704f0,COPIED
INK_Core_Main_Program_v1.6.5_RC/scripts/package-v151-rc.mjs,engineering/source/scripts/package-v151-rc.mjs,ENGINEERING,10036,c88b3f10db6e6cd5affd7c2e16aff784c551b24ebc4c94741f18684323e1c442,COPIED
INK_Core_Main_Program_v1.6.5_RC/scripts/performance-v151.mjs,engineering/source/scripts/performance-v151.mjs,ENGINEERING,9394,6bcda6d1b69d4e3e99fbbacb7d8b60ba3268855b9c4b42873c6f80487523bf6f,COPIED
INK_Core_Main_Program_v1.6.5_RC/scripts/render-benchmark-pdf.py,engineering/source/scripts/render-benchmark-pdf.py,ENGINEERING,873,1facc04b64ce48ad5fb0bec3a025bf5b98bb6f1f445e5ed08f3cea56ccef425c,COPIED
INK_Core_Main_Program_v1.6.5_RC/scripts/run-fleurify-v161-regression.mjs,engineering/source/scripts/run-fleurify-v161-regression.mjs,ENGINEERING,8672,1104571c15d22023c0fad038d7f050d2a9cdd831101578a9eca8180dd1e9001d,COPIED
INK_Core_Main_Program_v1.6.5_RC/scripts/run-flower-batch-v162.mjs,engineering/source/scripts/run-flower-batch-v162.mjs,ENGINEERING,29759,42d95589c8b953397fdc66c12a2db0b04eda6330318954de585a854acd80622c,COPIED
INK_Core_Main_Program_v1.6.5_RC/scripts/run-headless-png-v161-final.mjs,engineering/source/scripts/run-headless-png-v161-final.mjs,ENGINEERING,7645,7e9c7502d944f6a2d642ef75a03bb44b6c54b72b2cbeb8958aa1c6f53897cecb,COPIED
INK_Core_Main_Program_v1.6.5_RC/scripts/run-reference-inkscape-tiling.py,engineering/source/scripts/run-reference-inkscape-tiling.py,ENGINEERING,1491,cd6d323d69128385034cc8c17d377b63e40a3a6020041f0d08fbf555bb4fe4a5,COPIED
INK_Core_Main_Program_v1.6.5_RC/scripts/run-v163-concentrated-validation.mjs,engineering/source/scripts/run-v163-concentrated-validation.mjs,ENGINEERING,20021,0a99a553ffd404ce2db214514e4666ead3c35285fdf4d4180009245712d230c9,COPIED
INK_Core_Main_Program_v1.6.5_RC/scripts/run-v163-video-and-case5.mjs,engineering/source/scripts/run-v163-video-and-case5.mjs,ENGINEERING,16881,29880e59eded0434eda70c2f31aeb98f804988abd67a06d0f9dcd0b9573ebceb,COPIED
INK_Core_Main_Program_v1.6.5_RC/scripts/run-v164-watercolor-benchmark.mjs,engineering/source/scripts/run-v164-watercolor-benchmark.mjs,ENGINEERING,20942,5895cd9474b26e08236c3b224a02c42c918d6ae2e7292182285cedc8487db942,COPIED
INK_Core_Main_Program_v1.6.5_RC/scripts/run-v165-hero-dependency-validation.mjs,engineering/source/scripts/run-v165-hero-dependency-validation.mjs,ENGINEERING,27387,9f941baa5cc5e745874ab1ef3702f427e73d885a19cd7f6edb74aa18e05f98f3,COPIED
INK_Core_Main_Program_v1.6.5_RC/scripts/run-wp6-tests.mjs,engineering/source/scripts/run-wp6-tests.mjs,ENGINEERING,941,be009aabce0ae6da635fa6527ea59351172e9e4d3261d4f416d702585604f1a4,COPIED
INK_Core_Main_Program_v1.6.5_RC/scripts/run-wp9a-r1c-reliability.mjs,engineering/source/scripts/run-wp9a-r1c-reliability.mjs,ENGINEERING,4317,866317a2bc200838a3eb19b47e0f664195ea42d236d8da2a05cbcd02d3208c5a,COPIED
INK_Core_Main_Program_v1.6.5_RC/scripts/run-wp9a-r1c1-reliability.mjs,engineering/source/scripts/run-wp9a-r1c1-reliability.mjs,ENGINEERING,4347,18644581cdfefc1136fc840f113899f2fc62c45016a14f60843dc0da977d5248,COPIED
INK_Core_Main_Program_v1.6.5_RC/scripts/serve.mjs,engineering/source/scripts/serve.mjs,ENGINEERING,4495,3f8d12df48506f3324780b0e7c62bbb7e7388b06c09b0d9586bf2e8164f1e1fe,COPIED
INK_Core_Main_Program_v1.6.5_RC/scripts/test-ready-check-v151.mjs,engineering/source/scripts/test-ready-check-v151.mjs,ENGINEERING,7397,364a85d6edeed67ccd49997e31be59fb8a11b1975544244bf54b751fd1a9087e,COPIED
INK_Core_Main_Program_v1.6.5_RC/scripts/test-ready-check.mjs,engineering/source/scripts/test-ready-check.mjs,ENGINEERING,12713,cd7fcc2ff6a9a00de6729a442a8462a7945167c41e4d89e914993975c2b8e0e8,COPIED
INK_Core_Main_Program_v1.6.5_RC/scripts/ui-regression-baselines-v151.mjs,engineering/source/scripts/ui-regression-baselines-v151.mjs,ENGINEERING,6290,57d0f444876472e5284ac691eaab369542e4ef3d14a7fe90effa4396d860f376,COPIED
INK_Core_Main_Program_v1.6.5_RC/scripts/verify-checksums.mjs,engineering/source/scripts/verify-checksums.mjs,ENGINEERING,1867,01a298443ddcf8260d500a22bf230172c0fd58d33d36eb76c17880c02799605b,COPIED
INK_Core_Main_Program_v1.6.5_RC/scripts/verify-checksums.py,engineering/source/scripts/verify-checksums.py,ENGINEERING,900,d766d3ff7e1a5fbb528bbc6a2fe72105dea4b0c5d6a29337d9027eac773c318c,COPIED
INK_Core_Main_Program_v1.6.5_RC/service-worker.js,product/source/service-worker.js,BOUNDARY_PENDING,4696,86b14b79ff5d04e621eb267fc13da1f7d168f06f81f09876bdf082a675440ed0,BOUNDARY_PENDING
INK_Core_Main_Program_v1.6.5_RC/src/ai/ai-core.js,product/source/src/ai/ai-core.js,PRODUCT,67038,8ab44c898d0ad3f3ce8acfab90eab510058984f438427e09f757701b48e23103,BOUNDARY_PENDING
INK_Core_Main_Program_v1.6.5_RC/src/ai/chat-runtime.js,product/source/src/ai/chat-runtime.js,PRODUCT,39929,f4b4db6d4ddf1ea6abe0d5b3292cebde44592cd042f61def65a752c3925d36a1,BOUNDARY_PENDING
INK_Core_Main_Program_v1.6.5_RC/src/ai/conversation-flower-contract.js,product/source/src/ai/conversation-flower-contract.js,PRODUCT,4571,599f08f006d64182353ec9a0a636382e31df41566a1203aa576d72b717ca8b4a,BOUNDARY_PENDING
INK_Core_Main_Program_v1.6.5_RC/src/ai/install-ai.js,product/source/src/ai/install-ai.js,PRODUCT,24361,37809912ef865d0ec9a1635fb8a19a53d7b44f3dec70b57485dc8f8f262d4681,BOUNDARY_PENDING
INK_Core_Main_Program_v1.6.5_RC/src/ai/intent/flower-vocabulary-v1.json,product/source/src/ai/intent/flower-vocabulary-v1.json,PRODUCT,2603,fec0f51918477ec15e3150380454fb222534ea877381e377f8e16b7e8a3aa363,BOUNDARY_PENDING
INK_Core_Main_Program_v1.6.5_RC/src/ai/intent/intent-parser.js,product/source/src/ai/intent/intent-parser.js,PRODUCT,6941,de13b077fd17c01431cd26fadd265fe5c180a5a7b46c0124054e981420fbc691,BOUNDARY_PENDING
INK_Core_Main_Program_v1.6.5_RC/src/ai/intent/intent-schema.js,product/source/src/ai/intent/intent-schema.js,PRODUCT,1258,3a9006142b7d3de881b9b4f832a8f45651b1717c6bdbe8c6d827e7b4dd9411b1,BOUNDARY_PENDING
INK_Core_Main_Program_v1.6.5_RC/src/ai/intent/intent-to-plan.js,product/source/src/ai/intent/intent-to-plan.js,PRODUCT,8269,789041922f7131587037f71588fe78faac0b2431dc6c58ef4ceff1a484d7ecc0,BOUNDARY_PENDING
INK_Core_Main_Program_v1.6.5_RC/src/ai/intent/intent-validator.js,product/source/src/ai/intent/intent-validator.js,PRODUCT,955,eb95ece7ebe4f3174dead0b3522649b7b739d5eea9328218c51ef495a6fc1462,BOUNDARY_PENDING
INK_Core_Main_Program_v1.6.5_RC/src/ai/plan-analyzers.js,product/source/src/ai/plan-analyzers.js,PRODUCT,18085,cc02645d378e1c25a5098ced6cbc7ce861ca450000ef6935489bd52367686c67,BOUNDARY_PENDING
INK_Core_Main_Program_v1.6.5_RC/src/assets/asset-error.js,product/source/src/assets/asset-error.js,PRODUCT,582,70a45169fb5199e0e70cbb7bded72d9c6f1b059e7852606b4b6785292cfb6649,BOUNDARY_PENDING
INK_Core_Main_Program_v1.6.5_RC/src/assets/asset-manifest.js,product/source/src/assets/asset-manifest.js,PRODUCT,4622,e9e7e81b4fe639607340921984c5162d97d19a36cf3535ba858c6203b737fb5b,BOUNDARY_PENDING
INK_Core_Main_Program_v1.6.5_RC/src/assets/asset-migration.js,product/source/src/assets/asset-migration.js,PRODUCT,563,e85d48bd928926087bf872895a6a4799238b8ae61e0bbf2602b7cc4e878d053d,BOUNDARY_PENDING
INK_Core_Main_Program_v1.6.5_RC/src/assets/index.js,product/source/src/assets/index.js,PRODUCT,109,c782fe186a6949ca3aa7b84a2857554eb621cb8adb59e8bc4dfd8a214e48cc3a,BOUNDARY_PENDING
INK_Core_Main_Program_v1.6.5_RC/src/compare/compare-report.js,engineering/source/src/compare/compare-report.js,ENGINEERING,562,25c99f5bb8bf174c83433ff8066c1da515028fbdb89fb4fadde71f8d77c16e8e,COPIED
INK_Core_Main_Program_v1.6.5_RC/src/compare/image-difference.js,engineering/source/src/compare/image-difference.js,ENGINEERING,1415,6cefed6bb07a0792e3a33178ecfd750c50276435e22b26ed6337bbe1882fef84,COPIED
INK_Core_Main_Program_v1.6.5_RC/src/compare/layout-renderer.js,engineering/source/src/compare/layout-renderer.js,ENGINEERING,1452,b6bb36982b20af1ce198aec07db92503b0f056bfcaa2583ca73e9b7caaaa0321,COPIED
INK_Core_Main_Program_v1.6.5_RC/src/compare/parameter-difference.js,engineering/source/src/compare/parameter-difference.js,ENGINEERING,434,a47802ff7c63d9aed61d15d46239b2a688a95fc30f73b1097f4de8787afa4554,COPIED
INK_Core_Main_Program_v1.6.5_RC/src/compare/png-codec.js,engineering/source/src/compare/png-codec.js,ENGINEERING,2697,1a432aae2fb41383c70d0768e584a66b82e36be9d30695c019a96b0931b8ddb1,COPIED
INK_Core_Main_Program_v1.6.5_RC/src/compare/preview-compare.js,engineering/source/src/compare/preview-compare.js,ENGINEERING,3614,e7f8ef8b8687be6246320b8c019a5ddc494e5ba25df94f5d46654e9b53179b9f,COPIED
INK_Core_Main_Program_v1.6.5_RC/src/compare/semantic-difference.js,engineering/source/src/compare/semantic-difference.js,ENGINEERING,1548,e89380afe71f64338067e4d99d80bf56510d933427ae74942f77bb98d295d636,COPIED
INK_Core_Main_Program_v1.6.5_RC/src/composition/composition-constraints.js,product/source/src/composition/composition-constraints.js,PRODUCT,4170,577d7c605d9a760e1d134b4c6e54c936a7d1a2d72de92b8eae09764db275001d,COPIED
INK_Core_Main_Program_v1.6.5_RC/src/config.js,product/source/src/config.js,PRODUCT,154,c9a01e9112dd50f575f9cdfdfba8c20c0ecacfd9ec02303c3b997d96a57780c4,COPIED
INK_Core_Main_Program_v1.6.5_RC/src/core/geometry.js,product/source/src/core/geometry.js,PRODUCT,1179,8aae8d5683b6869c9e411517638477cd869f9fa01a57a1e43dfe4c0a5cfa6386,COPIED
INK_Core_Main_Program_v1.6.5_RC/src/core/index.js,product/source/src/core/index.js,PRODUCT,118,33d798c4a87bffb77a46f408d21dbfc200a996ab2dc9d1e1e48c6c632602b62a,COPIED
INK_Core_Main_Program_v1.6.5_RC/src/core/math.js,product/source/src/core/math.js,PRODUCT,2467,faddaad0376e6d3d6eb0c7ad81362bcd5f308634db7abb26f6332facdc88d827,COPIED
INK_Core_Main_Program_v1.6.5_RC/src/core/stable-id.js,product/source/src/core/stable-id.js,PRODUCT,898,910f0c27223be67a7643e6fd44e1021fd1231e892b046db125cf2035c9998ed8,COPIED
INK_Core_Main_Program_v1.6.5_RC/src/core/utils.js,product/source/src/core/utils.js,PRODUCT,320,ab13ef417ba174b0ab86990fda75c987a462ba4f2f834441ba953e2dac5389f1,COPIED
INK_Core_Main_Program_v1.6.5_RC/src/document/artboard.js,product/source/src/document/artboard.js,PRODUCT,5457,f9253768171c7e1470147f71340309bf2372d184a8a0dab826bf2796b9929ac7,COPIED
INK_Core_Main_Program_v1.6.5_RC/src/document/index.js,product/source/src/document/index.js,PRODUCT,185,b2ddd2f30ac1311182139906b498aa1085f5324804a40a7fce6105a9b63bb035,COPIED
INK_Core_Main_Program_v1.6.5_RC/src/document/integrity.js,product/source/src/document/integrity.js,PRODUCT,8574,824f7391acdff7ec00576ac194b739066fe49c0de4a2cbd54c1e9b1368b0dd17,COPIED
INK_Core_Main_Program_v1.6.5_RC/src/document/migration.js,product/source/src/document/migration.js,PRODUCT,7921,18041bd71982e0347b9049ee4a0d4f1aceaadd16466b3a9892b4a54b77e7e5a3,COPIED
INK_Core_Main_Program_v1.6.5_RC/src/document/model.js,product/source/src/document/model.js,PRODUCT,6031,589e249e25bfc256e8064f6777312fa176f7a34171a38dbbe6624811eb68e3da,COPIED
INK_Core_Main_Program_v1.6.5_RC/src/document/storage.js,product/source/src/document/storage.js,PRODUCT,8765,e29b9efb0166d7b22aaad1361b91e6656a685069483fd2b5582d974de7a0d862,COPIED
INK_Core_Main_Program_v1.6.5_RC/src/document/workspace.js,product/source/src/document/workspace.js,PRODUCT,4384,79e0c83d095b76cad4c7a87ffbd4cb79dcd95d31618bda8cee78810dc79a1576,COPIED
INK_Core_Main_Program_v1.6.5_RC/src/editor/index.js,product/source/src/editor/index.js,PRODUCT,64,0f906d2755b02ae74694244cf58be6858ed68e6f3910b688d9f30d45cd0408b9,COPIED
INK_Core_Main_Program_v1.6.5_RC/src/editor/selection.js,product/source/src/editor/selection.js,PRODUCT,1294,e4cbafbd32cadca64896258b18e4b54b611211ee1e846c652c1b8381f3fccf9c,COPIED
INK_Core_Main_Program_v1.6.5_RC/src/editor/transform.js,product/source/src/editor/transform.js,PRODUCT,414,5cf384b4905ecaa7d33d719fcba430aa932bf25d16815c8f983afb3fbe8cba7b,COPIED
INK_Core_Main_Program_v1.6.5_RC/src/export/index.js,product/source/src/export/index.js,PRODUCT,26,cb782559b0620da9b464746fc6e54aeda74b16b1936f37aec612da84b550013b,COPIED
INK_Core_Main_Program_v1.6.5_RC/src/export/pdf.js,product/source/src/export/pdf.js,PRODUCT,3422,88969f56a18ef729af84bf12653f5b217d3eb342e074beb2011b81b1e57a0822,COPIED
INK_Core_Main_Program_v1.6.5_RC/src/export/png-worker-encoder.js,product/source/src/export/png-worker-encoder.js,PRODUCT,4068,5c88bcab893b7aa66b488e2d3cfbf72721cdaaf0ec89a6da321d1279c8d8fddd,COPIED
INK_Core_Main_Program_v1.6.5_RC/src/flora/action/flora-action-errors.js,product/source/src/flora/action/flora-action-errors.js,PRODUCT,426,94b67bd3ad83958d284210b399e68c9c95b8adfe46a8edb153006b1b93be20c4,BOUNDARY_PENDING
INK_Core_Main_Program_v1.6.5_RC/src/flora/action/flora-action-schema.js,product/source/src/flora/action/flora-action-schema.js,PRODUCT,926,254a3a04162a8c34acfd977a7e2cd490f1c44e8e088386cc0686e85d34610600,BOUNDARY_PENDING
INK_Core_Main_Program_v1.6.5_RC/src/flora/action/flora-action-validator.js,product/source/src/flora/action/flora-action-validator.js,PRODUCT,14658,d10b2682ccc688d198375273273489d204caab09b9c0630cd87821c206db62eb,BOUNDARY_PENDING
INK_Core_Main_Program_v1.6.5_RC/src/flora/action/flora-command-dispatcher.js,product/source/src/flora/action/flora-command-dispatcher.js,PRODUCT,2692,7e332e15845b31f19ec8e4f14ad9e0fdaeb7b21417817e65b1c15e09aa246315,BOUNDARY_PENDING
INK_Core_Main_Program_v1.6.5_RC/src/flora/crown/crown-painting-compiler.js,product/source/src/flora/crown/crown-painting-compiler.js,PRODUCT,4246,77e854b85657757788510a3e892a0a5f77aa48015a5a5535e169f39d0111e64c,BOUNDARY_PENDING
INK_Core_Main_Program_v1.6.5_RC/src/flora/crown/crown-painting-plan-schema.js,product/source/src/flora/crown/crown-painting-plan-schema.js,PRODUCT,1908,ee6509f4790dd17b63cc92cd314ef6906b90f43b1fa6c7c295eed50681d5fdb1,BOUNDARY_PENDING
INK_Core_Main_Program_v1.6.5_RC/src/flora/crown/crown-painting-plan-validator.js,product/source/src/flora/crown/crown-painting-plan-validator.js,PRODUCT,6163,f01d0d9969079dd6eb1e69a3ea2334f08e137be7cd02f68cd4efade29f6b9773,BOUNDARY_PENDING
INK_Core_Main_Program_v1.6.5_RC/src/flora/crown/crown-painting-runtime.js,product/source/src/flora/crown/crown-painting-runtime.js,PRODUCT,19309,23297d93a46ca9940231ba7a01e4649180290423f7502da7f1530e0fa195f97a,BOUNDARY_PENDING
INK_Core_Main_Program_v1.6.5_RC/src/flora/crown/crown-visual-checks.js,product/source/src/flora/crown/crown-visual-checks.js,PRODUCT,4456,8de6e4164ddbb1f4da57067b1954f490b4765ed851454fc7284a9e1c7ec9c5ca,BOUNDARY_PENDING
INK_Core_Main_Program_v1.6.5_RC/src/flora/crown/petal-recipe-generation.js,product/source/src/flora/crown/petal-recipe-generation.js,PRODUCT,14943,f745cd51a0e0d834bdb829d3d35fe3b10032df611f6d8cbb98b6939b8ed6b47c,BOUNDARY_PENDING
INK_Core_Main_Program_v1.6.5_RC/src/flora/hero/a4-hero-plan-schema.js,product/source/src/flora/hero/a4-hero-plan-schema.js,PRODUCT,2056,f8b8290bf052577328c5829f0088887fa304828abb6ebaf5e5819cdec0a8fc8a,BOUNDARY_PENDING
INK_Core_Main_Program_v1.6.5_RC/src/flora/hero/a4-hero-plan-validator.js,product/source/src/flora/hero/a4-hero-plan-validator.js,PRODUCT,10450,dc92e12da088ae6683cd0abc6996aca8c7595c8073db831926d287ac3f80c5a2,BOUNDARY_PENDING
INK_Core_Main_Program_v1.6.5_RC/src/flora/hero/a4-hero-visual-checks.js,product/source/src/flora/hero/a4-hero-visual-checks.js,PRODUCT,13888,eb1e15647efab28e5f853a642b9df92dad5c79c5fe40e4a1026e0a424de7a7f1,BOUNDARY_PENDING
INK_Core_Main_Program_v1.6.5_RC/src/flora/hero/complete-hero-painting-compiler.js,product/source/src/flora/hero/complete-hero-painting-compiler.js,PRODUCT,2981,8340453bf2f56f7ecdde8c9571e6dbd9d9a02ef803cdc8427ddadc6aa5a32fb0,BOUNDARY_PENDING
INK_Core_Main_Program_v1.6.5_RC/src/flora/hero/complete-hero-painting-runtime.js,product/source/src/flora/hero/complete-hero-painting-runtime.js,PRODUCT,21776,8f8c3066f4025324df3ed15eb3daa78f8623118f3f4da6a40468e8312db1fb27,BOUNDARY_PENDING
INK_Core_Main_Program_v1.6.5_RC/src/flora/hero/complete-hero-recipe-generation.js,product/source/src/flora/hero/complete-hero-recipe-generation.js,PRODUCT,25648,39e7dfd635a7be486e29826fbe4fb80ecb8630505ad93d634fcb0df050f2d93d,BOUNDARY_PENDING
INK_Core_Main_Program_v1.6.5_RC/src/flora/hero/complete-hero-structure.js,product/source/src/flora/hero/complete-hero-structure.js,PRODUCT,19362,b6effacbfb7105d08338571fcb3a63e5cc08f017b780e6e4dcb14e0936e1c189,BOUNDARY_PENDING
INK_Core_Main_Program_v1.6.5_RC/src/flora/index.js,product/source/src/flora/index.js,PRODUCT,2556,2c8cc519df3ac1349a689b7ff4ed4293dec25fa287448dd85c9bf1f172fe149b,BOUNDARY_PENDING
INK_Core_Main_Program_v1.6.5_RC/src/flora/mask/vector-mask.js,product/source/src/flora/mask/vector-mask.js,PRODUCT,8713,4ea95a17f3427eca0836547941e028240e49c51272314d6df4ed2bbba1010d01,BOUNDARY_PENDING
INK_Core_Main_Program_v1.6.5_RC/src/flora/painting/abstract-petal-benchmark.js,product/source/src/flora/painting/abstract-petal-benchmark.js,PRODUCT,2119,0f18371e406d39700eaa73bb97eb02398861d337938fc6584733ee1903a46929,BOUNDARY_PENDING
INK_Core_Main_Program_v1.6.5_RC/src/flora/painting/complete-crown-benchmark.js,product/source/src/flora/painting/complete-crown-benchmark.js,PRODUCT,31859,bd212dab840b09a8a55b93c6b21b8637759c3a330230bbd13d5733e92c794221,BOUNDARY_PENDING
INK_Core_Main_Program_v1.6.5_RC/src/flora/painting/region-paint-operations.js,product/source/src/flora/painting/region-paint-operations.js,PRODUCT,3576,3ca676fb9b3c6be12086eb7c4c28dc77b332f63f388818a9fcc5afcc2f928e34,BOUNDARY_PENDING
INK_Core_Main_Program_v1.6.5_RC/src/flora/painting/region-stroke-compiler.js,product/source/src/flora/painting/region-stroke-compiler.js,PRODUCT,80171,f0b2a814f3bb9610e76ad9db94109eeb93d1d60a1aa18ad95008947ffaa02ba7,BOUNDARY_PENDING
INK_Core_Main_Program_v1.6.5_RC/src/flora/painting/three-petal-benchmark.js,product/source/src/flora/painting/three-petal-benchmark.js,PRODUCT,3825,66f82e9643913d45e26f69d0c9d53f3769bc196682b562c74134ce9f062dd4fd,BOUNDARY_PENDING
INK_Core_Main_Program_v1.6.5_RC/src/flora/recipe/painting-recipe-compiler.js,product/source/src/flora/recipe/painting-recipe-compiler.js,PRODUCT,5517,f2d12201b18ea00b69044d7573a722ec41f7c732d708fb5fb74a22bdfeeec6c0,BOUNDARY_PENDING
INK_Core_Main_Program_v1.6.5_RC/src/flora/recipe/painting-recipe-runtime.js,product/source/src/flora/recipe/painting-recipe-runtime.js,PRODUCT,8195,9954d72a0c24a2832f2f61ab37fb7e3f353abf4acf57fc5a71086a398ba9a084,BOUNDARY_PENDING
INK_Core_Main_Program_v1.6.5_RC/src/flora/recipe/painting-recipe-schema.js,product/source/src/flora/recipe/painting-recipe-schema.js,PRODUCT,2386,e61a115e1a77301d796984085a0fb5685b538ced9956f355dd3cabe3caf2f4bb,BOUNDARY_PENDING
INK_Core_Main_Program_v1.6.5_RC/src/flora/recipe/painting-recipe-validator.js,product/source/src/flora/recipe/painting-recipe-validator.js,PRODUCT,9052,78f0914f43bb400713bbe8e66df321ec366d953a7075726dafdc809a690218c0,BOUNDARY_PENDING
INK_Core_Main_Program_v1.6.5_RC/src/flora/recipe/refined-painting-parameters.js,product/source/src/flora/recipe/refined-painting-parameters.js,PRODUCT,20920,5fb047abbfc941ad26fab0d1247370722b1afc9c8ea0561ab083f2f07ea4b05f,BOUNDARY_PENDING
INK_Core_Main_Program_v1.6.5_RC/src/flora/reference/reference-mapping.js,product/source/src/flora/reference/reference-mapping.js,PRODUCT,5015,6078223b17a8507fd38dadc754eb28a79080c13712d7adbfcd103f4e4acf4403,BOUNDARY_PENDING
INK_Core_Main_Program_v1.6.5_RC/src/flora/retention/painted-geometry-retention.js,product/source/src/flora/retention/painted-geometry-retention.js,PRODUCT,20910,1b0db90060a648f2fdaeca5fece07521ae7103f10c39f7bbb4d125907f8379a8,BOUNDARY_PENDING
INK_Core_Main_Program_v1.6.5_RC/src/flora/runtime/flora-runtime-adapter.js,product/source/src/flora/runtime/flora-runtime-adapter.js,PRODUCT,12670,731bcf168e5c971025ef5d4f7004421e26067ea95674692f353fc1c6fb95110d,BOUNDARY_PENDING
INK_Core_Main_Program_v1.6.5_RC/src/flora/species/flr012-adonis.js,product/source/src/flora/species/flr012-adonis.js,PRODUCT,7906,f740f6a2d929055673d4452c10a5dfb80fa432b70d4468e57f0826f5b4c76ead,BOUNDARY_PENDING
INK_Core_Main_Program_v1.6.5_RC/src/flora/structure/geometry-measurement-gates.js,product/source/src/flora/structure/geometry-measurement-gates.js,PRODUCT,20645,0814ec2466a7953811dcc5ca80fc619d859be53ba97990f333b77549331604bc,BOUNDARY_PENDING
INK_Core_Main_Program_v1.6.5_RC/src/flora/structure/hero-geometry.js,product/source/src/flora/structure/hero-geometry.js,PRODUCT,2417,780b17c6f8757bb04d98bb7aa1dc507b3a454957dbf50dbd8a909c2bc8991ef5,BOUNDARY_PENDING
INK_Core_Main_Program_v1.6.5_RC/src/flora/structure/hero-profile.js,product/source/src/flora/structure/hero-profile.js,PRODUCT,1640,e4c9a9a7110763ac75bed7971fc4a5850c55a9190fc53475c3d9bdbf243144b5,BOUNDARY_PENDING
INK_Core_Main_Program_v1.6.5_RC/src/flora/structure/hero-runtime.js,product/source/src/flora/structure/hero-runtime.js,PRODUCT,4493,2bbc10bbeedf1100b8eab95a06c3c297515537a329c9cd9b8c277712ea16d4fb,BOUNDARY_PENDING
INK_Core_Main_Program_v1.6.5_RC/src/headless/chromium-cdp-renderer.js,engineering/source/src/headless/chromium-cdp-renderer.js,ENGINEERING,14958,c2f74cc602568390af655abaa0b54f13a69682c0dd2919f51e4f21cc63878008,COPIED
INK_Core_Main_Program_v1.6.5_RC/src/headless/command-runner.js,engineering/source/src/headless/command-runner.js,ENGINEERING,481,05b49e272a1af0dca997af18f5f62feefde1b245e91aa69eb8e2e04393f4e68e,COPIED
INK_Core_Main_Program_v1.6.5_RC/src/headless/export-runner.js,engineering/source/src/headless/export-runner.js,ENGINEERING,4635,e682e77d6f8e61a95f9a0effcaa407bd0db5cdd63a2cc5ab35302504f0ca5b57,COPIED
INK_Core_Main_Program_v1.6.5_RC/src/headless/headless-runtime.js,engineering/source/src/headless/headless-runtime.js,ENGINEERING,20344,4b56f86a1b996900fa528bd7b7ebb6c758a9d42a636b664973fd23042d116003,COPIED
INK_Core_Main_Program_v1.6.5_RC/src/headless/preservation-guard.js,engineering/source/src/headless/preservation-guard.js,ENGINEERING,2664,c94a644061af89893bfb584966003e0ef844d55c255bc6ec038f52eb15268d9f,COPIED
INK_Core_Main_Program_v1.6.5_RC/src/headless/result-packager.js,engineering/source/src/headless/result-packager.js,ENGINEERING,793,e48e1338531a0e25e61e4f920b52c0d98ed31e2c39145e54fdc9f5a5d345ca96,COPIED
INK_Core_Main_Program_v1.6.5_RC/src/headless/session-manager.js,engineering/source/src/headless/session-manager.js,ENGINEERING,3635,711df312c036b39b22dd71dfb50d3e4a4d640165fb155ee094429097e54f0a01,COPIED
INK_Core_Main_Program_v1.6.5_RC/src/headless/structural-qa.js,engineering/source/src/headless/structural-qa.js,ENGINEERING,3396,2df28ff07c065beb300537bef06c03d1c3c507f268f7f77b915b890845c3cc3a,COPIED
INK_Core_Main_Program_v1.6.5_RC/src/headless/visual-qa.js,engineering/source/src/headless/visual-qa.js,ENGINEERING,6800,0eeb91fa06dde9963faf1faa2fea1f54d040a9f07bda0c4d57972ff9232b65d7,COPIED
INK_Core_Main_Program_v1.6.5_RC/src/history/diff.js,product/source/src/history/diff.js,PRODUCT,5826,afd7681d65b952410f26b7c1cf3b09743a875bb377581aaf3c41d8c896321d7f,COPIED
INK_Core_Main_Program_v1.6.5_RC/src/history/history.js,product/source/src/history/history.js,PRODUCT,9067,c54bf8d29a51259a3c97d1916932074218666712908b3cf4d7b0bd596daa2221,COPIED
INK_Core_Main_Program_v1.6.5_RC/src/history/index.js,product/source/src/history/index.js,PRODUCT,57,ff9affd2a7bbd7c01f32476f3de96488a6ca6e76213bcb72569602a9de30a9d7,COPIED
INK_Core_Main_Program_v1.6.5_RC/src/image/image-core.js,product/source/src/image/image-core.js,PRODUCT,21554,738279e1afc979c4c3329cdb5bf99553cd97355ca956f8d5d9fdc54c48ccbef7,COPIED
INK_Core_Main_Program_v1.6.5_RC/src/ink.js,product/source/src/ink.js,PRODUCT,170229,7b7c46e421e619eba035e968bffee2408e70fe31cc40e2063a8d5ba763c90bcb,COPIED
INK_Core_Main_Program_v1.6.5_RC/src/input/device-validation.js,product/source/src/input/device-validation.js,PRODUCT,5118,d172ed87d0ab8ed6b72ca463eec5eadae29131c504e43d77c63f6fc755fa5614,COPIED
INK_Core_Main_Program_v1.6.5_RC/src/input/input-arbiter.js,product/source/src/input/input-arbiter.js,PRODUCT,1243,29caca3e67ddf7f02d93e48cde0582048df5d8f3a09ea53a7fa47fb7f1e570ee,COPIED
INK_Core_Main_Program_v1.6.5_RC/src/input/pen-calibration.js,product/source/src/input/pen-calibration.js,PRODUCT,7677,f7ff9cedd7f9701e5b25b840af44fb5b46aff713def74373320cb9f2b30036e8,COPIED
INK_Core_Main_Program_v1.6.5_RC/src/input/stylus-test.js,product/source/src/input/stylus-test.js,PRODUCT,8156,b48bfe1d81ea241d30a19515050839d02866039a952d1190840ef285949dfc96,COPIED
INK_Core_Main_Program_v1.6.5_RC/src/material/flower-batch-01.js,product/source/src/material/flower-batch-01.js,PRODUCT,10685,7dd03b9b0bb5bbd16e484ab30322653a15acc50e6eba32246dd4ca35e7cafc67,COPIED
INK_Core_Main_Program_v1.6.5_RC/src/material/index.js,product/source/src/material/index.js,PRODUCT,77,52df9e63cac878a99afb4559ecedd519808006edbb23c1f12b54d7b20e01a9e2,COPIED
INK_Core_Main_Program_v1.6.5_RC/src/material/material-library.js,product/source/src/material/material-library.js,PRODUCT,18171,955e2ebd7c83290736219ab7af5fd5adfa21208a67843518dd0985b716c602f6,COPIED
INK_Core_Main_Program_v1.6.5_RC/src/paint/brush-engine.js,product/source/src/paint/brush-engine.js,PRODUCT,22431,1b6a5267ac087207e42fb84072cc70f147ab077fcfa154ab82a578dbf2c38b0c,COPIED
INK_Core_Main_Program_v1.6.5_RC/src/paint/drawing-quality.js,product/source/src/paint/drawing-quality.js,PRODUCT,4835,55eb75e700484dc9e13b051c3fec74c6f1e572630df853970194b9eb3a0b72e0,COPIED
INK_Core_Main_Program_v1.6.5_RC/src/paint/drawing-workflow-import.js,product/source/src/paint/drawing-workflow-import.js,PRODUCT,15318,24bdde769903b80165662d2be7edb2fd42c0f578e715824a937c05f794bd0289,COPIED
INK_Core_Main_Program_v1.6.5_RC/src/paint/index.js,product/source/src/paint/index.js,PRODUCT,33,d6e458864e9d4a1333ceaa732e687e443e99cba5339dee80a3c915ad08121fc2,COPIED
INK_Core_Main_Program_v1.6.5_RC/src/paint/natural-media-state.js,product/source/src/paint/natural-media-state.js,PRODUCT,3768,2cd3da61355df9e6fb84bdc81f95ba869ae1a24810e34bf654bcec252adfe876,COPIED
INK_Core_Main_Program_v1.6.5_RC/src/paint/paint-core.js,product/source/src/paint/paint-core.js,PRODUCT,5365,206666ceb25162b6622ecb994f541c62d7c81bda936e64e601c51f231aa4a210,COPIED
INK_Core_Main_Program_v1.6.5_RC/src/paint/stroke-model.js,product/source/src/paint/stroke-model.js,PRODUCT,10163,5bf6530415cd3d0ab7f7f4e4f3bce0c9786236e974931e1ddd8ec3f29e7995e2,COPIED
INK_Core_Main_Program_v1.6.5_RC/src/paint/stroke-quality-tools.js,product/source/src/paint/stroke-quality-tools.js,PRODUCT,6110,7760f2f04ec165a0c641e94c9c4c185f62a0189d7a960da67ea8c120beec8e79,COPIED
INK_Core_Main_Program_v1.6.5_RC/src/paint/stroke-session.js,product/source/src/paint/stroke-session.js,PRODUCT,14183,ffbf749e16c00602eed1f72cf1a1bdfb9272f51e6a7f9a5cea5858ba92981747,COPIED
INK_Core_Main_Program_v1.6.5_RC/src/paint/vector-watercolor.js,product/source/src/paint/vector-watercolor.js,PRODUCT,25846,a90ee119d1ac503b230f9e8193866602161c6dab5fbba7825aa056fd81b261a4,COPIED
INK_Core_Main_Program_v1.6.5_RC/src/program-import/canonical-operation.js,product/source/src/program-import/canonical-operation.js,PRODUCT,4934,eb31b583b5967822339171e95d1a1a2ae572b496919dd3a534f1cc7e4dce23c6,COPIED
INK_Core_Main_Program_v1.6.5_RC/src/program-import/comparison-engine.js,product/source/src/program-import/comparison-engine.js,PRODUCT,14376,be5a81c1ec4dfa6b079eaf50d4534970a890ffdb24a2cbdc623d0cdbebe0e7f4,COPIED
INK_Core_Main_Program_v1.6.5_RC/src/program-import/compiler.js,product/source/src/program-import/compiler.js,PRODUCT,15158,f03e2fa0572c56bbd6fce50a6b2a59a144dbadc909edadad5a27e148323c34df,COPIED
INK_Core_Main_Program_v1.6.5_RC/src/program-import/coverage-engine.js,product/source/src/program-import/coverage-engine.js,PRODUCT,8174,50057eaacf662e1b8cf11e56f4878797139f2619370e8a207f03cb17a7fafd4e,COPIED
INK_Core_Main_Program_v1.6.5_RC/src/program-import/expression-ir.js,product/source/src/program-import/expression-ir.js,PRODUCT,5403,a481523a5b8401a0b4bf42b84f5181b01ebf16151a9e1b33be12390e8afa7269,COPIED
INK_Core_Main_Program_v1.6.5_RC/src/program-import/format-detector.js,product/source/src/program-import/format-detector.js,PRODUCT,4155,390df2ae8aeb712a99d128b67d7ea93450a37f140dd8a26d428f8b67e2f1b7b2,COPIED
INK_Core_Main_Program_v1.6.5_RC/src/program-import/importer.js,product/source/src/program-import/importer.js,PRODUCT,10179,7ba697d32c264898c46581e521fb06b528a28e7011f79204289fe7908e93c938,COPIED
INK_Core_Main_Program_v1.6.5_RC/src/program-import/index.js,product/source/src/program-import/index.js,PRODUCT,401,3f0c599bd8f45564932f169883a43a1423495501095147e88ae9d5828ebfda6a,COPIED
INK_Core_Main_Program_v1.6.5_RC/src/program-import/parsers.js,product/source/src/program-import/parsers.js,PRODUCT,27904,9f1ffc7611fa8c6ae03b4c658c07f1f2e66be2f8438a68af24f6ea55ba51f22b,COPIED
INK_Core_Main_Program_v1.6.5_RC/src/program-import/reference-package.js,product/source/src/program-import/reference-package.js,PRODUCT,2785,658204a921f84eab421c9c4e151c9d389495ec51f942b5d6dfc41251093e69b3,COPIED
INK_Core_Main_Program_v1.6.5_RC/src/program-import/reference-pipeline.js,product/source/src/program-import/reference-pipeline.js,PRODUCT,1893,f5ea137b97f7aedac67c85dfa0857e7c8868b0c8684be5141cd4b325de57b76e,COPIED
INK_Core_Main_Program_v1.6.5_RC/src/program-import/reference-runner.js,product/source/src/program-import/reference-runner.js,PRODUCT,6624,d093d4767c333335fee9235ebc5fe48b37a19cf9033fc727a7b1660f8f8deda1,COPIED
INK_Core_Main_Program_v1.6.5_RC/src/program-import/security.js,product/source/src/program-import/security.js,PRODUCT,3750,e232ce2e05b0046a28c7ca28aa93f2b1247172070cda10eb26bec758a3966215,COPIED
INK_Core_Main_Program_v1.6.5_RC/src/pwa/index.js,product/source/src/pwa/index.js,PRODUCT,37,40fc9fa14b5a9bdad28e7ffb857a7e72f7bfceb08e8287f182a1adfea7c57e3b,BOUNDARY_PENDING
INK_Core_Main_Program_v1.6.5_RC/src/pwa/update-manager.js,product/source/src/pwa/update-manager.js,PRODUCT,3040,a68e7b90d3975b020692c8fca2058458a81b9422983e6c1263950eab3163d577,BOUNDARY_PENDING
INK_Core_Main_Program_v1.6.5_RC/src/recipe/recipe-asset.js,product/source/src/recipe/recipe-asset.js,PRODUCT,4248,a6803519274db77588c1a423834d24a89f103667a8ad713f553cf9f47dcf1c7c,BOUNDARY_PENDING
INK_Core_Main_Program_v1.6.5_RC/src/recipe/recipe-engine.js,product/source/src/recipe/recipe-engine.js,PRODUCT,41656,c9c542086ad441650b1e813fd5612956de21c68f7cbe092ddbe4268de4b720b5,BOUNDARY_PENDING
INK_Core_Main_Program_v1.6.5_RC/src/recipe/recipe-io.js,product/source/src/recipe/recipe-io.js,PRODUCT,2263,fa78fea053332fe3eed0169411c0faebe5e091859c4044d5b2d35eb6dc78d8b2,BOUNDARY_PENDING
INK_Core_Main_Program_v1.6.5_RC/src/recipe/recipe-migration.js,product/source/src/recipe/recipe-migration.js,PRODUCT,1496,3fc28fbb0349df01b63dd9de368505256727eac32685181257b6df3d31149a39,BOUNDARY_PENDING
INK_Core_Main_Program_v1.6.5_RC/src/recipe/recipe-validator.js,product/source/src/recipe/recipe-validator.js,PRODUCT,1522,6f8b542a8acb7857770b748236792f9dfc0855fc7c1f2281b9c1019c77378188,BOUNDARY_PENDING
INK_Core_Main_Program_v1.6.5_RC/src/recompute/affected-scope.js,product/source/src/recompute/affected-scope.js,PRODUCT,5613,6aed09683e9511410013a4cbef157b4dd824287a8a5b4bb49e381c784ec6e5d6,COPIED
INK_Core_Main_Program_v1.6.5_RC/src/recompute/change-domain.js,product/source/src/recompute/change-domain.js,PRODUCT,1410,0f37fb025e0f6309218927a41b7824a7c60e07ae50b344709b2ef92284c43d78,COPIED
INK_Core_Main_Program_v1.6.5_RC/src/recompute/dependency-graph.js,product/source/src/recompute/dependency-graph.js,PRODUCT,22572,6baacabc0b4f1058b1ce1f9208c5a7f097b5285fcf51090356125fd6e76b89a8,COPIED
INK_Core_Main_Program_v1.6.5_RC/src/recompute/local-recompute.js,product/source/src/recompute/local-recompute.js,PRODUCT,11517,a9ec35827f81cad3cf058263224474122b49374df4cc6b9e99fb9004b54e06b1,COPIED
INK_Core_Main_Program_v1.6.5_RC/src/recompute/recompute-report.js,product/source/src/recompute/recompute-report.js,PRODUCT,1292,8a0bf24687ff78b551201ef1a6015ca98c01183fbaaa03b65af78dec36a76174,COPIED
INK_Core_Main_Program_v1.6.5_RC/src/recompute/recompute-validator.js,product/source/src/recompute/recompute-validator.js,PRODUCT,1062,d3dbd9035640cf4692034dcde72108168d90b4c0c389d18f89d4ab2e0ace482b,COPIED
INK_Core_Main_Program_v1.6.5_RC/src/release/external-diagnostics.js,product/source/src/release/external-diagnostics.js,PRODUCT,8221,8671e1ddf27ab34c986c3baed14b4153dfc22f606907bbe36840d207c5855b73,COPIED
INK_Core_Main_Program_v1.6.5_RC/src/release/index.js,product/source/src/release/index.js,PRODUCT,81,b35b7875484a54fe6e11b11512d90c7e9f2c2acdc292478f6e931abf84106c6c,COPIED
INK_Core_Main_Program_v1.6.5_RC/src/release/runtime-health.js,product/source/src/release/runtime-health.js,PRODUCT,4477,e0e4984072b7b72d15ffa737f820e0d7cec582ce465fdf575f44f726452e154b,COPIED
INK_Core_Main_Program_v1.6.5_RC/src/render/canvas2d/multi-channel-ink-canvas2d.js,product/source/src/render/canvas2d/multi-channel-ink-canvas2d.js,PRODUCT,4359,da423f411e67ab2d58f28ae0fbd4218a3452abbd85413d432b47663e7282c395,COPIED
INK_Core_Main_Program_v1.6.5_RC/src/render/canvas2d/natural-media-canvas2d.js,product/source/src/render/canvas2d/natural-media-canvas2d.js,PRODUCT,9560,17837cf04180c38ec81709c99a67c39f67447d02235883b18aa10f0b38487a25,COPIED
INK_Core_Main_Program_v1.6.5_RC/src/render/gpu-resource-budget.js,product/source/src/render/gpu-resource-budget.js,PRODUCT,5922,6034f5d0aa3c9385836dba2cede0e27556877e64e4034ce137ec4f6fef4f8c60,COPIED
INK_Core_Main_Program_v1.6.5_RC/src/render/index.js,product/source/src/render/index.js,PRODUCT,662,aa27ffc5d20a3ffafb7d9d3a591d0efac51a599a85a47734b869840b5c27a94b,COPIED
INK_Core_Main_Program_v1.6.5_RC/src/render/interactive-benchmark.js,product/source/src/render/interactive-benchmark.js,PRODUCT,7967,1a195eb7aeb601dd4938063c3c5ffcb75e6bbc23d705d731ffddf0e6e38e1926,COPIED
INK_Core_Main_Program_v1.6.5_RC/src/render/live-canvas-tile-renderer.js,product/source/src/render/live-canvas-tile-renderer.js,PRODUCT,4093,1bd497d9aa0f11b64648186829b689d45eb5ab0db1d71c4cdd0e71938a52dfff,COPIED
INK_Core_Main_Program_v1.6.5_RC/src/render/multi-channel-ink.js,product/source/src/render/multi-channel-ink.js,PRODUCT,9632,931ee9b549dea52842f9db3498a25d92e71562f6370b9322568b2913eea391b3,COPIED
INK_Core_Main_Program_v1.6.5_RC/src/render/natural-media-controller.js,product/source/src/render/natural-media-controller.js,PRODUCT,5768,7426a9c129f911c92f358a8c19bce072d61ccfc180a9b855e48ca59bb8466e94,COPIED
INK_Core_Main_Program_v1.6.5_RC/src/render/natural-media-run-utils.js,product/source/src/render/natural-media-run-utils.js,PRODUCT,2525,d0da69518b1bcfaec3e2096950ac418c5f76a39e83aefbfdb00cc1fcf8628ead,COPIED
INK_Core_Main_Program_v1.6.5_RC/src/render/natural-media-utils.js,product/source/src/render/natural-media-utils.js,PRODUCT,14770,e5338005862cc09ed7dd507c968486017372f59254d272368ee2be6e97415de1,COPIED
INK_Core_Main_Program_v1.6.5_RC/src/render/paper-profile.js,product/source/src/render/paper-profile.js,PRODUCT,4702,175d903bb9a3126b3d4d64d7a39a28583ed36c65601b11dcae347bad57f359ef,COPIED
INK_Core_Main_Program_v1.6.5_RC/src/render/pixel-compare.js,product/source/src/render/pixel-compare.js,PRODUCT,1143,3932aa903d68888b9bf1d2f6e5e060219175859cca9b681550a33611c7ac0af1,COPIED
INK_Core_Main_Program_v1.6.5_RC/src/render/tile-atlas.js,product/source/src/render/tile-atlas.js,PRODUCT,8878,5a916e87e80643aadaaf84e563f3254bed33b56c436a888cfbafa24bc7366658,COPIED
INK_Core_Main_Program_v1.6.5_RC/src/render/tiled-export.js,product/source/src/render/tiled-export.js,PRODUCT,8392,5d3772a9fceb544818c821abc0a90788b3aa207c276076e901c4cd97630ab09a,COPIED
INK_Core_Main_Program_v1.6.5_RC/src/render/webgl/multi-channel-ink-webgl.js,product/source/src/render/webgl/multi-channel-ink-webgl.js,PRODUCT,21372,9a05e7f1ff880fbeb4113e453775a9d84240eb3a8cb4bbbebf0337dc064f06a1,COPIED
INK_Core_Main_Program_v1.6.5_RC/src/render/webgl/natural-media-webgl.js,product/source/src/render/webgl/natural-media-webgl.js,PRODUCT,15156,abc12e9c29fdb8e5416d84d0cd4a4aa22cbd6135bb364cf54156c15facd775f8,COPIED
INK_Core_Main_Program_v1.6.5_RC/src/repeat/repeat-identity.js,product/source/src/repeat/repeat-identity.js,PRODUCT,2873,cf1469cabdb7e68e98f0eaf4d2262522a1e10f1562239334f71f511e31cd1065,COPIED
INK_Core_Main_Program_v1.6.5_RC/src/semantic/relationship-graph.js,product/source/src/semantic/relationship-graph.js,PRODUCT,2003,97552fd95c0f6bb2e4dfc32d4809af812316b1b03b87606883b569d9510fc382,COPIED
INK_Core_Main_Program_v1.6.5_RC/src/semantic/semantic-migration.js,product/source/src/semantic/semantic-migration.js,PRODUCT,1031,08588849ba05cec09cbd5a59604dfe4952e8068a2257cc66e0ad87f9298558d2,COPIED
INK_Core_Main_Program_v1.6.5_RC/src/semantic/semantic-model.js,product/source/src/semantic/semantic-model.js,PRODUCT,3924,c980eb66e461b298d4feec5016673a8a7b054fb1dd549922b013394695a3fd57,COPIED
INK_Core_Main_Program_v1.6.5_RC/src/semantic/semantic-resolver.js,product/source/src/semantic/semantic-resolver.js,PRODUCT,2995,37df5002824c514c5b712bfe0c109c94762ab20b938e7d19faca682600560c2f,COPIED
INK_Core_Main_Program_v1.6.5_RC/src/semantic/semantic-validator.js,product/source/src/semantic/semantic-validator.js,PRODUCT,1363,8657a0d5df3db905d2a798cd28bbee26e1b07f36379e5c19f83f11f31d8c914a,COPIED
INK_Core_Main_Program_v1.6.5_RC/src/spatial/index.js,product/source/src/spatial/index.js,PRODUCT,72,b04f99515ba81272e10f3498cc093d7b8638f1a065ab7a49b2108a4ef0c96b59,COPIED
INK_Core_Main_Program_v1.6.5_RC/src/spatial/page-spatial-index.js,product/source/src/spatial/page-spatial-index.js,PRODUCT,4546,57e35825835b50fde6b0777e0cfdb921c02f01cf9b9fec05fa338e903619b0f9,COPIED
INK_Core_Main_Program_v1.6.5_RC/src/spatial/quadtree.js,product/source/src/spatial/quadtree.js,PRODUCT,3080,f28ebf4a76cf681f2d37a386203baa79d30f94c36b3c461dd4cd803cd0c107fd,COPIED
INK_Core_Main_Program_v1.6.5_RC/src/stroke/edit.js,product/source/src/stroke/edit.js,PRODUCT,12358,0fd8a45141fedf69c615cf5d0db0df36b60524ee5b525ba96e2f004f68b994e7,COPIED
INK_Core_Main_Program_v1.6.5_RC/src/stroke/index.js,product/source/src/stroke/index.js,PRODUCT,27,4e0c529443f46019ba21e01386030316bed0b9c93c43d352d0ee4de488aec1b9,COPIED
INK_Core_Main_Program_v1.6.5_RC/src/studio-core.js,product/source/src/studio-core.js,PRODUCT,50908,8eb383d6f26ba870249ae255d4d153d45d78f13f275ecec53ae144d234c0eef7,COPIED
INK_Core_Main_Program_v1.6.5_RC/src/types/ink-types.ts,engineering/source/src/types/ink-types.ts,ENGINEERING,11730,30e902221e1f1985375bb5edd3b8d9323b022f8386f0fff2756e447331d65ecf,COPIED
INK_Core_Main_Program_v1.6.5_RC/src/vector/deformation.js,product/source/src/vector/deformation.js,PRODUCT,2939,b905b1819961fa7f07f19ec9ffdbbfb36fa0a185a4e5338c18cd97d97883b8be,COPIED
INK_Core_Main_Program_v1.6.5_RC/src/vector/svg-id-normalizer.js,product/source/src/vector/svg-id-normalizer.js,PRODUCT,3492,89dccfcfd2653dc42fa3059402733de4e73c5ca065a27a7b53fb096edb4e267c,COPIED
INK_Core_Main_Program_v1.6.5_RC/src/vector/vector-core.js,product/source/src/vector/vector-core.js,PRODUCT,42377,6316a891dc1229d74c922d51c2a1ac3641a1d2c39e909ecc84e034d17ca7ea45,COPIED
INK_Core_Main_Program_v1.6.5_RC/src/vendor/polygon-clipping.LICENSE.md,product/source/src/vendor/polygon-clipping.LICENSE.md,PRODUCT,1327,864ae9e4ed75e1571a3bcf5dc9070264213445b32e7e2af5bf60eba46fb656d0,COPIED
INK_Core_Main_Program_v1.6.5_RC/src/vendor/polygon-clipping.umd.min.js,product/source/src/vendor/polygon-clipping.umd.min.js,PRODUCT,29106,7f8619e84a86ce8dd400c9b50430e9c8cf8f26027b19eeb479f109f5c1a9d688,COPIED
INK_Core_Main_Program_v1.6.5_RC/styles.css,product/source/styles.css,PRODUCT,94578,1820ce71fe20c199f69c855ddd5b0dd7e160b6a4d9b7fdc7eeaab9ce8bb92c5a,COPIED
INK_Core_Main_Program_v1.6.5_RC/test-fixtures/01_blank_a4.ink,qa/core/test-fixtures/01_blank_a4.ink,QA,2164,19e77e18622bba5958b7ab4243ced86b55b15ee0279d6e32923e7395ca1bd7c4,COPIED
INK_Core_Main_Program_v1.6.5_RC/test-fixtures/02_creation_outside_artboard.ink,qa/core/test-fixtures/02_creation_outside_artboard.ink,QA,4181,371e52399c1fe8705f4c2785e013ccbb81822703232f3603b1348ba0632dcfb2,COPIED
INK_Core_Main_Program_v1.6.5_RC/test-fixtures/03_multilayer_poster.ink,qa/core/test-fixtures/03_multilayer_poster.ink,QA,6850,e6d215f6c2b98aa5627d1cb2433d7918b04faf5ac69a00d61b0cc263226a0e99,COPIED
INK_Core_Main_Program_v1.6.5_RC/test-fixtures/04_natural_media_stress.ink,qa/core/test-fixtures/04_natural_media_stress.ink,QA,5204106,8aa435a1c832b7949b955362fcab98c5b7989b2a8620cb7c400b612293df1fb6,COPIED
INK_Core_Main_Program_v1.6.5_RC/test-fixtures/05_v082_fixed_migration.ink,qa/core/test-fixtures/05_v082_fixed_migration.ink,QA,6261,7a0918ad5156acbbe7b9887039e7cd118c6e363d5b2b7999f45268ba60cf1c39,COPIED
INK_Core_Main_Program_v1.6.5_RC/test-fixtures/06_v082_infinite_migration.ink,qa/core/test-fixtures/06_v082_infinite_migration.ink,QA,3590,8296163f15b30ed2e5c09379eaf9d56154e3391452259efe33ad0dfa25d902f5,COPIED
INK_Core_Main_Program_v1.6.5_RC/test-fixtures/07_invalid_duplicate_id.ink,qa/core/test-fixtures/07_invalid_duplicate_id.ink,QA,3270,90bccce39acc56a193001d3e793801ed8823bf5f18d84032c5433a0702e7378a,COPIED
INK_Core_Main_Program_v1.6.5_RC/test-fixtures/08_storage_recovery_scenario.json,qa/core/test-fixtures/08_storage_recovery_scenario.json,QA,16597,de87b46c55067c777404500501169c792fd88d9ac05dcb18873817025b9ccf78,COPIED
INK_Core_Main_Program_v1.6.5_RC/tests/browser-regression-v0.8.py,qa/core/tests/browser-regression-v0.8.py,QA,32014,7a2031db6aa64080b94ae702b463a431da1fc992720106fe531a7db6973ff067,COPIED
INK_Core_Main_Program_v1.6.5_RC/tests/cli/cli.test.mjs,qa/core/tests/cli/cli.test.mjs,QA,2957,401e047f51a7fe866357aa5bae170b5777ad112e933f060da54415da0a95f010,COPIED
INK_Core_Main_Program_v1.6.5_RC/tests/dependency/doctor-dependency.test.mjs,qa/core/tests/dependency/doctor-dependency.test.mjs,QA,1864,5970bfe0a228ba6a0c8e9184d316a66345c69dce79c83e4ad0666524e911963a,COPIED
INK_Core_Main_Program_v1.6.5_RC/tests/determinism/determinism.test.mjs,qa/core/tests/determinism/determinism.test.mjs,QA,1107,3fc6b41b87962d907ef54d2b2406dbdf350514802e7e1e771d7cd2471e425682,COPIED
INK_Core_Main_Program_v1.6.5_RC/tests/flora/flora-action-layer.test.mjs,qa/core/tests/flora/flora-action-layer.test.mjs,QA,3007,0ab838a3d14556d466ad48fa13f94d7d9e7a333b31ba516233fbb1d01349a545,COPIED
INK_Core_Main_Program_v1.6.5_RC/tests/flora/runtime-evidence.py,qa/core/tests/flora/runtime-evidence.py,QA,4343,6b2b8133995814e2d76b46d2928ecd8d05845ab2392821ba4df3971ab98428b6,COPIED
INK_Core_Main_Program_v1.6.5_RC/tests/headless/headless-runtime.test.mjs,qa/core/tests/headless/headless-runtime.test.mjs,QA,3638,35fc975df1d2af2e53d5e025458bd05914a05c1b5ece591277dcfa30e50fdba9,COPIED
INK_Core_Main_Program_v1.6.5_RC/tests/headless/runtime-fixture.mjs,qa/core/tests/headless/runtime-fixture.mjs,QA,988,80407cc8a1f84d516cc749b1cc9980541ecd3c93336e3c19dcc5e04aeb7d4455,COPIED
INK_Core_Main_Program_v1.6.5_RC/tests/helpers/flora-wp6-fixture.mjs,qa/core/tests/helpers/flora-wp6-fixture.mjs,QA,5327,b4aeea36fcb5bc1893bcf7a4a7a858b977f629452bafccf19cd0b78b826ad91b,COPIED
INK_Core_Main_Program_v1.6.5_RC/tests/intent/intent.test.mjs,qa/core/tests/intent/intent.test.mjs,QA,1093,b619387da9ecdf9bdac976540360374f7e44bbb543f4172dea413029daabb762,COPIED
INK_Core_Main_Program_v1.6.5_RC/tests/origin-regression-v0.8.py,qa/core/tests/origin-regression-v0.8.py,QA,5374,7c76b65caf28f555fafcab7e21b46370e4db159414040d3ecb3141b280ee303f,COPIED
INK_Core_Main_Program_v1.6.5_RC/tests/performance-internal-hardening-v0.8.mjs,qa/core/tests/performance-internal-hardening-v0.8.mjs,QA,5002,ae6202cb82aa25e385159b87262bda803f51ea6af259b14bd9551627b72c6d1e,COPIED
INK_Core_Main_Program_v1.6.5_RC/tests/performance-large-document-v0.8.mjs,qa/core/tests/performance-large-document-v0.8.mjs,QA,4010,5544da6165dde1fb78d4a300d32f1c6eea51889d1d91c5f723ca9191612aa811,COPIED
INK_Core_Main_Program_v1.6.5_RC/tests/performance-multichannel-v0.8.mjs,qa/core/tests/performance-multichannel-v0.8.mjs,QA,2887,ae70c337874286646ddbd02e0b5824812184ad3a049ad818eaf5779d9a0090ef,COPIED
INK_Core_Main_Program_v1.6.5_RC/tests/performance-natural-media-v0.8.mjs,qa/core/tests/performance-natural-media-v0.8.mjs,QA,2243,679cd15ffab6e13d1a8f849fe21bb480adf29f2b18990ccd1a2e3bf06331a09c,COPIED
INK_Core_Main_Program_v1.6.5_RC/tests/performance-platform-v0.8.mjs,qa/core/tests/performance-platform-v0.8.mjs,QA,4133,ce601591b9e4200b9654e2c582c9a1c372b3c048da3faf1fabaddd56892947a6,COPIED
INK_Core_Main_Program_v1.6.5_RC/tests/performance-release-endurance-v0.8.mjs,qa/core/tests/performance-release-endurance-v0.8.mjs,QA,4055,dc807ebf5c9d08acfd4d302a3889c81a4739b92c9f5210a3f579398482e73037,COPIED
INK_Core_Main_Program_v1.6.5_RC/tests/performance-spatial-v0.8.mjs,qa/core/tests/performance-spatial-v0.8.mjs,QA,2210,5084554b7d7b19244d82f6debf1bdd250a6f40ae03d833c180e34ab85dc4c841,COPIED
INK_Core_Main_Program_v1.6.5_RC/tests/preservation/preservation.test.mjs,qa/core/tests/preservation/preservation.test.mjs,QA,931,c31b3f3900e54822a3a6ec6efd4630f86dd56cac358896649cb1915e213da266,COPIED
INK_Core_Main_Program_v1.6.5_RC/tests/qa/qa.test.mjs,qa/core/tests/qa/qa.test.mjs,QA,779,bbc3c0ae5b5605a506ccf5c9693cd1a87af0502ca2bebd97444fb4815e616e46,COPIED
INK_Core_Main_Program_v1.6.5_RC/tests/release-check-v0.8.py,qa/core/tests/release-check-v0.8.py,QA,18075,33ffd76f2468b234b6645e6ae6e6577f8998b9d8b9c86cdcfc4a6c45b06b094e,COPIED
INK_Core_Main_Program_v1.6.5_RC/tests/run_wp8b_unit_by_file.sh,qa/core/tests/run_wp8b_unit_by_file.sh,QA,1171,7aac0e9e656b44e41c516bb89438f901e180ee5c7e9c4bcb648d3378dffad090,COPIED
INK_Core_Main_Program_v1.6.5_RC/tests/session/session.test.mjs,qa/core/tests/session/session.test.mjs,QA,911,5073c83c2d2c85525c94def4b5b1b971f7e4d431b6245fb5c4f49ba774313f55,COPIED
INK_Core_Main_Program_v1.6.5_RC/tests/unit/ai-command-layer-v150.test.mjs,qa/core/tests/unit/ai-command-layer-v150.test.mjs,QA,19736,5b71b164df9da4fc1b56950cefb48eb697ca0843d168252d692f097519887e81,COPIED
INK_Core_Main_Program_v1.6.5_RC/tests/unit/artboard-output.test.mjs,qa/core/tests/unit/artboard-output.test.mjs,QA,5593,fb8573ca69883867dd2d5d9fdf3dcacb9816dc11c35689df14cbdb942b229174,COPIED
INK_Core_Main_Program_v1.6.5_RC/tests/unit/chat-runtime-v151.test.mjs,qa/core/tests/unit/chat-runtime-v151.test.mjs,QA,29291,d5058d02fde53689787c1bda4ac0df4a5aad23fb3eb6ce898c92d38511e78403,COPIED
INK_Core_Main_Program_v1.6.5_RC/tests/unit/core.test.mjs,qa/core/tests/unit/core.test.mjs,QA,1102,887dc410183711dad6858cb098d488f227adee113768c544bb0688487fabb0c8,COPIED
INK_Core_Main_Program_v1.6.5_RC/tests/unit/document.test.mjs,qa/core/tests/unit/document.test.mjs,QA,1890,679d234e4ff35b01b4ab633b8427edb1f1476e43ec91f5e7ad430001cac2477c,COPIED
INK_Core_Main_Program_v1.6.5_RC/tests/unit/editor.test.mjs,qa/core/tests/unit/editor.test.mjs,QA,1159,9965c2e8dfb11cc638b7eda09392ddc27820f9ebc7c11837d1377f4181c6e7aa,COPIED
INK_Core_Main_Program_v1.6.5_RC/tests/unit/flora-atomic.test.mjs,qa/core/tests/unit/flora-atomic.test.mjs,QA,2209,76e1342a8f01865f3c743924add34045a20d5beab0b5feb2a33e754937636a8a,COPIED
INK_Core_Main_Program_v1.6.5_RC/tests/unit/flora-wp2.test.mjs,qa/core/tests/unit/flora-wp2.test.mjs,QA,1652,3c163017c9a54b66b0c13f0dd61a43a1b7a8e7f6a42f68bf71650cc716b83306,COPIED
INK_Core_Main_Program_v1.6.5_RC/tests/unit/flora-wp3.test.mjs,qa/core/tests/unit/flora-wp3.test.mjs,QA,13212,82a20b1ea97bdcff09df66c85dc252d8614a992e26889d709ddc6ea1b5a8cf43,COPIED
INK_Core_Main_Program_v1.6.5_RC/tests/unit/flora-wp4.test.mjs,qa/core/tests/unit/flora-wp4.test.mjs,QA,15150,8aec6043c9d9d339b56d56e820b3cf5bd1d85d1cb498adfb89d624c38dba9890,COPIED
INK_Core_Main_Program_v1.6.5_RC/tests/unit/flora-wp5.test.mjs,qa/core/tests/unit/flora-wp5.test.mjs,QA,16147,1ab45a1825f30bb2dff35dc04f2a69891ec8503c0eb1da135eea9200555bd9cf,COPIED
INK_Core_Main_Program_v1.6.5_RC/tests/unit/flora-wp7.test.mjs,qa/core/tests/unit/flora-wp7.test.mjs,QA,13138,caf4a1a71dc92079abeea258a3114a512d6edee2905c74bff44c3c813adebcda,COPIED
INK_Core_Main_Program_v1.6.5_RC/tests/unit/flora-wp7r.test.mjs,qa/core/tests/unit/flora-wp7r.test.mjs,QA,10220,007fd0d0b177a7ea20b6ea6f12361e28adb5273eb9786a1746f01cda146b1ef0,COPIED
INK_Core_Main_Program_v1.6.5_RC/tests/unit/flora-wp8.test.mjs,qa/core/tests/unit/flora-wp8.test.mjs,QA,2479,1c04680cad12efde2567e5ded9e2e80cdaad0f1524963e2490fa1ad5fa3e0b8a,COPIED
INK_Core_Main_Program_v1.6.5_RC/tests/unit/flora-wp8b.test.mjs,qa/core/tests/unit/flora-wp8b.test.mjs,QA,9437,331d687222fc5436fddd2ecd09f17a6b97ecc5d2ae1c0f7e41eeb31d96585af5,COPIED
INK_Core_Main_Program_v1.6.5_RC/tests/unit/flora-wp9a-r1a.test.mjs,qa/core/tests/unit/flora-wp9a-r1a.test.mjs,QA,9565,1879b30e4674b6d4ca9e6e789416aac09ae97dbda87e44d34cd58be3326e6e01,COPIED
INK_Core_Main_Program_v1.6.5_RC/tests/unit/flora-wp9a-r1a1.test.mjs,qa/core/tests/unit/flora-wp9a-r1a1.test.mjs,QA,10842,45c1dd4bf70511e5b78fc963d81747c08826c95d3d8cbd5fde88236edc384cd7,COPIED
INK_Core_Main_Program_v1.6.5_RC/tests/unit/flora-wp9a-r1c-reliability.test.mjs,qa/core/tests/unit/flora-wp9a-r1c-reliability.test.mjs,QA,2699,5a26cd053ac0363bd58066d5899fdc385e024176b43657e91138bbbf1e354714,COPIED
INK_Core_Main_Program_v1.6.5_RC/tests/unit/flora-wp9a-r1c.test.mjs,qa/core/tests/unit/flora-wp9a-r1c.test.mjs,QA,10248,af8a8f8a48e6445c1207cdec0862aa0045961e0529e0a69c82c2465bd6cdba6e,COPIED
INK_Core_Main_Program_v1.6.5_RC/tests/unit/flora-wp9a-r1c1.test.mjs,qa/core/tests/unit/flora-wp9a-r1c1.test.mjs,QA,9924,eb61054e750fd82030e0b46a0ec31f0e13ba91d440695ba36b965f4cbf9959da,COPIED
INK_Core_Main_Program_v1.6.5_RC/tests/unit/flora-wp9a-r2-identity-recovery.test.mjs,qa/core/tests/unit/flora-wp9a-r2-identity-recovery.test.mjs,QA,3281,5de9debd083896a6f147bb4c7c7a303a72d336e6cab72068cdbad2b94ca85288,COPIED
INK_Core_Main_Program_v1.6.5_RC/tests/unit/flora-wp9a.test.mjs,qa/core/tests/unit/flora-wp9a.test.mjs,QA,8519,22cb43f6396a8413bd4084d0dbe27a53905c0e4cd5e0ac2f537d731430365ced,COPIED
INK_Core_Main_Program_v1.6.5_RC/tests/unit/hand-drawing-v130.test.mjs,qa/core/tests/unit/hand-drawing-v130.test.mjs,QA,12859,7cf55d6450e3e51876c7285dda042f8c5903730d255b8ffe76dc3ad260d700de,COPIED
INK_Core_Main_Program_v1.6.5_RC/tests/unit/history.test.mjs,qa/core/tests/unit/history.test.mjs,QA,3505,0265a89efb9e09dc45c11e583a29e8289e253984719651516139cf33622bc8a5,COPIED
INK_Core_Main_Program_v1.6.5_RC/tests/unit/input.test.mjs,qa/core/tests/unit/input.test.mjs,QA,877,f33f58a037b8625215c47adfef485e70c89ae16a2bdff096b1034874a3499e45,COPIED
INK_Core_Main_Program_v1.6.5_RC/tests/unit/internal-hardening.test.mjs,qa/core/tests/unit/internal-hardening.test.mjs,QA,7887,28a226dda3f82539eafb5426731b502cb2246ac82e4911c5663f697c972e8ddd,COPIED
INK_Core_Main_Program_v1.6.5_RC/tests/unit/multi-channel.test.mjs,qa/core/tests/unit/multi-channel.test.mjs,QA,4041,2c256ae8dc7d310f8811b013cff3a7563388097648fede83217168b4add86aaf,COPIED
INK_Core_Main_Program_v1.6.5_RC/tests/unit/natural-media-wp8a.test.mjs,qa/core/tests/unit/natural-media-wp8a.test.mjs,QA,7299,1d96f03525bc947937b611c995ecc6d5fb31079c815a236a884bff83365f9371,COPIED
INK_Core_Main_Program_v1.6.5_RC/tests/unit/natural-media.test.mjs,qa/core/tests/unit/natural-media.test.mjs,QA,2785,26d746a44faa11e4036569f80906ca72df87b9cb1f4d45bccb0ce99a540a8981,COPIED
INK_Core_Main_Program_v1.6.5_RC/tests/unit/performance-v150.test.mjs,qa/core/tests/unit/performance-v150.test.mjs,QA,5590,d88172e954568ac06dee53a19c54f1f89cf7373a2cecc5c5a896a17eb988c459,COPIED
INK_Core_Main_Program_v1.6.5_RC/tests/unit/platform-v3.2.test.mjs,qa/core/tests/unit/platform-v3.2.test.mjs,QA,4615,d9362df495dc534b2ad8ce3ccee80fa28dee7ece986ab82179fa3457c01f53f5,COPIED
INK_Core_Main_Program_v1.6.5_RC/tests/unit/pro-creative-core-v100.test.mjs,qa/core/tests/unit/pro-creative-core-v100.test.mjs,QA,7924,91255e96ef6b550c25f78efc3439ea72de9685ab45dec7f84938e554a2136b30,COPIED
INK_Core_Main_Program_v1.6.5_RC/tests/unit/professional-drawing-v140.test.mjs,qa/core/tests/unit/professional-drawing-v140.test.mjs,QA,7505,766feca1480d4f766b029e6e2d2b1c8e874209b48ca5c4b09de8cb7cb84ce38f,COPIED
INK_Core_Main_Program_v1.6.5_RC/tests/unit/program-import-v110.test.mjs,qa/core/tests/unit/program-import-v110.test.mjs,QA,16290,e63ba5a0ef5d400118b5195f630c653480e4ac530028fd20ecb539d3a39c38c8,COPIED
INK_Core_Main_Program_v1.6.5_RC/tests/unit/reference-runner-v120.test.mjs,qa/core/tests/unit/reference-runner-v120.test.mjs,QA,5277,adde1988a1f44853a38713f234dab87700684a71aaf9488acd76aeedad3a6da1,COPIED
INK_Core_Main_Program_v1.6.5_RC/tests/unit/release-candidate.test.mjs,qa/core/tests/unit/release-candidate.test.mjs,QA,4144,7f2622e0f39562229f7e61f311d11fddadfc118f4f2bf0d4e1feaaf036c219bf,COPIED
INK_Core_Main_Program_v1.6.5_RC/tests/unit/spatial.test.mjs,qa/core/tests/unit/spatial.test.mjs,QA,1958,5aa393bbd6a8f737ef398278c39aebd1eb38478bb44361e01fde64397f165958,COPIED
INK_Core_Main_Program_v1.6.5_RC/tests/unit/storage.test.mjs,qa/core/tests/unit/storage.test.mjs,QA,736,2f6f27c8e5e58c0ee7f1af30029b8a6f77618f6d830965734b5cde0d3bfe5b9f,COPIED
INK_Core_Main_Program_v1.6.5_RC/tests/unit/stroke.test.mjs,qa/core/tests/unit/stroke.test.mjs,QA,3998,4076ee25fa7cdb836ed9075e0b44b54c6a4fe7aa27689722ffc6ecd8e227080e,COPIED
INK_Core_Main_Program_v1.6.5_RC/tests/unit/studio-core-v090.test.mjs,qa/core/tests/unit/studio-core-v090.test.mjs,QA,7447,0b10d41d7173180b30381813b0eaec71b11faf1fd320ecd42ef7d0b81e8294ec,COPIED
INK_Core_Main_Program_v1.6.5_RC/tests/unit/v100-roundtrip-migration-endurance.test.mjs,qa/core/tests/unit/v100-roundtrip-migration-endurance.test.mjs,QA,3034,9c2306b086e145e6129a825729c603c220d46de0847b04e3fcf06224fa84cf38,COPIED
INK_Core_Main_Program_v1.6.5_RC/tests/v160/compare-assets-integration.test.mjs,qa/core/tests/v160/compare-assets-integration.test.mjs,QA,6293,6392a0f9dc8ee79cfeb08f44bf59db6523e52d018e75aeef5157177045c578dc,COPIED
INK_Core_Main_Program_v1.6.5_RC/tests/v160/recipe-semantic-recompute.test.mjs,qa/core/tests/v160/recipe-semantic-recompute.test.mjs,QA,8126,b99a216ac82c9266185f90a1bee57dc0ebf546e837dba20c51cb4603914be147,COPIED
INK_Core_Main_Program_v1.6.5_RC/tests/v161/fleurify-auto-translation.test.mjs,qa/core/tests/v161/fleurify-auto-translation.test.mjs,QA,4044,0fce9c6c3f48de159087e68c0e44a9a41cba2dc10203d948eaf36e1428b57990,COPIED
INK_Core_Main_Program_v1.6.5_RC/tests/v162/structure-capabilities.test.mjs,qa/core/tests/v162/structure-capabilities.test.mjs,QA,15055,3770fa876a519c28bc48d4c24c348bae90c342679f06ba87b084b2ee7439ec5e,COPIED
INK_Core_Main_Program_v1.6.5_RC/tests/v163/vector-watercolor-capabilities.test.mjs,qa/core/tests/v163/vector-watercolor-capabilities.test.mjs,QA,9294,a6a69cc75959a4dcb0a08d8b0a974373b3a51efe5075ee75f8d6c7b87cd974ab,COPIED
INK_Core_Main_Program_v1.6.5_RC/tests/v163-id/id-normalization-and-video.test.mjs,qa/core/tests/v163-id/id-normalization-and-video.test.mjs,QA,4037,f41cc0801212b9b7e213da6f7b73b7b908102185a31af7ef6b501189963cba2a,COPIED
INK_Core_Main_Program_v1.6.5_RC/tests/v164/watercolor-visual-core-v2.test.mjs,qa/core/tests/v164/watercolor-visual-core-v2.test.mjs,QA,6333,d8deebf81372644ba5713a43bdf28c8698ed791d98c254cad705d766db6420d9,COPIED
INK_Core_Main_Program_v1.6.5_RC/tests/v165/dependency-scope.test.mjs,qa/core/tests/v165/dependency-scope.test.mjs,QA,14529,9a162881b30ea790359d2745aae9cc6a9db0426b7759b56b09bf399f3868c3e2,COPIED
INK_Core_Main_Program_v1.6.5_RC/tests/wp2/generate-runtime-evidence.mjs,qa/core/tests/wp2/generate-runtime-evidence.mjs,QA,885,89d38509be04cff7b23dd4bf45e4cbbc7d231d7775aa609dd2f7b00bec46fc84,COPIED
INK_Core_Main_Program_v1.6.5_RC/tests/wp3_browser_runtime_evidence.py,qa/core/tests/wp3_browser_runtime_evidence.py,QA,11830,720ab65245f140258c0f134b5765b9ac40e83c1ad4573419d5f4c428ac42b4d5,COPIED
INK_Core_Main_Program_v1.6.5_RC/tests/wp4_browser_runtime_evidence.py,qa/core/tests/wp4_browser_runtime_evidence.py,QA,19810,e9903487570844c3e78d992b43ac46badfa83e60ff2351739c7891f0b3ada875,COPIED
INK_Core_Main_Program_v1.6.5_RC/tests/wp5_browser_runtime_evidence.py,qa/core/tests/wp5_browser_runtime_evidence.py,QA,20351,831c0695caa3b75a22b11e5b8c088ff9d66ad6b62be28da2690fd628acc1fac3,COPIED
INK_Core_Main_Program_v1.6.5_RC/tests/wp5_browser_runtime_finish.py,qa/core/tests/wp5_browser_runtime_finish.py,QA,11768,31779d1dd4c172d1096d886fdbfdbaa6d7cd7fb386449aaca217f509a11dc3a8,COPIED
INK_Core_Main_Program_v1.6.5_RC/tests/wp6/flora-wp6.test.mjs,qa/core/tests/wp6/flora-wp6.test.mjs,QA,13716,a8198ca94fd300d7992aabcf58b26301094ca55392793d924fe996c3a5529448,COPIED
INK_Core_Main_Program_v1.6.5_RC/tests/wp6_browser_runtime_evidence.py,qa/core/tests/wp6_browser_runtime_evidence.py,QA,18157,460a8b898c30df70531557279634a8414733ecc15c4af77eb9436e07df1d78a2,COPIED
INK_Core_Main_Program_v1.6.5_RC/tests/wp6_runtime_transaction_evidence.mjs,qa/core/tests/wp6_runtime_transaction_evidence.mjs,QA,3014,1fabfb16f990d8ec235ac0030cee1ee1ae06b498ea9937cec0b95c89c6fa429d,COPIED
INK_Core_Main_Program_v1.6.5_RC/tests/wp7_browser_runtime_evidence.py,qa/core/tests/wp7_browser_runtime_evidence.py,QA,3924,b7e7553e4100842f3ce8018d1be364088fd8d1078a0f6efb90439db0cd9105cd,COPIED
INK_Core_Main_Program_v1.6.5_RC/tests/wp7_evidence_contact_sheet.py,qa/core/tests/wp7_evidence_contact_sheet.py,QA,6987,a0e6f72adfe7936bedf460c51aee5da4351a10280dbf18468782e42b661e718a,COPIED
INK_Core_Main_Program_v1.6.5_RC/tests/wp7_local_render_evidence.py,qa/core/tests/wp7_local_render_evidence.py,QA,2223,f58ee06ef50597858e9438c09c1c817a8aaa8a54c114e4c5327e9b0189dce5c3,COPIED
INK_Core_Main_Program_v1.6.5_RC/tests/wp7_runtime_transaction_evidence.mjs,qa/core/tests/wp7_runtime_transaction_evidence.mjs,QA,9114,f3033625220bb289d7b2d4b6f6810de078252464018d3670e7429c3c1fba9568,COPIED
INK_Core_Main_Program_v1.6.5_RC/tests/wp7r_browser_runtime_evidence.py,qa/core/tests/wp7r_browser_runtime_evidence.py,QA,4892,8fb96bd7ad3e6914b31ba90b8ccd9bd5100861d1fc83dba445f4fc72f9c1167c,COPIED
INK_Core_Main_Program_v1.6.5_RC/tests/wp7r_partition_evidence.mjs,qa/core/tests/wp7r_partition_evidence.mjs,QA,4240,d555e7c8ac80b04a0211e11d4cb8bea34b3fa9fc4f4eb372ca993adc38d218d0,COPIED
INK_Core_Main_Program_v1.6.5_RC/tests/wp7r_runtime_transaction_evidence.mjs,qa/core/tests/wp7r_runtime_transaction_evidence.mjs,QA,9138,ce434ca5150fdacd5930234a68126a8e44f68c1cd50cb24c5986a4a8004fbf66,COPIED
INK_Core_Main_Program_v1.6.5_RC/tests/wp7r_visual_evidence.py,qa/core/tests/wp7r_visual_evidence.py,QA,3708,566687cc1155cbdd8a69d99420d737b6d70240443d0924a1706be49c5c157b89,COPIED
INK_Core_Main_Program_v1.6.5_RC/tests/wp8_browser_runtime_evidence.py,qa/core/tests/wp8_browser_runtime_evidence.py,QA,2698,09c415b1a1c427c8fd62b4b257c3f27c02ed52f595bd516b4ee9b94146b86d5b,COPIED
INK_Core_Main_Program_v1.6.5_RC/tests/wp8a_browser_render.py,qa/core/tests/wp8a_browser_render.py,QA,3823,620dead17f80a00ef139fd6e18a04ad459566d645da64a4ff38240a0bd943daa,COPIED
INK_Core_Main_Program_v1.6.5_RC/tests/wp8a_canvas_webgl_comparison.py,qa/core/tests/wp8a_canvas_webgl_comparison.py,QA,1201,a5eac2502bc770d29bc9ca49c6b0ca2c21e1e8de96d2238bc8eb067f92ed41a6,COPIED
INK_Core_Main_Program_v1.6.5_RC/tests/wp8a_renderer_diagnostics.mjs,qa/core/tests/wp8a_renderer_diagnostics.mjs,QA,2877,d999349a656006b8fdd876f37284b597afbe62955632eddd9f9846395b489964,COPIED
INK_Core_Main_Program_v1.6.5_RC/tests/wp8a_runtime_transaction_evidence.mjs,qa/core/tests/wp8a_runtime_transaction_evidence.mjs,QA,5810,d34b3812ef6a7bf83dc6419abfd6a4215c4dcc033739e083f408c52269ceccef,COPIED
INK_Core_Main_Program_v1.6.5_RC/tests/wp8a_visual_evidence.py,qa/core/tests/wp8a_visual_evidence.py,QA,7166,790b6b3d94455e263ddc7b719ca155dcc1c110a465166a65c3ca1117ad43592d,COPIED
INK_Core_Main_Program_v1.6.5_RC/tests/wp8b_browser_render.py,qa/core/tests/wp8b_browser_render.py,QA,4099,66057a33cdc0d758f1ce3ecf0efffd6d68c7796fc216eb6ddd8d06914452a903,COPIED
INK_Core_Main_Program_v1.6.5_RC/tests/wp8b_runtime_transaction_evidence.mjs,qa/core/tests/wp8b_runtime_transaction_evidence.mjs,QA,5809,5d83c16aba48c79cdc4e6c7d098cac041ae26a3a56be2c2051d05e943bcfdf63,COPIED
INK_Core_Main_Program_v1.6.5_RC/tests/wp8b_visual_evidence.py,qa/core/tests/wp8b_visual_evidence.py,QA,7738,49ae2560f776c574d23f7b4da6cea48a2bdb29ecc900e54b0baa3da7f978f339,COPIED
INK_Core_Main_Program_v1.6.5_RC/tests/wp9a_browser_runtime.py,qa/core/tests/wp9a_browser_runtime.py,QA,8221,6bf629110da450b842e12424a8bba5f0e080ff73bdeed9a5a105715df59de287,COPIED
INK_Core_Main_Program_v1.6.5_RC/tests/wp9a_r1b_browser_runtime.py,qa/core/tests/wp9a_r1b_browser_runtime.py,QA,14899,ce45ee51ab6d781162de68b36118f57259ed67a5e3284ec10335e2364fdb653f,COPIED
INK_Core_Main_Program_v1.6.5_RC/tests/wp9a_r1b_reliability_resume.py,qa/core/tests/wp9a_r1b_reliability_resume.py,QA,3496,742c0d4b9924fcfb990f51dec0ca73644fff7fa1f76ada027c09cb48b75a7c35,COPIED
INK_Core_Main_Program_v1.6.5_RC/tests/wp9a_r1b_rollback_resume.py,qa/core/tests/wp9a_r1b_rollback_resume.py,QA,2643,d9f4940d0345a19a26a0850da4f5f225d90970947f71c9c6d7d45ae44329fb98,COPIED
INK_Core_Main_Program_v1.6.5_RC/tests/wp9a_r1b_structural_validation.mjs,qa/core/tests/wp9a_r1b_structural_validation.mjs,QA,3830,6b0556251f91cfd1a2bca80f48da748bcf698ed7eeb762a182ecf404f4f2a247,COPIED
INK_Core_Main_Program_v1.6.5_RC/tests/wp9a_r1b_validation_resume.py,qa/core/tests/wp9a_r1b_validation_resume.py,QA,7006,345dbae7b79c272e5f402c86279906f22c486ab142bdbaaba16bcc5f97972cb2,COPIED
INK_Core_Main_Program_v1.6.5_RC/tests/wp9a_r1c1_browser_runtime.py,qa/core/tests/wp9a_r1c1_browser_runtime.py,QA,17032,e06313184566c305d38ba92affe7e90a90d85e81594aa789676a0af532da7193,COPIED
INK_Core_Main_Program_v1.6.5_RC/tests/wp9a_r1c1_roundtrip_export.py,qa/core/tests/wp9a_r1c1_roundtrip_export.py,QA,2537,2a0faa75a2758538732e2437480ac8c9285b0a924f4a29b638d3346acd346780,COPIED
INK_Core_Main_Program_v1.6.5_RC/tests/wp9a_r1c1_spatial_raster_tests.py,qa/core/tests/wp9a_r1c1_spatial_raster_tests.py,QA,10393,35132895f2ba8b2eaecfd2467cca9df3756db76fab8e24d5f9ce6e4df2a996e4,COPIED
INK_Core_Main_Program_v1.6.5_RC/tests/wp9a_r1c_browser_runtime.py,qa/core/tests/wp9a_r1c_browser_runtime.py,QA,21224,f4d399ef792c8aaaa6c3459bc57189dc554ce1935b7c1c42c764d162b8cad401,COPIED
INK_Core_Main_Program_v1.6.5_RC/tests/wp9a_r1c_runtime_resume.py,qa/core/tests/wp9a_r1c_runtime_resume.py,QA,15120,294b571c0981a9d8970eeb00e903336e9748be9b43402d3cb78c5b3ac67eb9f3,COPIED
INK_Core_Main_Program_v1.6.5_RC/tests/wp9a_r2_browser_runtime.py,qa/core/tests/wp9a_r2_browser_runtime.py,QA,16961,4cfcb8b29e869d83cedee8e72dd00e9a6e2a2c541e85a3cea657aabf95da6890,COPIED
INK_Core_Main_Program_v1.6.5_RC/tests/wp9a_r2_identity_recovery_preview.py,qa/core/tests/wp9a_r2_identity_recovery_preview.py,QA,2586,3317b12d9fa537290c3fdb29a5c3811840a4422995ae0646357d0ac2a8d23672,COPIED
INK_Core_Main_Program_v1.6.5_RC/tests/wp9a_r2_minimal_render.py,qa/core/tests/wp9a_r2_minimal_render.py,QA,2466,ff6d3c48483746cda39b90a4ceecf1e80e9545fbcb187ec694ce2caeb7a4a4bb,COPIED
INK_Core_Main_Program_v1.6.5_RC/tests/wp9a_runtime_transaction_evidence.mjs,qa/core/tests/wp9a_runtime_transaction_evidence.mjs,QA,6318,67fe8513c3447cb9f66b4579079ef02a9f751a7e179c33902d2f8430f5de0953,COPIED
INK_Core_Main_Program_v1.6.5_RC/tsconfig.json,engineering/source/tsconfig.json,ENGINEERING,245,c31bebf1e39454c257103df02b760fce447b1d0ab55ef48df0c83539eac712dc,COPIED
INK_Core_Main_Program_v1.6.5_RC/vendor/wrappy/package.json,product/source/vendor/wrappy/package.json,PRODUCT,71,54fa75d97876f390a0ca83595c2223285c4dee929954d67e329d4d678ba4ccb1,COPIED
INK_Core_Main_Program_v1.6.5_RC/vendor/wrappy/wrappy.js,product/source/vendor/wrappy/wrappy.js,PRODUCT,575,d982d2041f525d6cc51027235444413b75885625cf6a74ca2cc457be45ba3cb8,COPIED
